{
    "exact_max_cut_value": 9,
    "graph_metadata": {
        "density_edges": 0.5,
        "filepath": "data/generated_graphs/graph_n8_d0.50_id1.gpickle",
        "id": 1,
        "n_vertices": 8,
        "seed": 751465
    },
    "metrics": {
        "all_trajectories": [
            [
                [
                    5.121189225617781,
                    0.13221612020418336
                ],
                [
                    6.121189225617781,
                    0.13221612020418336
                ],
                [
                    6.121189225617781,
                    0.13221612020418336
                ],
                [
                    6.130575596634416,
                    0.18132717842061838
                ],
                [
                    6.090404898982635,
                    0.2729040043656641
                ],
                [
                    6.002706289761417,
                    0.3209555802052146
                ],
                [
                    6.002706289761417,
                    0.3209555802052146
                ],
                [
                    6.002706289761417,
                    0.3209555802052146
                ],
                [
                    6.0074472941218735,
                    0.32254393710910545
                ],
                [
                    6.0074472941218735,
                    0.32254393710910545
                ],
                [
                    6.001926411625907,
                    0.3308817939359959
                ],
                [
                    6.001926411625907,
                    0.3308817939359959
                ],
                [
                    6.001926411625907,
                    0.3308817939359959
                ],
                [
                    6.001926411625907,
                    0.3308817939359959
                ],
                [
                    6.001926411625907,
                    0.3308817939359959
                ],
                [
                    6.001926411625907,
                    0.3308817939359959
                ],
                [
                    6.001926411625907,
                    0.3308817939359959
                ],
                [
                    6.001926411625907,
                    0.3308817939359959
                ],
                [
                    6.001926411625907,
                    0.3308817939359959
                ]
            ]
        ],
        "approximation_ratio": 1.0,
        "circuit_depth": 10,
        "num_parameters": 0,
        "optimization_history": {
            "fun": [
                -4.0302734375,
                -6.169921875,
                -5.5283203125,
                -5.078125,
                -4.796875,
                -5.2099609375,
                -6.44921875,
                -6.8369140625,
                -7.1357421875,
                -7.03125,
                -7.109375,
                -7.107421875,
                -7.0986328125,
                -7.181640625,
                -7.1044921875,
                -7.095703125,
                -7.1923828125,
                -7.1298828125,
                -7.1318359375,
                -7.0859375,
                -7.041015625,
                -7.169921875,
                -7.060546875,
                -7.13671875,
                -7.1572265625,
                -7.0888671875,
                -7.0712890625,
                -7.08984375,
                -7.1484375,
                -7.12109375,
                -7.142578125
            ],
            "params": [
                [
                    5.121189225617781,
                    0.13221612020418336
                ],
                [
                    6.121189225617781,
                    0.13221612020418336
                ],
                [
                    6.121189225617781,
                    1.1322161202041834
                ],
                [
                    7.079051600749847,
                    -0.1550114381991792
                ],
                [
                    5.670709903434175,
                    -0.08473636372950916
                ],
                [
                    6.3667445166999554,
                    0.08528426512100701
                ],
                [
                    6.130575596634416,
                    0.18132717842061838
                ],
                [
                    6.090404898982635,
                    0.2729040043656641
                ],
                [
                    6.002706289761417,
                    0.3209555802052146
                ],
                [
                    5.965793604216698,
                    0.4138934823005202
                ],
                [
                    5.960131354964302,
                    0.29473774415756593
                ],
                [
                    6.00926074877333,
                    0.3103118465059358
                ],
                [
                    5.994764505241963,
                    0.34466060200749427
                ],
                [
                    6.0074472941218735,
                    0.32254393710910545
                ],
                [
                    6.017314810841839,
                    0.3241663161588958
                ],
                [
                    6.0082584836467685,
                    0.3176101787491226
                ],
                [
                    6.001926411625907,
                    0.3308817939359959
                ],
                [
                    5.992926126051997,
                    0.32652348467802983
                ],
                [
                    6.005585304880952,
                    0.33428950580001565
                ],
                [
                    6.0010744836599015,
                    0.33179651724975734
                ],
                [
                    6.003355737757852,
                    0.32883069013351823
                ],
                [
                    6.0011187802025585,
                    0.33147148155162054
                ],
                [
                    6.0016315678180945,
                    0.33047797822432196
                ],
                [
                    6.002582521242,
                    0.33163645953854454
                ],
                [
                    6.00179791430144,
                    0.33039858752295403
                ],
                [
                    6.002047213229167,
                    0.33084966960487916
                ],
                [
                    6.001691110112324,
                    0.3309662521961329
                ],
                [
                    6.001943303277934,
                    0.3309288542387126
                ],
                [
                    6.001915168072632,
                    0.3307824280338476
                ],
                [
                    6.001976094576981,
                    0.33087617215935833
                ],
                [
                    6.001834765597071,
                    0.3309218065015041
                ]
            ]
        },
        "optimization_iterations": 31,
        "qaoa_cut_value": 9,
        "termination_reason": "Return from COBYLA because the trust region radius reaches its lower bound.",
        "total_shots": 1024,