{
    "exact_max_cut_value": 2,
    "graph_metadata": {
        "density_edges": 0.5,
        "filepath": "data/generated_graphs/graph_n4_d0.50_id3.gpickle",
        "id": 3,
        "n_vertices": 4,
        "seed": 117308
    },
    "metrics": {
        "all_trajectories": [
            [
                [
                    5.083650778465938,
                    4.119438106458746
                ],
                [
                    5.083650778465938,
                    4.119438106458746
                ],
                [
                    5.083650778465938,
                    4.119438106458746
                ],
                [
                    5.318829188045673,
                    4.0346376603069345
                ],
                [
                    5.318829188045673,
                    4.0346376603069345
                ],
                [
                    5.2815710928534125,
                    3.941837690788381
                ],
                [
                    5.209616680835163,
                    3.7552296454336647
                ],
                [
                    5.0871464479439545,
                    3.5971124671905237
                ],
                [
                    4.913584866306831,
                    3.6964924318696286
                ],
                [
                    4.726642845582373,
                    3.625410219696283
                ],
                [
                    4.726642845582373,
                    3.625410219696283
                ],
                [
                    4.726642845582373,
                    3.625410219696283
                ],
                [
                    4.726642845582373,
                    3.625410219696283
                ],
                [
                    4.726642845582373,
                    3.625410219696283
                ],
                [
                    4.726642845582373,
                    3.625410219696283
                ],
                [
                    4.726642845582373,
                    3.625410219696283
                ],
                [
                    4.726642845582373,
                    3.625410219696283
                ],
                [
                    4.726642845582373,
                    3.625410219696283
                ],
                [
                    4.726642845582373,
                    3.625410219696283
                ],
                [
                    4.726642845582373,
                    3.625410219696283
                ],
                [
                    4.726642845582373,
                    3.625410219696283
                ],
                [
                    4.726642845582373,
                    3.625410219696283
                ],
                [
                    4.726642845582373,
                    3.625410219696283
                ],
                [
                    4.726642845582373,
                    3.625410219696283
                ],
                [
                    4.726642845582373,
                    3.625410219696283
                ]
            ]
        ],
        "approximation_ratio": 1.0,
        "circuit_depth": 7,
        "num_parameters": 0,
        "optimization_history": {
            "fun": [
                -1.251953125,
                -1.0595703125,
                -0.900390625,
                -1.1806640625,
                -1.041015625,
                -1.3232421875,
                -1.2919921875,
                -1.2763671875,
                -1.4287109375,
                -1.5625,
                -1.6005859375,
                -1.62890625,
                -1.6630859375,
                -1.5625,
                -1.5146484375,
                -1.64453125,
                -1.6201171875,
                -1.6611328125,
                -1.619140625,
                -1.65625,
                -1.650390625,
                -1.6162109375,
                -1.63671875,
                -1.65234375,
                -1.6474609375,
                -1.6142578125,
                -1.65234375,
                -1.6435546875,
                -1.6376953125,
                -1.634765625,
                -1.646484375,
                -1.634765625,
                -1.64453125,
                -1.646484375,
                -1.650390625,
                -1.609375
            ],