{
    "exact_max_cut_value": 2,
    "graph_metadata": {
        "density_edges": 0.1,
        "filepath": "data/generated_graphs/graph_n4_d0.10_id4.gpickle",
        "id": 4,
        "n_vertices": 4,
        "seed": 604751
    },
    "metrics": {
        "all_trajectories": [
            [
                [
                    1.1918701250773573,
                    2.9295703655428307
                ],
                [
                    1.1918701250773573,
                    2.9295703655428307
                ],
                [
                    1.1918701250773573,
                    2.9295703655428307
                ],
                [
                    1.1827284617137424,
                    2.679737561469894
                ],
                [
                    1.1827284617137424,
                    2.679737561469894
                ],
                [
                    1.1827284617137424,
                    2.679737561469894
                ],
                [
                    1.1834022703871283,
                    2.579739831586303
                ],
                [
                    1.1834022703871283,
                    2.579739831586303
                ],
                [
                    1.1834022703871283,
                    2.579739831586303
                ],
                [
                    1.1831443077547006,
                    2.574746490492379
                ],
                [
                    1.1831443077547006,
                    2.574746490492379
                ],
                [
                    1.1831443077547006,
                    2.574746490492379
                ],
                [
                    1.1831443077547006,
                    2.574746490492379
                ],
                [
                    1.1831443077547006,
                    2.574746490492379
                ],
                [
                    1.1831443077547006,
                    2.574746490492379
                ],
                [
                    1.1831443077547006,
                    2.574746490492379
                ],
                [
                    1.1831443077547006,
                    2.574746490492379
                ],
                [
                    1.1831686309586407,
                    2.574702805463478
                ],
                [
                    1.1831686309586407,
                    2.574702805463478
                ]
            ]
        ],
        "approximation_ratio": 1.0,
        "circuit_depth": 7,
        "num_parameters": 0,
        "optimization_history": {
            "fun": [
                -1.3740234375,
                -1.3134765625,
                -0.552734375,
                -1.1142578125,
                -0.57421875,
                -1.5966796875,
                -1.5390625,
                -1.5947265625,
                -1.5458984375,
                -1.6025390625,
                -1.56640625,
                -1.552734375,
                -1.5986328125,
                -1.6201171875,
                -1.6171875,
                -1.6025390625,
                -1.607421875,
                -1.5849609375,
                -1.6064453125,
                -1.59765625,
                -1.5869140625,
                -1.603515625,
                -1.5849609375,
                -1.607421875,
                -1.591796875,
                -1.6220703125,
                -1.5966796875,
                -1.5888671875
            ],
            "params": [
                [
                    1.1918701250773573,
                    2.9295703655428307
                ],
                [
                    2.191870125077357,
                    2.9295703655428307
                ],
                [
                    1.1918701250773573,
                    3.9295703655428307
                ],
                [
                    1.1183478874655384,
                    1.9322767876147708
                ],
                [
                    1.0804743548519697,
                    3.41700341979325
                ],
                [
                    1.1827284617137424,
                    2.679737561469894
                ],
                [
                    1.1657412396215907,
                    2.430315360602385
                ],
                [
                    1.1328440215402407,
                    2.683135005888324
                ],
                [
                    1.2061000056274416,
                    2.7769680656087186
                ],
                [
                    1.1834022703871283,
                    2.579739831586303
                ],
                [
                    1.235028292228647,
                    2.4940966539898413
                ],
                [
                    1.133559243834801,
                    2.575780954964835
                ],
                [
                    1.2083689758567486,
                    2.578450018424164
                ],
                [
                    1.1831443077547006,
                    2.574746490492379
                ],
                [
                    1.1821854764748296,
                    2.5647925645042706
                ],
                [
                    1.1781673447606464,
                    2.575225906132314
                ],
                [
                    1.1931434770797693,
                    2.574617599807662
                ],
                [
                    1.1783949343271152,
                    2.5763096450098035
                ],
                [
                    1.1856404199159432,
                    2.574607120199646
                ],
                [
                    1.1831721818132472,
                    2.5752457129246276
                ],
                [
                    1.1829683092171122,
                    2.5737621000643642
                ],
                [
                    1.1826521125406932,
                    2.574834489761173
                ],
                [
                    1.1839648266610925,
                    2.5753181098799556
                ],
                [
                    1.1827200929525021,
                    2.575011144609286
                ],
                [
                    1.1833627328992062,
                    2.574868106512079
                ],
                [
                    1.1831686309586407,
                    2.574702805463478
                ],
                [
                    1.183101891942337,
                    2.5746283346389705
                ],
                [
                    1.183261848588482,
                    2.5747390059259994
                ]
            ]
        },
        "optimization_iterations": 28,
        "qaoa_cut_value": 2,
        "termination_reason": "Return from COBYLA because the trust region radius reaches its lower bound.",
        "total_shots": 1024,