{
    "exact_max_cut_value": 6,
    "graph_metadata": {
        "density_edges": 0.1,
        "filepath": "data/generated_graphs/graph_n8_d0.10_id5.gpickle",
        "id": 5,
        "n_vertices": 8,
        "seed": 311837
    },
    "metrics": {
        "all_trajectories": [
            [
                [
                    2.995829966059891,
                    1.1908698736907823
                ],
                [
                    2.101402775059975,
                    2.63808346919074
                ],
                [
                    2.101402775059975,
                    2.63808346919074
                ],
                [
                    2.101402775059975,
                    2.63808346919074
                ],
                [
                    2.101402775059975,
                    2.63808346919074
                ],
                [
                    2.0763328750597676,
                    2.886823293332311
                ],
                [
                    2.0763328750597676,
                    2.886823293332311
                ],
                [
                    2.0763328750597676,
                    2.886823293332311
                ],
                [
                    1.9778157940250596,
                    2.903980937238185
                ],
                [
                    1.9778157940250596,
                    2.903980937238185
                ],
                [
                    1.9778157940250596,
                    2.903980937238185
                ],
                [
                    1.9778157940250596,
                    2.903980937238185
                ],
                [
                    1.9778157940250596,
                    2.903980937238185
                ],
                [
                    1.9778157940250596,
                    2.903980937238185
                ],
                [
                    1.9778157940250596,
                    2.903980937238185
                ],
                [
                    1.9778157940250596,
                    2.903980937238185
                ],
                [
                    1.9778157940250596,
                    2.903980937238185
                ],
                [
                    1.9778157940250596,
                    2.903980937238185
                ],
                [
                    1.9778157940250596,
                    2.903980937238185
                ],
                [
                    1.9778157940250596,
                    2.903980937238185
                ],
                [
                    1.9778157940250596,
                    2.903980937238185
                ],
                [
                    1.9778157940250596,
                    2.903980937238185
                ],
                [
                    1.9778157940250596,
                    2.903980937238185
                ]
            ]
        ],
        "approximation_ratio": 1.0,
        "circuit_depth": 11,
        "num_parameters": 0,
        "optimization_history": {
            "fun": [
                -3.017578125,
                -2.99609375,
                -3.0283203125,
                -3.4833984375,
                -3.0791015625,
                -2.45703125,
                -3.220703125,
                -3.2373046875,
                -3.931640625,
                -2.1396484375,
                -3.6982421875,
                -3.91015625,
                -4.02734375,
                -4.0029296875,
                -3.9638671875,
                -3.84375,
                -3.9013671875,
                -3.9521484375,
                -3.9716796875,
                -3.9755859375,
                -3.8828125,
                -3.9814453125,
                -3.9443359375,
                -3.9541015625,
                -3.974609375,
                -3.8896484375,
                -3.9482421875,
                -3.9423828125,
                -3.974609375,
                -3.9482421875,
                -3.931640625,
                -3.9677734375,
                -3.951171875,
                -3.951171875
            ],