{
    "exact_max_cut_value": 6,
    "graph_metadata": {
        "density_edges": 0.1,
        "filepath": "data/generated_graphs/graph_n8_d0.10_id1.gpickle",
        "id": 1,
        "n_vertices": 8,
        "seed": 246446
    },
    "metrics": {
        "all_trajectories": [
            [
                [
                    0.9498987328565104,
                    0.6245471392585278
                ],
                [
                    0.9498987328565104,
                    0.6245471392585278
                ],
                [
                    1.3741513161503798,
                    0.35995359139978206
                ],
                [
                    1.3741513161503798,
                    0.35995359139978206
                ],
                [
                    1.1823514846783587,
                    0.5203057808058025
                ],
                [
                    1.1823514846783587,
                    0.5203057808058025
                ],
                [
                    1.1823514846783587,
                    0.5203057808058025
                ],
                [
                    1.1823514846783587,
                    0.5203057808058025
                ],
                [
                    1.1823514846783587,
                    0.5203057808058025
                ],
                [
                    1.1823514846783587,
                    0.5203057808058025
                ],
                [
                    1.1823514846783587,
                    0.5203057808058025
                ],
                [
                    1.1823514846783587,
                    0.5203057808058025
                ],
                [
                    1.1810122760543198,
                    0.5154884661740496
                ],
                [
                    1.1810122760543198,
                    0.5154884661740496
                ],
                [
                    1.1810122760543198,
                    0.5154884661740496
                ],
                [
                    1.1818981704643816,
                    0.515024579232844
                ],
                [
                    1.1818981704643816,
                    0.515024579232844
                ],
                [
                    1.1818981704643816,
                    0.515024579232844
                ],
                [
                    1.1818981704643816,
                    0.515024579232844
                ],
                [
                    1.1818981704643816,
                    0.515024579232844
                ],
                [
                    1.1819978430789535,
                    0.5150164940671448
                ],
                [
                    1.1819978430789535,
                    0.5150164940671448
                ]
            ]
        ],
        "approximation_ratio": 1.0,
        "circuit_depth": 6,
        "num_parameters": 0,
        "optimization_history": {
            "fun": [
                -3.998046875,
                -1.4580078125,
                -2.9541015625,
                -2.8466796875,
                -4.203125,
                -2.314453125,
                -3.41015625,
                -4.6884765625,
                -4.263671875,
                -4.6884765625,
                -4.5361328125,
                -4.5732421875,
                -4.640625,
                -4.6767578125,
                -4.6787109375,
                -4.6689453125,
                -4.669921875,
                -4.6904296875,
                -4.6865234375,
                -4.6865234375,
                -4.728515625,
                -4.701171875,
                -4.6572265625,
                -4.6767578125,
                -4.6552734375,
                -4.611328125,
                -4.7294921875,
                -4.6591796875,
                -4.6728515625
            ],
            "params": [
                [
                    0.9498987328565104,
                    0.6245471392585278
                ],
                [
                    1.9498987328565103,
                    0.6245471392585278
                ],
                [
                    0.9498987328565104,
                    1.6245471392585278
                ],
                [
                    0.02497043800290133,
                    0.24440552172738278
                ],
                [
                    1.3741513161503798,
                    0.35995359139978206
                ],
                [
                    1.294852173225995,
                    -0.13371800585031085
                ],
                [
                    1.497569215462903,
                    0.3401288056686858
                ],
                [
                    1.1823514846783587,
                    0.5203057808058025
                ],
                [
                    1.2213267699512653,
                    0.7672489466110046
                ],
                [
                    1.1502810467971547,
                    0.48194581451139823
                ],
                [
                    1.10563155208955,
                    0.5844466565682107
                ],
                [
                    1.259071417267167,
                    0.4561649050433943
                ],
                [
                    1.1439915183839544,
                    0.5523762186870066
                ],
                [
                    1.2015314678255609,
                    0.5042705618652005
                ],
                [
                    1.1746794914194778,
                    0.5267198683820433
                ],
                [
                    1.1791444408902383,
                    0.516469784176362
                ],
                [
                    1.1904347953160412,
                    0.5261930627877299
                ],
                [
                    1.1810122760543198,
                    0.5154884661740496
                ],
                [
                    1.1848918636752634,
                    0.5123342943506671
                ],
                [
                    1.178523230684752,
                    0.5152546860460822
                ],
                [
                    1.1818981704643816,
                    0.515024579232844
                ],
                [
                    1.1838196156268852,
                    0.5144695580733453
                ],
                [
                    1.1815701399496312,
                    0.5140799121055485
                ],
                [
                    1.1823013016932837,
                    0.5153203582251404
                ],
                [
                    1.181847206471014,
                    0.514779829010413
                ],
                [
                    1.1818492204198954,
                    0.5150347720315175
                ],
                [
                    1.1819978430789535,
                    0.5150164940671448
                ],
                [
                    1.182009232415859,
                    0.5151158433651033
                ],
                [
                    1.1819911414996478,
                    0.5149167188756651
                ]
            ]
        },
        "optimization_iterations": 29,
        "qaoa_cut_value": 6,
        "termination_reason": "Return from COBYLA because the trust region radius reaches its lower bound.",
        "total_shots": 1024,