{
    "exact_max_cut_value": 2,
    "graph_metadata": {
        "density_edges": 0.25,
        "filepath": "data/generated_graphs/graph_n4_d0.25_id3.gpickle",
        "id": 3,
        "n_vertices": 4,
        "seed": 782073
    },
    "metrics": {
        "all_trajectories": [
            [
                [
                    1.8948066031262698,
                    1.5040714404886264
                ],
                [
                    1.8948066031262698,
                    2.5040714404886266
                ],
                [
                    1.8948066031262698,
                    2.5040714404886266
                ],
                [
                    1.9889533107028188,
                    2.73566677172934
                ],
                [
                    1.9889533107028188,
                    2.73566677172934
                ],
                [
                    1.968128550106892,
                    2.6378591577817425
                ],
                [
                    1.968128550106892,
                    2.6378591577817425
                ],
                [
                    1.9181392102561121,
                    2.6368267328289035
                ],
                [
                    1.8181399832008207,
                    2.636433555586063
                ],
                [
                    1.7997750247946331,
                    2.5381343780577694
                ],
                [
                    1.7997750247946331,
                    2.5381343780577694
                ],
                [
                    1.7997750247946331,
                    2.5381343780577694
                ],
                [
                    1.7997750247946331,
                    2.5381343780577694
                ],
                [
                    1.7997750247946331,
                    2.5381343780577694
                ],
                [
                    1.7997750247946331,
                    2.5381343780577694
                ],
                [
                    1.7997750247946331,
                    2.5381343780577694
                ],
                [
                    1.7997750247946331,
                    2.5381343780577694
                ],
                [
                    1.7997750247946331,
                    2.5381343780577694
                ],
                [
                    1.7997750247946331,
                    2.5381343780577694
                ],
                [
                    1.7997750247946331,
                    2.5381343780577694
                ],
                [
                    1.7997750247946331,
                    2.5381343780577694
                ],
                [
                    1.7997750247946331,
                    2.5381343780577694
                ],
                [
                    1.7997750247946331,
                    2.5381343780577694
                ]
            ]
        ],
        "approximation_ratio": 1.0,
        "circuit_depth": 7,
        "num_parameters": 0,
        "optimization_history": {
            "fun": [
                -0.9794921875,
                -0.9716796875,
                -1.568359375,
                -0.4658203125,
                -1.3935546875,
                -1.5380859375,
                -1.5751953125,
                -1.5283203125,
                -1.4921875,
                -1.5888671875,
                -1.537109375,
                -1.62109375,
                -1.62890625,
                -1.6611328125,
                -1.4921875,
                -1.6240234375,
                -1.58203125,
                -1.607421875,
                -1.5712890625,
                -1.6103515625,
                -1.5966796875,
                -1.5869140625,
                -1.572265625,
                -1.638671875,
                -1.626953125,
                -1.6259765625,
                -1.634765625,
                -1.6318359375,
                -1.6162109375,
                -1.6328125,
                -1.60546875,
                -1.6220703125,
                -1.646484375
            ],
            "params": [
                [
                    1.8948066031262698,
                    1.5040714404886264
                ],
                [
                    2.89480660312627,
                    1.5040714404886264
                ],
                [
                    1.8948066031262698,
                    2.5040714404886266
                ],
                [
                    1.8815407722142492,
                    3.5039834454821728
                ],
                [
                    1.4762610168678436,
                    2.2305397380781193
                ],
                [
                    1.9631895287288967,
                    2.39943504392402
                ],
                [
                    1.9889533107028188,
                    2.73566677172934
                ],
                [
                    1.9004845193751272,
                    2.7822851475163337
                ],
                [
                    2.0122624985963156,
                    2.779901167393186
                ],
                [
                    1.968128550106892,
                    2.6378591577817425
                ],
                [
                    2.0556127717385952,
                    2.5894183592179805
                ],
                [
                    1.9181392102561121,
                    2.6368267328289035
                ],
                [
                    1.8181399832008207,
                    2.636433555586063
                ],
                [
                    1.7997750247946331,
                    2.5381343780577694
                ],
                [
                    1.752129105863362,
                    2.343892604977943
                ],
                [
                    1.7252928061762,
                    2.6048606780426775
                ],
                [
                    1.8064325301215778,
                    2.4885795839120797
                ],
                [
                    1.8121637233310557,
                    2.5397987543895058
                ],
                [
                    1.775373411262756,
                    2.5435714045466615
                ],
                [
                    1.7991881143629165,
                    2.528151616108031
                ],
                [
                    1.7929276600403699,
                    2.545422285571046
                ],
                [
                    1.804556510776123,
                    2.5395963602084186
                ],
                [
                    1.797416343454946,
                    2.538963004836127
                ],
                [
                    1.7996092994389616,
                    2.537662641789832
                ],
                [
                    1.800620394544894,
                    2.5386685596611067
                ],
                [
                    1.8000421155963018,
                    2.537711693182639
                ],
                [
                    1.7989250095428948,
                    2.5386611361348903
                ],
                [
                    1.799736965398222,
                    2.5376358286797287
                ],
                [
                    1.7999668009026493,
                    2.5382947586189175
                ],
                [
                    1.7997429486824035,
                    2.5381727332793727
                ],
                [
                    1.7998129772603726,
                    2.538041859895529
                ],
                [
                    1.799728765713513,
                    2.5381154018248995
                ],
                [
                    1.799828350647282,
                    2.5382189732907277
                ]
            ]
        },