{
    "exact_max_cut_value": 3,
    "graph_metadata": {
        "density_edges": 0.1,
        "filepath": "data/generated_graphs/graph_n4_d0.10_id3.gpickle",
        "id": 3,
        "n_vertices": 4,
        "seed": 909845
    },
    "metrics": {
        "all_trajectories": [
            [
                [
                    4.921209179682652,
                    3.645519964593014
                ],
                [
                    5.921209179682652,
                    3.645519964593014
                ],
                [
                    5.921209179682652,
                    3.645519964593014
                ],
                [
                    5.921209179682652,
                    3.645519964593014
                ],
                [
                    5.921209179682652,
                    3.645519964593014
                ],
                [
                    5.921209179682652,
                    3.645519964593014
                ],
                [
                    5.921209179682652,
                    3.645519964593014
                ],
                [
                    5.918010983666731,
                    3.64936334100494
                ],
                [
                    5.918010983666731,
                    3.64936334100494
                ],
                [
                    5.918010983666731,
                    3.64936334100494
                ],
                [
                    5.918010983666731,
                    3.64936334100494
                ],
                [
                    5.918010983666731,
                    3.64936334100494
                ],
                [
                    5.918010983666731,
                    3.64936334100494
                ],
                [
                    5.918010983666731,
                    3.64936334100494
                ],
                [
                    5.918010983666731,
                    3.64936334100494
                ],
                [
                    5.918010983666731,
                    3.64936334100494
                ],
                [
                    5.918010983666731,
                    3.64936334100494
                ]
            ]
        ],
        "approximation_ratio": 1.0,
        "circuit_depth": 5,
        "num_parameters": 0,
        "optimization_history": {
            "fun": [
                -0.91796875,
                -2.3037109375,
                -1.6884765625,
                -1.255859375,
                -1.44921875,
                -2.212890625,
                -2.01171875,
                -2.275390625,
                -2.236328125,
                -2.296875,
                -2.29296875,
                -2.3515625,
                -2.333984375,
                -2.310546875,
                -2.3291015625,
                -2.263671875,
                -2.31640625,
                -2.298828125,
                -2.3076171875,
                -2.337890625,
                -2.3212890625,
                -2.302734375,
                -2.2763671875,
                -2.2880859375,
                -2.337890625,
                -2.2724609375
            ],
            "params": [
                [
                    4.921209179682652,
                    3.645519964593014
                ],
                [
                    5.921209179682652,
                    3.645519964593014
                ],
                [
                    5.921209179682652,
                    4.645519964593014
                ],
                [
                    6.835180021671798,
                    3.239740098170772
                ],
                [
                    5.4624385553337955,
                    3.4466996581991234
                ],
                [
                    5.970914256281125,
                    3.5308273085058
                ],
                [
                    6.0934142967020275,
                    3.8267529573739734
                ],
                [
                    5.821234589639986,
                    3.647774148658463
                ],
                [
                    5.952481739891772,
                    3.740504315819766
                ],
                [
                    5.937005745886627,
                    3.5980808615643585
                ],
                [
                    5.940426061742281,
                    3.661510944672619
                ],
                [
                    5.918010983666731,
                    3.64936334100494
                ],
                [
                    5.911276256724248,
                    3.6567554620138383
                ],
                [
                    5.914314923162282,
                    3.6459959775336985
                ],
                [
                    5.9266501386334935,
                    3.654399708888669
                ],
                [
                    5.916772423650189,
                    3.644519172440013
                ],
                [
                    5.919222025807962,
                    3.6490537010008044
                ],
                [
                    5.916285278050993,
                    3.651172191503962
                ],
                [
                    5.917470875536911,
                    3.648521745372761
                ],
                [
                    5.917794904483391,
                    3.650339716847803
                ],
                [
                    5.917587253065143,
                    3.649097912337916
                ],
                [
                    5.918077340833487,
                    3.649257408354543
                ],
                [
                    5.917912287011717,
                    3.6495930342140017
                ],
                [
                    5.918079165249071,
                    3.6492901886172167
                ],
                [
                    5.918047559860592,
                    3.64939743179611
                ],
                [
                    5.9179194240087085,
                    3.6494035508174583
                ]
            ]
        },
        "optimization_iterations": 26,
        "qaoa_cut_value": 3,
        "termination_reason": "Return from COBYLA because the trust region radius reaches its lower bound.",
        "total_shots": 1024,