{
    "exact_max_cut_value": 14,
    "graph_metadata": {
        "density_edges": 0.75,
        "filepath": "data/generated_graphs/graph_n8_d0.75_id0.gpickle",
        "id": 0,
        "n_vertices": 8,
        "seed": 125414
    },
    "metrics": {
        "all_trajectories": [
            [
                [
                    2.9473904659451757,
                    5.739409783567759
                ],
                [
                    2.3821590256511582,
                    4.914477411246761
                ],
                [
                    2.3821590256511582,
                    4.914477411246761
                ],
                [
                    2.3821590256511582,
                    4.914477411246761
                ],
                [
                    2.3821590256511582,
                    4.914477411246761
                ],
                [
                    2.3821590256511582,
                    4.914477411246761
                ],
                [
                    2.411667100728747,
                    5.010024643049756
                ],
                [
                    2.411667100728747,
                    5.010024643049756
                ],
                [
                    2.411667100728747,
                    5.010024643049756
                ],
                [
                    2.411667100728747,
                    5.010024643049756
                ],
                [
                    2.411667100728747,
                    5.010024643049756
                ],
                [
                    2.4366669927758973,
                    5.009951174479337
                ],
                [
                    2.4366669927758973,
                    5.009951174479337
                ],
                [
                    2.4366669927758973,
                    5.009951174479337
                ],
                [
                    2.4366669927758973,
                    5.009951174479337
                ],
                [
                    2.4366669927758973,
                    5.009951174479337
                ],
                [
                    2.4366669927758973,
                    5.009951174479337
                ],
                [
                    2.4366669927758973,
                    5.009951174479337
                ],
                [
                    2.4366669927758973,
                    5.009951174479337
                ],
                [
                    2.4365676842449564,
                    5.010027087690851
                ],
                [
                    2.4365676842449564,
                    5.010027087690851
                ]
            ]
        ],
        "approximation_ratio": 1.0,
        "circuit_depth": 17,
        "num_parameters": 0,
        "optimization_history": {
            "fun": [
                -10.2607421875,
                -10.0078125,
                -9.8916015625,
                -10.5078125,
                -10.46484375,
                -10.484375,
                -10.240234375,
                -10.5068359375,
                -10.4716796875,
                -10.6123046875,
                -10.3564453125,
                -10.546875,
                -10.6123046875,
                -10.572265625,
                -10.67578125,
                -10.5654296875,
                -10.6708984375,
                -10.5302734375,
                -10.64453125,
                -10.5478515625,
                -10.65234375,
                -10.6455078125,
                -10.6083984375,
                -10.61328125,
                -10.552734375,
                -10.623046875,
                -10.583984375,
                -10.6982421875,
                -10.5400390625,
                -10.53515625,
                -10.53515625
            ],
            "params": [
                [
                    2.9473904659451757,
                    5.739409783567759
                ],
                [
                    3.9473904659451757,
                    5.739409783567759
                ],
                [
                    2.9473904659451757,
                    6.739409783567759
                ],
                [
                    2.3821590256511582,
                    4.914477411246761
                ],
                [
                    1.4873574293973442,
                    4.468013411195663
                ],
                [
                    2.6375166509113,
                    4.484602448936206
                ],
                [
                    2.44294376097591,
                    5.156975279178625
                ],
                [
                    2.3336594520647855,
                    4.926634358311711
                ],
                [
                    2.359618941516819,
                    4.81705079985533
                ],
                [
                    2.411667100728747,
                    5.010024643049756
                ],
                [
                    2.4639102867803206,
                    5.2030807217190915
                ],
                [
                    2.4970069711213454,
                    4.957898771149378
                ],
                [
                    2.4119609750104254,
                    5.110024211238357
                ],
                [
                    2.361667316634447,
                    5.010171580190595
                ],
                [
                    2.4366669927758973,
                    5.009951174479337
                ],
                [
                    2.4866667768701975,
                    5.009804237338498
                ],
                [
                    2.4366302584906876,
                    4.997451228455762
                ],
                [
                    2.4120625106749474,
                    5.014380560502709
                ],
                [
                    2.4416669711853274,
                    5.009936480765253
                ],
                [
                    2.42668834322552,
                    5.010604284845781
                ],
                [
                    2.441665106552816,
                    5.010088501362993
                ],
                [
                    2.436632661054983,
                    5.011200702923566
                ],
                [
                    2.4362595296049947,
                    5.0074846032226406
                ],
                [
                    2.4364768867391424,
                    5.010932938042925
                ],
                [
                    2.4361761109941034,
                    5.00985612146096
                ],
                [
                    2.4376653435619606,
                    5.009893766222385
                ],
                [
                    2.436363339929841,
                    5.009553940355573
                ],
                [
                    2.4365676842449564,
                    5.010027087690851
                ],
                [
                    2.4365372645519443,
                    5.0102752300739235
                ],
                [
                    2.436537318960351,
                    5.009987364278475
                ],
                [
                    2.4366239527831843,
                    5.0101097548040565
                ]
            ]
        },
        "optimization_iterations": 31,
        "qaoa_cut_value": 14,
        "termination_reason": "Return from COBYLA because the trust region radius reaches its lower bound.",
        "total_shots": 1024,