{
    "exact_max_cut_value": 6,
    "graph_metadata": {
        "density_edges": 0.1,
        "filepath": "data/generated_graphs/graph_n8_d0.10_id4.gpickle",
        "id": 4,
        "n_vertices": 8,
        "seed": 490194
    },
    "metrics": {
        "all_trajectories": [
            [
                [
                    0.3971685189295171,
                    5.9554275649617905
                ],
                [
                    0.3971685189295171,
                    5.9554275649617905
                ],
                [
                    0.3971685189295171,
                    5.9554275649617905
                ],
                [
                    0.38301508710554233,
                    5.907472582242535
                ],
                [
                    0.38301508710554233,
                    5.907472582242535
                ],
                [
                    0.44830802220744465,
                    5.831730700659234
                ],
                [
                    0.44830802220744465,
                    5.831730700659234
                ],
                [
                    0.44830802220744465,
                    5.831730700659234
                ],
                [
                    0.44830802220744465,
                    5.831730700659234
                ],
                [
                    0.44830802220744465,
                    5.831730700659234
                ],
                [
                    0.44830802220744465,
                    5.831730700659234
                ],
                [
                    0.44830802220744465,
                    5.831730700659234
                ],
                [
                    0.4492963706048482,
                    5.831882909217961
                ],
                [
                    0.4492963706048482,
                    5.831882909217961
                ],
                [
                    0.4492963706048482,
                    5.831882909217961
                ],
                [
                    0.4492963706048482,
                    5.831882909217961
                ],
                [
                    0.4492963706048482,
                    5.831882909217961
                ]
            ]
        ],
        "approximation_ratio": 1.0,
        "circuit_depth": 6,
        "num_parameters": 0,
        "optimization_history": {
            "fun": [
                -4.4599609375,
                -2.0263671875,
                -1.43359375,
                -2.404296875,
                -2.5712890625,
                -3.8642578125,
                -4.572265625,
                -4.47265625,
                -4.6328125,
                -4.4169921875,
                -4.4130859375,
                -4.5947265625,
                -4.51171875,
                -4.51953125,
                -4.6083984375,
                -4.5703125,
                -4.609375,
                -4.533203125,
                -4.654296875,
                -4.6181640625,
                -4.556640625,
                -4.595703125,
                -4.5185546875,
                -4.5205078125,
                -4.5537109375,
                -4.54296875
            ],
            "params": [
                [
                    0.3971685189295171,
                    5.9554275649617905
                ],
                [
                    1.397168518929517,
                    5.9554275649617905
                ],
                [
                    0.3971685189295171,
                    6.9554275649617905
                ],
                [
                    -0.2294872246031503,
                    5.176131357414545
                ],
                [
                    0.16314454807287582,
                    6.397279102318502
                ],
                [
                    0.6369434325257948,
                    5.884660405841917
                ],
                [
                    0.38301508710554233,
                    5.907472582242535
                ],
                [
                    0.29380753582982017,
                    5.86228394655402
                ],
                [
                    0.44830802220744465,
                    5.831730700659234
                ],
                [
                    0.5100425715244017,
                    5.753061485456385
                ],
                [
                    0.4685967336129999,
                    5.877429367921005
                ],
                [
                    0.4368833553920018,
                    5.836802878510623
                ],
                [
                    0.45299050040717564,
                    5.807173127531804
                ],
                [
                    0.4503368933480002,
                    5.836300567385411
                ],
                [
                    0.4455046532223382,
                    5.822131683921394
                ],
                [
                    0.45302473424491896,
                    5.833389805103066
                ],
                [
                    0.4478932460964865,
                    5.832909878668603
                ],
                [
                    0.44769007083149626,
                    5.829308277059415
                ],
                [
                    0.4492963706048482,
                    5.831882909217961
                ],
                [
                    0.45019323508927445,
                    5.8314406037843804
                ],
                [
                    0.449332677784781,
                    5.832381589264369
                ],
                [
                    0.44935993139879427,
                    5.831641124136798
                ],
                [
                    0.4493447276210808,
                    5.83189562137675
                ],
                [
                    0.4491978282053301,
                    5.831865897589667
                ],
                [
                    0.4492878647907013,
                    5.83193218041772
                ],
                [
                    0.4493651052396618,
                    5.83181027623663
                ]
            ]
        },
        "optimization_iterations": 26,
        "qaoa_cut_value": 6,
        "termination_reason": "Return from COBYLA because the trust region radius reaches its lower bound.",
        "total_shots": 1024,