{
    "exact_max_cut_value": 3,
    "graph_metadata": {
        "density_edges": 0.5,
        "filepath": "data/generated_graphs/graph_n4_d0.50_id7.gpickle",
        "id": 7,
        "n_vertices": 4,
        "seed": 985244
    },
    "metrics": {
        "all_trajectories": [
            [
                [
                    1.6773207590105748,
                    3.5999762377756968
                ],
                [
                    2.6773207590105748,
                    3.5999762377756968
                ],
                [
                    2.6773207590105748,
                    3.5999762377756968
                ],
                [
                    2.6773207590105748,
                    3.5999762377756968
                ],
                [
                    2.6773207590105748,
                    3.5999762377756968
                ],
                [
                    2.6773207590105748,
                    3.5999762377756968
                ],
                [
                    2.675479866007685,
                    3.587612536349671
                ],
                [
                    2.675479866007685,
                    3.587612536349671
                ],
                [
                    2.675479866007685,
                    3.587612536349671
                ],
                [
                    2.6705712136574142,
                    3.586661152040265
                ],
                [
                    2.6705712136574142,
                    3.586661152040265
                ],
                [
                    2.6705712136574142,
                    3.586661152040265
                ],
                [
                    2.6705712136574142,
                    3.586661152040265
                ],
                [
                    2.6705712136574142,
                    3.586661152040265
                ],
                [
                    2.6705712136574142,
                    3.586661152040265
                ],
                [
                    2.6705712136574142,
                    3.586661152040265
                ]
            ]
        ],
        "approximation_ratio": 1.0,
        "circuit_depth": 5,
        "num_parameters": 0,
        "optimization_history": {
            "fun": [
                -1.154296875,
                -2.3447265625,
                -1.43359375,
                -1.9189453125,
                -1.3349609375,
                -2.21875,
                -2.296875,
                -2.2978515625,
                -2.26953125,
                -2.3125,
                -2.2802734375,
                -2.36328125,
                -2.353515625,
                -2.3564453125,
                -2.345703125,
                -2.3779296875,
                -2.3486328125,
                -2.3369140625,
                -2.3740234375,
                -2.333984375,
                -2.3662109375,
                -2.3447265625,
                -2.330078125,
                -2.3544921875,
                -2.330078125,
                -2.3466796875,
                -2.33203125
            ],
            "params": [
                [
                    1.6773207590105748,
                    3.5999762377756968
                ],
                [
                    2.6773207590105748,
                    3.5999762377756968
                ],
                [
                    2.6773207590105748,
                    4.599976237775697
                ],
                [
                    3.4714196527949386,
                    2.9921876668972622
                ],
                [
                    2.2751363292297158,
                    3.302911119591408
                ],
                [
                    2.7892511441907386,
                    3.823519497288079
                ],
                [
                    2.6326121071080983,
                    3.6223623148117294
                ],
                [
                    2.735581619118556,
                    3.518700951375228
                ],
                [
                    2.63668311581034,
                    3.5708458077217062
                ],
                [
                    2.7375776800034024,
                    3.679782900858826
                ],
                [
                    2.627865953306472,
                    3.607339809787257
                ],
                [
                    2.675479866007685,
                    3.587612536349671
                ],
                [
                    2.6889134237124197,
                    3.566528430312337
                ],
                [
                    2.6705343854372745,
                    3.588348893550827
                ],
                [
                    2.681097504501865,
                    3.5793395599959816
                ],
                [
                    2.6705712136574142,
                    3.586661152040265
                ],
                [
                    2.665573310524904,
                    3.5868059425028185
                ],
                [
                    2.670535016041776,
                    3.5854116762571375
                ],
                [
                    2.6710817738107897,
                    3.5891084624680176
                ],
                [
                    2.671471066653991,
                    3.586224958752202
                ],
                [
                    2.6703531170133825,
                    3.5862112255419767
                ],
                [
                    2.6699824931489347,
                    3.5874694887045924
                ],
                [
                    2.670237354797443,
                    3.58628894475713
                ],
                [
                    2.670664265478198,
                    3.5865776873252724
                ],
                [
                    2.670481343450455,
                    3.586894440158053
                ],
                [
                    2.670537827771417,
                    3.5866239313119515
                ],
                [
                    2.670613778820581,
                    3.586751640751631
                ]
            ]
        },
        "optimization_iterations": 27,
        "qaoa_cut_value": 3,
        "termination_reason": "Return from COBYLA because the trust region radius reaches its lower bound.",
        "total_shots": 1024,