{
    "exact_max_cut_value": 10,
    "graph_metadata": {
        "density_edges": 0.5,
        "filepath": "data/generated_graphs/graph_n8_d0.50_id4.gpickle",
        "id": 4,
        "n_vertices": 8,
        "seed": 190883
    },
    "metrics": {
        "all_trajectories": [
            [
                [
                    2.430500178401706,
                    6.032085735003481
                ],
                [
                    3.430500178401706,
                    6.032085735003481
                ],
                [
                    3.430500178401706,
                    6.032085735003481
                ],
                [
                    3.430500178401706,
                    6.032085735003481
                ],
                [
                    3.430500178401706,
                    6.032085735003481
                ],
                [
                    3.5268906528189428,
                    6.0054610013593654
                ],
                [
                    3.5268906528189428,
                    6.0054610013593654
                ],
                [
                    3.5307754429901053,
                    5.95561214575238
                ],
                [
                    3.5307754429901053,
                    5.95561214575238
                ],
                [
                    3.506415577376863,
                    5.949991029554972
                ],
                [
                    3.506415577376863,
                    5.949991029554972
                ],
                [
                    3.506415577376863,
                    5.949991029554972
                ],
                [
                    3.506415577376863,
                    5.949991029554972
                ],
                [
                    3.506415577376863,
                    5.949991029554972
                ],
                [
                    3.506415577376863,
                    5.949991029554972
                ],
                [
                    3.506415577376863,
                    5.949991029554972
                ],
                [
                    3.506415577376863,
                    5.949991029554972
                ],
                [
                    3.506415577376863,
                    5.949991029554972
                ],
                [
                    3.506415577376863,
                    5.949991029554972
                ],
                [
                    3.5065338800833628,
                    5.950211266857976
                ],
                [
                    3.5065338800833628,
                    5.950211266857976
                ],
                [
                    3.5065338800833628,
                    5.950211266857976
                ]
            ]
        ],
        "approximation_ratio": 1.0,
        "circuit_depth": 9,
        "num_parameters": 0,
        "optimization_history": {
            "fun": [
                -4.5322265625,
                -7.30078125,
                -5.2138671875,
                -5.4443359375,
                -4.5087890625,
                -6.603515625,
                -6.9541015625,
                -7.162109375,
                -7.376953125,
                -7.2353515625,
                -7.4091796875,
                -7.2900390625,
                -7.51953125,
                -7.3466796875,
                -7.39453125,
                -7.4638671875,
                -7.4306640625,
                -7.4501953125,
                -7.4931640625,
                -7.4462890625,
                -7.4345703125,
                -7.4384765625,
                -7.34375,
                -7.5,
                -7.455078125,
                -7.373046875,
                -7.4287109375,
                -7.30859375,
                -7.580078125,
                -7.505859375,
                -7.5400390625,
                -7.4736328125,
                -7.37890625,
                -7.373046875
            ],
            "params": [
                [
                    2.430500178401706,
                    6.032085735003481
                ],
                [
                    3.430500178401706,
                    6.032085735003481
                ],
                [
                    3.430500178401706,
                    7.032085735003481
                ],
                [
                    4.229044396227302,
                    5.430149582095792
                ],
                [
                    2.9897018764017282,
                    5.796083919430091
                ],
                [
                    3.3714997245083587,
                    6.142285310503475
                ],
                [
                    3.6698231304075493,
                    5.959804861715943
                ],
                [
                    3.3877429505510963,
                    5.9416876185046785
                ],
                [
                    3.5268906528189428,
                    6.0054610013593654
                ],
                [
                    3.5991829539686244,
                    6.07455386057422
                ],
                [
                    3.5307754429901053,
                    5.95561214575238
                ],
                [
                    3.5669127568957344,
                    5.921056472648155
                ],
                [
                    3.506415577376863,
                    5.949991029554972
                ],
                [
                    3.457668246034153,
                    5.9388690833689814
                ],
                [
                    3.5246426102519197,
                    5.932880352403801
                ],
                [
                    3.509837712807097,
                    5.953636436129983
                ],
                [
                    3.4971850519669845,
                    5.946144290590915
                ],
                [
                    3.5044922078948346,
                    5.954606292259911
                ],
                [
                    3.514634739463736,
                    5.944294945409727
                ],
                [
                    3.508334688906925,
                    5.954608064418949
                ],
                [
                    3.5052613186608683,
                    5.950470807437487
                ],
                [
                    3.508470121150458,
                    5.948566652539438
                ],
                [
                    3.506130701973756,
                    5.949580120800253
                ],
                [
                    3.506907451096867,
                    5.950861696106281
                ],
                [
                    3.5059802441012082,
                    5.950236966414973
                ],
                [
                    3.507202733565897,
                    5.949374275848808
                ],
                [
                    3.505952310831583,
                    5.950179136195004
                ],
                [
                    3.5063685507168545,
                    5.949875212918652
                ],
                [
                    3.5065338800833628,
                    5.950211266857976
                ],
                [
                    3.506752816615501,
                    5.950331959835797
                ],
                [
                    3.5065097414877986,
                    5.950255054164404
                ],
                [
                    3.50654870461982,
                    5.950112371796831
                ],
                [
                    3.5064844325527904,
                    5.9502038545897475
                ],
                [
                    3.5066256942554483,
                    5.950250892074748
                ]
            ]
        },
        "optimization_iterations": 34,