{
    "exact_max_cut_value": 3,
    "graph_metadata": {
        "density_edges": 0.1,
        "filepath": "data/generated_graphs/graph_n4_d0.10_id2.gpickle",
        "id": 2,
        "n_vertices": 4,
        "seed": 751202
    },
    "metrics": {
        "all_trajectories": [
            [
                [
                    2.879615535622513,
                    4.9886041648575965,
                    4.679440930050231,
                    4.402559273764118
                ],
                [
                    2.879615535622513,
                    4.9886041648575965,
                    4.679440930050231,
                    4.402559273764118
                ],
                [
                    2.879615535622513,
                    4.9886041648575965,
                    4.679440930050231,
                    4.402559273764118
                ],
                [
                    2.879615535622513,
                    4.9886041648575965,
                    4.679440930050231,
                    4.402559273764118
                ],
                [
                    2.9016721434423576,
                    5.080828251673628,
                    4.685543086896119,
                    4.371398600724871
                ],
                [
                    2.9016721434423576,
                    5.080828251673628,
                    4.685543086896119,
                    4.371398600724871
                ],
                [
                    2.9372548309349797,
                    5.08611353825996,
                    4.639531225930538,
                    4.290226889230122
                ],
                [
                    2.9372548309349797,
                    5.08611353825996,
                    4.639531225930538,
                    4.290226889230122
                ],
                [
                    2.9697310072469465,
                    5.075564973939597,
                    4.645283327863203,
                    4.254158356042738
                ],
                [
                    2.96945821220509,
                    5.072299339112712,
                    4.641508454338587,
                    4.254265789351024
                ],
                [
                    2.96945821220509,
                    5.072299339112712,
                    4.641508454338587,
                    4.254265789351024
                ],
                [
                    2.96945821220509,
                    5.072299339112712,
                    4.641508454338587,
                    4.254265789351024
                ],
                [
                    2.96945821220509,
                    5.072299339112712,
                    4.641508454338587,
                    4.254265789351024
                ],
                [
                    2.96945821220509,
                    5.072299339112712,
                    4.641508454338587,
                    4.254265789351024
                ],
                [
                    2.96945821220509,
                    5.072299339112712,
                    4.641508454338587,
                    4.254265789351024
                ],
                [
                    2.9691515014500554,
                    5.072410184797896,
                    4.641427472636859,
                    4.254636037525642
                ],
                [
                    2.9691515014500554,
                    5.072410184797896,
                    4.641427472636859,
                    4.254636037525642
                ],
                [
                    2.9691515014500554,
                    5.072410184797896,
                    4.641427472636859,
                    4.254636037525642
                ],
                [
                    2.9691515014500554,
                    5.072410184797896,
                    4.641427472636859,
                    4.254636037525642
                ],
                [
                    2.9691515014500554,
                    5.072410184797896,
                    4.641427472636859,
                    4.254636037525642
                ]
            ]
        ],
        "approximation_ratio": 1.0,
        "circuit_depth": 8,
        "num_parameters": 0,
        "optimization_history": {
            "fun": [
                -2.2216796875,
                -2.220703125,
                -0.7412109375,
                -0.40625,
                -0.8935546875,
                -1.974609375,
                -1.6962890625,
                -1.87890625,
                -2.1748046875,
                -2.314453125,
                -2.197265625,
                -2.2626953125,
                -2.359375,
                -2.298828125,
                -2.3603515625,
                -2.30859375,
                -2.3740234375,
                -2.33203125,
                -2.333984375,
                -2.337890625,
                -2.318359375,
                -2.328125,
                -2.3310546875,
                -2.3310546875,
                -2.3271484375,
                -2.3720703125,
                -2.388671875,
                -2.3193359375,
                -2.3759765625,
                -2.3505859375,
                -2.3349609375,
                -2.3193359375,
                -2.3427734375,
                -2.326171875,
                -2.3720703125
            ],