{
    "exact_max_cut_value": 7,
    "graph_metadata": {
        "density_edges": 0.25,
        "filepath": "data/generated_graphs/graph_n8_d0.25_id7.gpickle",
        "id": 7,
        "n_vertices": 8,
        "seed": 965230
    },
    "metrics": {
        "all_trajectories": [
            [
                [
                    0.42108912472650983,
                    3.3547545506740826
                ],
                [
                    0.42108912472650983,
                    4.354754550674082
                ],
                [
                    0.42108912472650983,
                    4.354754550674082
                ],
                [
                    0.4251506933737285,
                    4.104787545531155
                ],
                [
                    0.4251506933737285,
                    4.104787545531155
                ],
                [
                    0.4251506933737285,
                    4.104787545531155
                ],
                [
                    0.4251506933737285,
                    4.104787545531155
                ],
                [
                    0.4251506933737285,
                    4.104787545531155
                ],
                [
                    0.46684224157709125,
                    4.077186552643096
                ],
                [
                    0.46684224157709125,
                    4.077186552643096
                ],
                [
                    0.46684224157709125,
                    4.077186552643096
                ],
                [
                    0.46684224157709125,
                    4.077186552643096
                ],
                [
                    0.4584523431432716,
                    4.082628023424989
                ],
                [
                    0.4584523431432716,
                    4.082628023424989
                ],
                [
                    0.4584523431432716,
                    4.082628023424989
                ],
                [
                    0.4584523431432716,
                    4.082628023424989
                ],
                [
                    0.4584523431432716,
                    4.082628023424989
                ],
                [
                    0.4584523431432716,
                    4.082628023424989
                ],
                [
                    0.45831118284706734,
                    4.083107683482504
                ],
                [
                    0.45831118284706734,
                    4.083107683482504
                ],
                [
                    0.45831118284706734,
                    4.083107683482504
                ]
            ]
        ],
        "approximation_ratio": 1.0,
        "circuit_depth": 11,
        "num_parameters": 0,
        "optimization_history": {
            "fun": [
                -3.48828125,
                -2.78515625,
                -4.0244140625,
                -3.9990234375,
                -4.0087890625,
                -4.0751953125,
                -3.796875,
                -4.0068359375,
                -4.01953125,
                -4.0087890625,
                -4.029296875,
                -4.02734375,
                -4.1064453125,
                -4.068359375,
                -4.05078125,
                -4.0205078125,
                -3.94921875,
                -4.1279296875,
                -4.0048828125,
                -4.064453125,
                -3.9853515625,
                -4.0498046875,
                -4.017578125,
                -4.0146484375,
                -4.0517578125,
                -4.1337890625,
                -3.9677734375,
                -4.03125,
                -3.9580078125,
                -4.017578125,
                -4.0087890625
            ],
            "params": [
                [
                    0.42108912472650983,
                    3.3547545506740826
                ],
                [
                    1.4210891247265098,
                    3.3547545506740826
                ],
                [
                    0.42108912472650983,
                    4.354754550674082
                ],
                [
                    -0.3741143600218364,
                    4.961097207794696
                ],
                [
                    0.7386034289266089,
                    4.740998860183396
                ],
                [
                    0.4251506933737285,
                    4.104787545531155
                ],
                [
                    0.7733552136732249,
                    3.7459650099470627
                ],
                [
                    0.18070010755141772,
                    4.052405190762311
                ],
                [
                    0.4356271643274974,
                    4.055897428366693
                ],
                [
                    0.42812553284393107,
                    4.204743287387871
                ],
                [
                    0.4751285643020867,
                    4.103300125796054
                ],
                [
                    0.3424204990475903,
                    4.048611795008715
                ],
                [
                    0.46684224157709125,
                    4.077186552643096
                ],
                [
                    0.5159463263335602,
                    4.067763768541275
                ],
                [
                    0.4569475931045051,
                    4.0542279827485235
                ],
                [
                    0.47430300406646086,
                    4.083845157833165
                ],
                [
                    0.4701715441721258,
                    4.073456171398411
                ],
                [
                    0.4584523431432716,
                    4.082628023424989
                ],
                [
                    0.451086361255907,
                    4.07586471721907
                ],
                [
                    0.46046727481652583,
                    4.087204053402176
                ],
                [
                    0.4567728881429712,
                    4.080776151155645
                ],
                [
                    0.45808196868940276,
                    4.082963914425049
                ],
                [
                    0.4593785255480475,
                    4.082250947632762
                ],
                [
                    0.4586408810393851,
                    4.0830911146273765
                ],
                [
                    0.4577077758787039,
                    4.08196047598208
                ],
                [
                    0.45831118284706734,
                    4.083107683482504
                ],
                [
                    0.4585380207084804,
                    4.083212776701266
                ],
                [
                    0.45829016420331514,
                    4.083153051054787
                ],
                [
                    0.4583232237056315,
                    4.083008411040583
                ],
                [
                    0.45826154662610663,
                    4.083101663053222
                ],
                [
                    0.4583830974352577,
                    4.0831771693947845
                ]
            ]
        },
        "optimization_iterations": 31,
        "qaoa_cut_value": 7,
        "termination_reason": "Return from COBYLA because the trust region radius reaches its lower bound.",
        "total_shots": 1024,