{
    "exact_max_cut_value": 3,
    "graph_metadata": {
        "density_edges": 0.5,
        "filepath": "data/generated_graphs/graph_n4_d0.50_id0.gpickle",
        "id": 0,
        "n_vertices": 4,
        "seed": 102920
    },
    "metrics": {
        "all_trajectories": [
            [
                [
                    2.2063143680511943,
                    3.6509371205945538,
                    2.5461744612145143,
                    2.994294278025439
                ],
                [
                    3.2063143680511943,
                    4.650937120594554,
                    2.5461744612145143,
                    2.994294278025439
                ],
                [
                    3.318309645777149,
                    4.650937120594554,
                    2.5461744612145143,
                    3.049810561826557
                ],
                [
                    3.318309645777149,
                    4.650937120594554,
                    2.5461744612145143,
                    3.049810561826557
                ],
                [
                    3.3978061532491846,
                    4.638759193138449,
                    2.605004577736857,
                    3.058237944136028
                ],
                [
                    3.3978061532491846,
                    4.638759193138449,
                    2.605004577736857,
                    3.058237944136028
                ],
                [
                    3.3888671572695226,
                    4.6359463458404635,
                    2.6243078747612896,
                    3.155908640687964
                ],
                [
                    3.3516127319130415,
                    4.621474597926994,
                    2.7061000682411875,
                    3.1972935822662034
                ],
                [
                    3.3322590974368165,
                    4.60892843935208,
                    2.775267456338603,
                    3.26573262931798
                ],
                [
                    3.3315181244128933,
                    4.559741401327768,
                    2.766320256532436,
                    3.2655486048595836
                ],
                [
                    3.233054085263586,
                    4.5482703364844115,
                    2.7755838030993605,
                    3.2561979700808292
                ],
                [
                    3.233054085263586,
                    4.5482703364844115,
                    2.7755838030993605,
                    3.2561979700808292
                ],
                [
                    3.233054085263586,
                    4.5482703364844115,
                    2.7755838030993605,
                    3.2561979700808292
                ],
                [
                    3.233054085263586,
                    4.5482703364844115,
                    2.7755838030993605,
                    3.2561979700808292
                ],
                [
                    3.233054085263586,
                    4.5482703364844115,
                    2.7755838030993605,
                    3.2561979700808292
                ],
                [
                    3.233054085263586,
                    4.5482703364844115,
                    2.7755838030993605,
                    3.2561979700808292
                ],
                [
                    3.233054085263586,
                    4.5482703364844115,
                    2.7755838030993605,
                    3.2561979700808292
                ],
                [
                    3.233054085263586,
                    4.5482703364844115,
                    2.7755838030993605,
                    3.2561979700808292
                ],
                [
                    3.233054085263586,
                    4.5482703364844115,
                    2.7755838030993605,
                    3.2561979700808292
                ],
                [
                    3.233054085263586,
                    4.5482703364844115,
                    2.7755838030993605,
                    3.2561979700808292
                ],
                [
                    3.233054085263586,
                    4.5482703364844115,
                    2.7755838030993605,
                    3.2561979700808292
                ],
                [
                    3.233054085263586,
                    4.5482703364844115,
                    2.7755838030993605,
                    3.2561979700808292
                ],
                [
                    3.2330276801857583,
                    4.54830667735444,
                    2.7755013794729404,
                    3.25623244411219
                ],
                [
                    3.2330276801857583,
                    4.54830667735444,
                    2.7755013794729404,
                    3.25623244411219
                ]
            ]
        ],
        "approximation_ratio": 1.0,
        "circuit_depth": 17,
        "num_parameters": 0,
        "optimization_history": {
            "fun": [
                -1.3984375,
                -1.736328125,
                -1.9443359375,
                -0.6728515625,
                -1.2626953125,
                -1.529296875,
                -0.771484375,
                -2.0478515625,
                -1.978515625,
                -2.046875,
                -2.0888671875,
                -1.9404296875,
                -1.9541015625,
                -2.1923828125,
                -2.310546875,
                -2.3681640625,
                -2.30078125,
                -2.3837890625,
                -2.390625,
                -2.2763671875,
                -2.330078125,
                -2.35546875,
                -2.390625,
                -2.3505859375,
                -2.3740234375,
                -2.3359375,
                -2.3818359375,
                -2.375,
                -2.35546875,
                -2.35546875,
                -2.3486328125,
                -2.3603515625,
                -2.333984375,
                -2.3623046875,
                -2.376953125,
                -2.322265625,
                -2.35546875,
                -2.3798828125,
                -2.396484375,
                -2.35546875,
                -2.3701171875,
                -2.3232421875
            ],