{
    "exact_max_cut_value": 10,
    "graph_metadata": {
        "density_edges": 0.5,
        "filepath": "data/generated_graphs/graph_n8_d0.50_id4.gpickle",
        "id": 4,
        "n_vertices": 8,
        "seed": 190883
    },
    "metrics": {
        "all_trajectories": [
            [
                [
                    1.5764639488412748,
                    1.1488293179961866
                ],
                [
                    1.5764639488412748,
                    1.1488293179961866
                ],
                [
                    1.568789479684902,
                    1.648770417050033
                ],
                [
                    1.4640272401168855,
                    1.8757613269136078
                ],
                [
                    1.4640272401168855,
                    1.8757613269136078
                ],
                [
                    1.4640272401168855,
                    1.8757613269136078
                ],
                [
                    1.4640272401168855,
                    1.8757613269136078
                ],
                [
                    1.4405192951750363,
                    1.8672538875449736
                ],
                [
                    1.4179095115495446,
                    1.8565862877958057
                ],
                [
                    1.4179095115495446,
                    1.8565862877958057
                ],
                [
                    1.4206288549001467,
                    1.8607821395259716
                ],
                [
                    1.4206288549001467,
                    1.8607821395259716
                ],
                [
                    1.4206288549001467,
                    1.8607821395259716
                ],
                [
                    1.4206288549001467,
                    1.8607821395259716
                ],
                [
                    1.4206288549001467,
                    1.8607821395259716
                ],
                [
                    1.4206288549001467,
                    1.8607821395259716
                ],
                [
                    1.4206288549001467,
                    1.8607821395259716
                ],
                [
                    1.4206288549001467,
                    1.8607821395259716
                ],
                [
                    1.4206288549001467,
                    1.8607821395259716
                ]
            ]
        ],
        "approximation_ratio": 1.0,
        "circuit_depth": 13,
        "num_parameters": 0,
        "optimization_history": {
            "fun": [
                -5.5224609375,
                -5.5009765625,
                -5.435546875,
                -4.1689453125,
                -5.5458984375,
                -5.546875,
                -5.5439453125,
                -5.4638671875,
                -5.4658203125,
                -5.544921875,
                -5.5185546875,
                -5.5556640625,
                -5.5673828125,
                -5.5009765625,
                -5.3896484375,
                -5.60546875,
                -5.552734375,
                -5.4609375,
                -5.595703125,
                -5.474609375,
                -5.4619140625,
                -5.4833984375,
                -5.4814453125,
                -5.4990234375,
                -5.4814453125,
                -5.4580078125,
                -5.4873046875,
                -5.5107421875,
                -5.5029296875,
                -5.4814453125
            ],
            "params": [
                [
                    1.5764639488412748,
                    1.1488293179961866
                ],
                [
                    2.576463948841275,
                    1.1488293179961866
                ],
                [
                    1.5764639488412748,
                    2.148829317996187
                ],
                [
                    1.3364956780851998,
                    0.17804858630115594
                ],
                [
                    1.568789479684902,
                    1.648770417050033
                ],
                [
                    1.4640272401168855,
                    1.8757613269136078
                ],
                [
                    1.3706539665101656,
                    1.8399642351886556
                ],
                [
                    1.4461286942544094,
                    1.9224479637169676
                ],
                [
                    1.5014662663413527,
                    1.7830342040456806
                ],
                [
                    1.447825388114847,
                    1.923063546646978
                ],
                [
                    1.475852795050228,
                    1.8798117899141173
                ],
                [
                    1.4405192951750363,
                    1.8672538875449736
                ],
                [
                    1.4179095115495446,
                    1.8565862877958057
                ],
                [
                    1.3699077813321958,
                    1.8425922213338772
                ],
                [
                    1.4388887702003739,
                    1.8429895710427948
                ],
                [
                    1.4206288549001467,
                    1.8607821395259716
                ],
                [
                    1.418879023042791,
                    1.870627853744401
                ],
                [
                    1.4305470056755478,
                    1.8595053133058417
                ],
                [
                    1.4161939321749084,
                    1.8584731439821984
                ],
                [
                    1.42120610378609,
                    1.859673408844662
                ],
                [
                    1.4195159213503157,
                    1.863020750459935
                ],
                [
                    1.4210765770869394,
                    1.8610047262359377
                ],
                [
                    1.4198591192634464,
                    1.8601437767375875
                ],
                [
                    1.4209480362943387,
                    1.8603972717076214
                ],
                [
                    1.4204647351743063,
                    1.8617685799527537
                ],
                [
                    1.4210973679286583,
                    1.86060750979736
                ],
                [
                    1.4206725123322996,
                    1.8608992677830996
                ],
                [
                    1.4204757347424792,
                    1.8605845181270395
                ],
                [
                    1.4206757062029978,
                    1.8607646765531105
                ],
                [
                    1.4205291370971067,
                    1.8607746322124135
                ]
            ]
        },
        "optimization_iterations": 30,
        "qaoa_cut_value": 10,
        "termination_reason": "Return from COBYLA because the trust region radius reaches its lower bound.",
        "total_shots": 1024,