{
    "exact_max_cut_value": 3,
    "graph_metadata": {
        "density_edges": 0.25,
        "filepath": "data/generated_graphs/graph_n4_d0.25_id1.gpickle",
        "id": 1,
        "n_vertices": 4,
        "seed": 15772
    },
    "metrics": {
        "all_trajectories": [
            [
                [
                    1.9746743176854586,
                    2.3267486439709355
                ],
                [
                    1.9746743176854586,
                    2.3267486439709355
                ],
                [
                    1.7208587664196582,
                    2.757535906939141
                ],
                [
                    1.7208587664196582,
                    2.757535906939141
                ],
                [
                    1.7208587664196582,
                    2.757535906939141
                ],
                [
                    1.7700053434686691,
                    2.7667344918501824
                ],
                [
                    1.7700053434686691,
                    2.7667344918501824
                ],
                [
                    1.7700053434686691,
                    2.7667344918501824
                ],
                [
                    1.7700053434686691,
                    2.7667344918501824
                ],
                [
                    1.7712689747389552,
                    2.7618968027311137
                ],
                [
                    1.7662827240649017,
                    2.761526256896566
                ],
                [
                    1.7662827240649017,
                    2.761526256896566
                ],
                [
                    1.7662827240649017,
                    2.761526256896566
                ],
                [
                    1.7662827240649017,
                    2.761526256896566
                ],
                [
                    1.7662827240649017,
                    2.761526256896566
                ],
                [
                    1.7662827240649017,
                    2.761526256896566
                ],
                [
                    1.7662827240649017,
                    2.761526256896566
                ],
                [
                    1.7662827240649017,
                    2.761526256896566
                ],
                [
                    1.7662827240649017,
                    2.761526256896566
                ]
            ]
        ],
        "approximation_ratio": 1.0,
        "circuit_depth": 8,
        "num_parameters": 0,
        "optimization_history": {
            "fun": [
                -1.783203125,
                -1.5986328125,
                -1.01171875,
                -1.521484375,
                -2.251953125,
                -0.84765625,
                -2.1484375,
                -1.8369140625,
                -2.2578125,
                -2.2578125,
                -2.2158203125,
                -2.2548828125,
                -2.2470703125,
                -2.26953125,
                -2.25390625,
                -2.28515625,
                -2.2705078125,
                -2.244140625,
                -2.2724609375,
                -2.2099609375,
                -2.2265625,
                -2.2421875,
                -2.2607421875,
                -2.265625,
                -2.25,
                -2.2265625,
                -2.2216796875
            ],
            "params": [
                [
                    1.9746743176854586,
                    2.3267486439709355
                ],
                [
                    2.9746743176854586,
                    2.3267486439709355
                ],
                [
                    1.9746743176854586,
                    3.3267486439709355
                ],
                [
                    1.7419998455263306,
                    1.354193971983046
                ],
                [
                    1.7208587664196582,
                    2.757535906939141
                ],
                [
                    1.5356619589539053,
                    3.7402373582988573
                ],
                [
                    1.25920436488861,
                    2.565506707214178
                ],
                [
                    1.6748658418644509,
                    3.0032687921841954
                ],
                [
                    1.7700053434686691,
                    2.7667344918501824
                ],
                [
                    1.79527796887439,
                    2.6699807094688093
                ],
                [
                    1.8667591258500422,
                    2.792007117255903
                ],
                [
                    1.7216284522779826,
                    2.754098179147322
                ],
                [
                    1.7941937890640125,
                    2.7730526482016127
                ],
                [
                    1.7712689747389552,
                    2.7618968027311137
                ],
                [
                    1.7720100664080505,
                    2.751924301383007
                ],
                [
                    1.7662827240649017,
                    2.761526256896566
                ],
                [
                    1.7570316214269401,
                    2.765323242540719
                ],
                [
                    1.7691368274160062,
                    2.765631630699427
                ],
                [
                    1.767309067515617,
                    2.76081273105879
                ],
                [
                    1.7637891848727332,
                    2.7613466398118556
                ],
                [
                    1.7667095971307276,
                    2.7624305684499992
                ],
                [
                    1.76558503617286,
                    2.760809855050325
                ],
                [
                    1.7664712889737946,
                    2.7619893371003474
                ],
                [
                    1.7661669540139564,
                    2.7615733981237893
                ],
                [
                    1.7664756023578159,
                    2.7613672035592147
                ],
                [
                    1.7663346658658647,
                    2.7616117089258734
                ],
                [
                    1.7662688406996616,
                    2.761427225324986
                ]
            ]
        },
        "optimization_iterations": 27,
        "qaoa_cut_value": 3,
        "termination_reason": "Return from COBYLA because the trust region radius reaches its lower bound.",
        "total_shots": 1024,