{
    "exact_max_cut_value": 13,
    "graph_metadata": {
        "density_edges": 0.75,
        "filepath": "data/generated_graphs/graph_n8_d0.75_id9.gpickle",
        "id": 9,
        "n_vertices": 8,
        "seed": 625266
    },
    "metrics": {
        "all_trajectories": [
            [
                [
                    2.9465663076786583,
                    4.130762703488501
                ],
                [
                    2.9465663076786583,
                    4.130762703488501
                ],
                [
                    2.928681041649427,
                    4.63044271835708
                ],
                [
                    2.928681041649427,
                    4.63044271835708
                ],
                [
                    2.928681041649427,
                    4.63044271835708
                ],
                [
                    2.928681041649427,
                    4.63044271835708
                ],
                [
                    2.928681041649427,
                    4.63044271835708
                ],
                [
                    2.91284861108203,
                    4.611095001635757
                ],
                [
                    2.91284861108203,
                    4.611095001635757
                ],
                [
                    2.91284861108203,
                    4.611095001635757
                ],
                [
                    2.91284861108203,
                    4.611095001635757
                ],
                [
                    2.91284861108203,
                    4.611095001635757
                ],
                [
                    2.91284861108203,
                    4.611095001635757
                ],
                [
                    2.91284861108203,
                    4.611095001635757
                ],
                [
                    2.91284861108203,
                    4.611095001635757
                ],
                [
                    2.91284861108203,
                    4.611095001635757
                ],
                [
                    2.91284861108203,
                    4.611095001635757
                ]
            ]
        ],
        "approximation_ratio": 1.0,
        "circuit_depth": 17,
        "num_parameters": 0,
        "optimization_history": {
            "fun": [
                -9.0078125,
                -8.904296875,
                -8.873046875,
                -6.77734375,
                -9.0703125,
                -9.041015625,
                -8.966796875,
                -9.0302734375,
                -8.951171875,
                -9.0,
                -8.95703125,
                -8.9931640625,
                -9.1015625,
                -8.9892578125,
                -9.05078125,
                -9.0224609375,
                -8.978515625,
                -9.087890625,
                -8.927734375,
                -9.0126953125,
                -8.9921875,
                -8.9794921875,
                -9.013671875,
                -9.05078125,
                -8.9541015625,
                -8.8994140625,
                -9.0830078125,
                -9.009765625,
                -8.9912109375
            ],
            "params": [
                [
                    2.9465663076786583,
                    4.130762703488501
                ],
                [
                    3.9465663076786583,
                    4.130762703488501
                ],
                [
                    2.9465663076786583,
                    5.130762703488501
                ],
                [
                    2.3374111441857766,
                    3.3377116415826737
                ],
                [
                    2.928681041649427,
                    4.63044271835708
                ],
                [
                    2.766453459614504,
                    4.820658941711194
                ],
                [
                    2.96672428632025,
                    4.662888234764065
                ],
                [
                    2.8563833574402273,
                    4.561355491911182
                ],
                [
                    2.963224654872376,
                    4.59429387625248
                ],
                [
                    2.872529399864228,
                    4.713189277952187
                ],
                [
                    2.9759181420460386,
                    4.614051978711766
                ],
                [
                    2.9327787265607554,
                    4.642251993456233
                ],
                [
                    2.91284861108203,
                    4.611095001635757
                ],
                [
                    2.8880190446004868,
                    4.61400921307946
                ],
                [
                    2.916718154426295,
                    4.607928515522278
                ],
                [
                    2.9043938768317648,
                    4.616435176610174
                ],
                [
                    2.910178523594822,
                    4.606867634510625
                ],
                [
                    2.9205198364784706,
                    4.6175100075529025
                ],
                [
                    2.9154253975751065,
                    4.606810124581616
                ],
                [
                    2.9117773918184953,
                    4.610450805012488
                ],
                [
                    2.9142072621896093,
                    4.613193588581269
                ],
                [
                    2.913106289731338,
                    4.610666513930343
                ],
                [
                    2.9125934052759965,
                    4.612061888390536
                ],
                [
                    2.9132955747607983,
                    4.610870895701292
                ],
                [
                    2.912792584598414,
                    4.610983260716065
                ],
                [
                    2.912941081829035,
                    4.611327271222549
                ],
                [
                    2.9127931459146934,
                    4.61101179337167
                ],
                [
                    2.9128070069499867,
                    4.611122734219426
                ],
                [
                    2.912936974746091,
                    4.611048184300573
                ]
            ]
        },
        "optimization_iterations": 29,
        "qaoa_cut_value": 13,
        "termination_reason": "Return from COBYLA because the trust region radius reaches its lower bound.",
        "total_shots": 1024,