{
    "exact_max_cut_value": 15,
    "graph_metadata": {
        "density_edges": 0.75,
        "filepath": "data/generated_graphs/graph_n8_d0.75_id6.gpickle",
        "id": 6,
        "n_vertices": 8,
        "seed": 633179
    },
    "metrics": {
        "all_trajectories": [
            [
                [
                    2.449220007169098,
                    3.3774901364377943
                ],
                [
                    2.449220007169098,
                    4.377490136437794
                ],
                [
                    2.449220007169098,
                    4.377490136437794
                ],
                [
                    2.4779012035565473,
                    4.336534197017674
                ],
                [
                    2.4779012035565473,
                    4.336534197017674
                ],
                [
                    2.4779012035565473,
                    4.336534197017674
                ],
                [
                    2.4779012035565473,
                    4.336534197017674
                ],
                [
                    2.4779012035565473,
                    4.336534197017674
                ],
                [
                    2.4779012035565473,
                    4.336534197017674
                ],
                [
                    2.4779012035565473,
                    4.336534197017674
                ],
                [
                    2.4779012035565473,
                    4.336534197017674
                ],
                [
                    2.4779012035565473,
                    4.336534197017674
                ],
                [
                    2.4779012035565473,
                    4.336534197017674
                ],
                [
                    2.4779012035565473,
                    4.336534197017674
                ],
                [
                    2.4779012035565473,
                    4.336534197017674
                ],
                [
                    2.4779012035565473,
                    4.336534197017674
                ],
                [
                    2.477929507230543,
                    4.336492979278309
                ]
            ]
        ],
        "approximation_ratio": 1.0,
        "circuit_depth": 14,
        "num_parameters": 0,
        "optimization_history": {
            "fun": [
                -8.755859375,
                -7.4091796875,
                -12.228515625,
                -11.875,
                -11.515625,
                -11.90625,
                -12.244140625,
                -12.1376953125,
                -12.1064453125,
                -12.1630859375,
                -12.142578125,
                -12.1416015625,
                -12.1728515625,
                -12.224609375,
                -12.18359375,
                -12.0478515625,
                -12.0166015625,
                -12.140625,
                -12.15234375,
                -12.166015625,
                -12.08203125,
                -12.1533203125,
                -12.1376953125,
                -12.11328125,
                -12.130859375,
                -12.177734375,
                -12.2900390625,
                -12.1552734375
            ],
            "params": [
                [
                    2.449220007169098,
                    3.3774901364377943
                ],
                [
                    3.449220007169098,
                    3.3774901364377943
                ],
                [
                    2.449220007169098,
                    4.377490136437794
                ],
                [
                    2.08765959269933,
                    5.309838819435979
                ],
                [
                    2.9212048782935534,
                    4.5425061399939075
                ],
                [
                    2.244440310068496,
                    4.234084154500548
                ],
                [
                    2.4779012035565473,
                    4.336534197017674
                ],
                [
                    2.5710218528720725,
                    4.3729834037450495
                ],
                [
                    2.4135487699899265,
                    4.259991631774185
                ],
                [
                    2.5238236123006947,
                    4.356311263916875
                ],
                [
                    2.4603161464928793,
                    4.318764397692202
                ],
                [
                    2.4814551634216415,
                    4.33301718560494
                ],
                [
                    2.4722956183170472,
                    4.344815345133889
                ],
                [
                    2.482041777614655,
                    4.339336989637424
                ],
                [
                    2.4788377871912757,
                    4.326578153069641
                ],
                [
                    2.4826417346396457,
                    4.338123965884578
                ],
                [
                    2.4775037613398214,
                    4.337719329788448
                ],
                [
                    2.4781785280226067,
                    4.334049626402753
                ],
                [
                    2.4770700031280297,
                    4.337090169901574
                ],
                [
                    2.4781791899984973,
                    4.336949797231933
                ],
                [
                    2.477842881325125,
                    4.335535899207738
                ],
                [
                    2.478308539769511,
                    4.3368241577212325
                ],
                [
                    2.4779736937324373,
                    4.336432362964433
                ],
                [
                    2.4777169257501046,
                    4.336703139877993
                ],
                [
                    2.4778674149844835,
                    4.336497341456385
                ],
                [
                    2.4779836390352767,
                    4.336590804365665
                ],
                [
                    2.477929507230543,
                    4.336492979278309
                ],
                [
                    2.4779270548205203,
                    4.336393009354406
                ]
            ]
        },
        "optimization_iterations": 28,
        "qaoa_cut_value": 15,
        "termination_reason": "Return from COBYLA because the trust region radius reaches its lower bound.",
        "total_shots": 1024,