{
    "exact_max_cut_value": 4,
    "graph_metadata": {
        "density_edges": 0.75,
        "filepath": "data/generated_graphs/graph_n4_d0.75_id8.gpickle",
        "id": 8,
        "n_vertices": 4,
        "seed": 467779
    },
    "metrics": {
        "all_trajectories": [
            [
                [
                    1.2588289835180746,
                    3.2265202942997613
                ],
                [
                    2.351502042980737,
                    5.222216886666045
                ],
                [
                    2.351502042980737,
                    5.222216886666045
                ],
                [
                    2.351502042980737,
                    5.222216886666045
                ],
                [
                    2.351502042980737,
                    5.222216886666045
                ],
                [
                    2.3347083233547714,
                    5.175121547394261
                ],
                [
                    2.3347083233547714,
                    5.175121547394261
                ],
                [
                    2.3347083233547714,
                    5.175121547394261
                ],
                [
                    2.3347083233547714,
                    5.175121547394261
                ],
                [
                    2.33351436234554,
                    5.170266193945908
                ],
                [
                    2.34283666210095,
                    5.166647530204929
                ],
                [
                    2.34283666210095,
                    5.166647530204929
                ],
                [
                    2.34283666210095,
                    5.166647530204929
                ],
                [
                    2.341947547689002,
                    5.164310978137787
                ],
                [
                    2.341947547689002,
                    5.164310978137787
                ],
                [
                    2.341947547689002,
                    5.164310978137787
                ],
                [
                    2.3417320046517696,
                    5.163334483796226
                ],
                [
                    2.3417320046517696,
                    5.163334483796226
                ],
                [
                    2.3412386265503238,
                    5.163415588968773
                ],
                [
                    2.3412386265503238,
                    5.163415588968773
                ],
                [
                    2.341320775214857,
                    5.163358566193363
                ],
                [
                    2.341320775214857,
                    5.163358566193363
                ]
            ]
        ],
        "approximation_ratio": 1.0,
        "circuit_depth": 10,
        "num_parameters": 0,
        "optimization_history": {
            "fun": [
                -2.091796875,
                -2.1337890625,
                -2.5849609375,
                -2.9052734375,
                -1.5546875,
                -2.283203125,
                -2.40625,
                -2.6884765625,
                -2.982421875,
                -2.9560546875,
                -2.931640625,
                -2.9013671875,
                -2.95703125,
                -2.9072265625,
                -2.984375,
                -2.9853515625,
                -2.939453125,
                -2.912109375,
                -2.990234375,
                -2.931640625,
                -2.92578125,
                -2.9658203125,
                -2.9482421875,
                -2.994140625,
                -2.923828125,
                -2.9951171875,
                -2.990234375,
                -2.962890625,
                -2.99609375,
                -2.9814453125,
                -2.9482421875
            ],
            "params": [
                [
                    1.2588289835180746,
                    3.2265202942997613
                ],
                [
                    2.2588289835180744,
                    3.2265202942997613
                ],
                [
                    2.2588289835180744,
                    4.226520294299761
                ],
                [
                    2.351502042980737,
                    5.222216886666045
                ],
                [
                    3.4074866669605064,
                    6.92071518631733
                ],
                [
                    1.3803044694960205,
                    5.460492511221723
                ],
                [
                    2.8213010956450146,
                    5.39335674209355
                ],
                [
                    2.116025346621817,
                    5.306185484795875
                ],
                [
                    2.3347083233547714,
                    5.175121547394261
                ],
                [
                    2.3515768233406185,
                    5.076554546282188
                ],
                [
                    2.383991823910808,
                    5.183555797387185
                ],
                [
                    2.23506522784106,
                    5.183562727196002
                ],
                [
                    2.3796709246499206,
                    5.19699309248768
                ],
                [
                    2.3104315561130058,
                    5.181091352440419
                ],
                [
                    2.33351436234554,
                    5.170266193945908
                ],
                [
                    2.34283666210095,
                    5.166647530204929
                ],
                [
                    2.341644545441301,
                    5.156718841577029
                ],
                [
                    2.3447411604796,
                    5.171270612069413
                ],
                [
                    2.341947547689002,
                    5.164310978137787
                ],
                [
                    2.3411604306473803,
                    5.161938121892081
                ],
                [
                    2.3424221189381433,
                    5.164153554729463
                ],
                [
                    2.3410700364553065,
                    5.164790534218698
                ],
                [
                    2.342187325729457,
                    5.164749733754634
                ],
                [
                    2.3417320046517696,
                    5.163334483796226
                ],
                [
                    2.3426618863258817,
                    5.162966625029645
                ],
                [
                    2.3412386265503238,
                    5.163415588968773
                ],
                [
                    2.341089914491637,
                    5.1632146294614065
                ],
                [
                    2.3411984346488506,
                    5.16344533138051
                ],
                [
                    2.341320775214857,
                    5.163358566193363
                ],
                [
                    2.341408799678871,
                    5.163406018208441
                ],
                [
                    2.341268580009904,
                    5.163273268710516
                ]
            ]
        },
        "optimization_iterations": 31,
        "qaoa_cut_value": 4,
        "termination_reason": "Return from COBYLA because the trust region radius reaches its lower bound.",
        "total_shots": 1024,