{
    "exact_max_cut_value": 8,
    "graph_metadata": {
        "density_edges": 0.25,
        "filepath": "data/generated_graphs/graph_n8_d0.25_id8.gpickle",
        "id": 8,
        "n_vertices": 8,
        "seed": 326189
    },
    "metrics": {
        "all_trajectories": [
            [
                [
                    5.131783660746284,
                    5.670662140834617
                ],
                [
                    5.131783660746284,
                    5.670662140834617
                ],
                [
                    5.131783660746284,
                    5.670662140834617
                ],
                [
                    5.131783660746284,
                    5.670662140834617
                ],
                [
                    5.034862146148839,
                    5.695283676289119
                ],
                [
                    5.024691245220154,
                    5.794765095530598
                ],
                [
                    5.025334762296288,
                    5.99476406024235
                ],
                [
                    5.025334762296288,
                    5.99476406024235
                ],
                [
                    5.025334762296288,
                    5.99476406024235
                ],
                [
                    5.025334762296288,
                    5.99476406024235
                ],
                [
                    5.025334762296288,
                    5.99476406024235
                ],
                [
                    5.025334762296288,
                    5.99476406024235
                ],
                [
                    5.025334762296288,
                    5.99476406024235
                ],
                [
                    5.025334762296288,
                    5.99476406024235
                ],
                [
                    5.025334762296288,
                    5.99476406024235
                ],
                [
                    5.0258147836051705,
                    5.994624133322069
                ],
                [
                    5.026786305117358,
                    5.994387181952886
                ],
                [
                    5.026786305117358,
                    5.994387181952886
                ],
                [
                    5.026786305117358,
                    5.994387181952886
                ],
                [
                    5.026786305117358,
                    5.994387181952886
                ],
                [
                    5.026786305117358,
                    5.994387181952886
                ],
                [
                    5.026786305117358,
                    5.994387181952886
                ]
            ]
        ],
        "approximation_ratio": 1.0,
        "circuit_depth": 8,
        "num_parameters": 0,
        "optimization_history": {
            "fun": [
                -5.5517578125,
                -3.8662109375,
                -2.2451171875,
                -4.5673828125,
                -5.087890625,
                -4.7861328125,
                -5.4892578125,
                -5.5947265625,
                -5.7705078125,
                -6.0419921875,
                -3.9111328125,
                -5.6435546875,
                -5.728515625,
                -6.0048828125,
                -5.986328125,
                -5.900390625,
                -5.9892578125,
                -5.953125,
                -6.0126953125,
                -6.033203125,
                -6.0380859375,
                -6.0595703125,
                -6.08203125,
                -5.9599609375,
                -6.0244140625,
                -6.0029296875,
                -6.0712890625,
                -5.9931640625,
                -6.0185546875,
                -6.00390625,
                -6.0576171875,
                -5.91796875
            ],
            "params": [
                [
                    5.131783660746284,
                    5.670662140834617
                ],
                [
                    6.131783660746284,
                    5.670662140834617
                ],
                [
                    5.131783660746284,
                    6.670662140834617
                ],
                [
                    4.677637163314979,
                    4.779735118643194
                ],
                [
                    4.806160647959442,
                    6.050095472980885
                ],
                [
                    5.379381061330542,
                    5.70523853775388
                ],
                [
                    5.138698940130136,
                    5.621142660717766
                ],
                [
                    5.034862146148839,
                    5.695283676289119
                ],
                [
                    5.024691245220154,
                    5.794765095530598
                ],
                [
                    5.025334762296288,
                    5.99476406024235
                ],
                [
                    4.8951267474628395,
                    6.3729781171904385
                ],
                [
                    5.22492323801919,
                    6.007587490306451
                ],
                [
                    4.941666465672383,
                    6.049532811734913
                ],
                [
                    5.073353006578713,
                    6.008701356107525
                ],
                [
                    5.028819086262582,
                    5.982759499171744
                ],
                [
                    5.014513854952153,
                    6.01730087377598
                ],
                [
                    5.026894673569445,
                    5.984886475678304
                ],
                [
                    5.020395970014265,
                    5.993984104605771
                ],
                [
                    5.034360609181962,
                    5.999069183701249
                ],
                [
                    5.021493399484764,
                    5.997964674519365
                ],
                [
                    5.024635127694886,
                    5.992363953697939
                ],
                [
                    5.0258147836051705,
                    5.994624133322069
                ],
                [
                    5.026786305117358,
                    5.994387181952886
                ],
                [
                    5.027781275072296,
                    5.99428700816005
                ],
                [
                    5.0268363920137755,
                    5.994884666930355
                ],
                [
                    5.0259940238045955,
                    5.993777025971642
                ],
                [
                    5.026608930759708,
                    5.99485466279447
                ],
                [
                    5.0270343194046685,
                    5.994418628944627
                ],
                [
                    5.0267925945157055,
                    5.994337579095424
                ],
                [
                    5.026747443359202,
                    5.994479321866892
                ],
                [
                    5.0267402351603545,
                    5.994367751073808
                ],
                [
                    5.02686809387912,
                    5.994329644152707
                ]
            ]
        },
        "optimization_iterations": 32,
        "qaoa_cut_value": 8,
        "termination_reason": "Return from COBYLA because the trust region radius reaches its lower bound.",
        "total_shots": 1024,