{
    "exact_max_cut_value": 2,
    "graph_metadata": {
        "density_edges": 0.5,
        "filepath": "data/generated_graphs/graph_n4_d0.50_id3.gpickle",
        "id": 3,
        "n_vertices": 4,
        "seed": 117308
    },
    "metrics": {
        "all_trajectories": [
            [
                [
                    3.946583573195849,
                    1.7187816914110035
                ],
                [
                    4.9465835731958485,
                    2.7187816914110035
                ],
                [
                    4.9465835731958485,
                    2.7187816914110035
                ],
                [
                    5.1932619770493185,
                    2.75939899157121
                ],
                [
                    5.1932619770493185,
                    2.75939899157121
                ],
                [
                    5.109923490245883,
                    2.7041296816667644
                ],
                [
                    5.109923490245883,
                    2.7041296816667644
                ],
                [
                    5.116491329927575,
                    2.654562923835375
                ],
                [
                    5.136388686623945,
                    2.60869250639126
                ],
                [
                    5.16890591029475,
                    2.514127025560553
                ],
                [
                    5.145264540087074,
                    2.505997719642852
                ],
                [
                    5.118499597165418,
                    2.463764583003472
                ],
                [
                    5.118499597165418,
                    2.463764583003472
                ],
                [
                    5.109950559497352,
                    2.4546451556667375
                ],
                [
                    5.0923526373218415,
                    2.4368880969264874
                ],
                [
                    5.0923526373218415,
                    2.4368880969264874
                ],
                [
                    5.083836107459252,
                    2.442129157801885
                ],
                [
                    5.083836107459252,
                    2.442129157801885
                ],
                [
                    5.083836107459252,
                    2.442129157801885
                ],
                [
                    5.083836107459252,
                    2.442129157801885
                ],
                [
                    5.083836107459252,
                    2.442129157801885
                ],
                [
                    5.083836107459252,
                    2.442129157801885
                ],
                [
                    5.083836107459252,
                    2.442129157801885
                ],
                [
                    5.083836107459252,
                    2.442129157801885
                ],
                [
                    5.083836107459252,
                    2.442129157801885
                ],
                [
                    5.083836107459252,
                    2.442129157801885
                ]
            ]
        ],
        "approximation_ratio": 1.0,
        "circuit_depth": 3,
        "num_parameters": 0,
        "optimization_history": {
            "fun": [
                -0.9482421875,
                -1.224609375,
                -1.623046875,
                -1.0751953125,
                -0.501953125,
                -1.6875,
                -1.1943359375,
                -1.6298828125,
                -1.7685546875,
                -1.703125,
                -1.8212890625,
                -1.87890625,
                -1.92578125,
                -1.732421875,
                -1.9404296875,
                -1.97265625,
                -1.9677734375,
                -1.9716796875,
                -1.9814453125,
                -1.98828125,
                -1.982421875,
                -1.982421875,
                -1.9892578125,
                -1.9775390625,
                -1.9833984375,
                -1.9833984375,
                -1.984375,
                -1.98046875,
                -1.986328125,
                -1.984375,
                -1.9814453125,
                -1.9755859375,
                -1.9814453125,
                -1.986328125,
                -1.9755859375,
                -1.98828125
            ],