{
    "exact_max_cut_value": 3,
    "graph_metadata": {
        "density_edges": 0.5,
        "filepath": "data/generated_graphs/graph_n4_d0.50_id1.gpickle",
        "id": 1,
        "n_vertices": 4,
        "seed": 558382
    },
    "metrics": {
        "all_trajectories": [
            [
                [
                    0.5333355094086274,
                    1.608701622793198
                ],
                [
                    -0.2147391289664462,
                    3.272316221351731
                ],
                [
                    -0.2147391289664462,
                    3.272316221351731
                ],
                [
                    -0.2147391289664462,
                    3.272316221351731
                ],
                [
                    -0.2147391289664462,
                    3.272316221351731
                ],
                [
                    -0.10026892791094894,
                    3.4945696196841616
                ],
                [
                    -0.18455440614839952,
                    3.5483837271122725
                ],
                [
                    -0.360820013713538,
                    3.642884709063216
                ],
                [
                    -0.360820013713538,
                    3.642884709063216
                ],
                [
                    -0.41063206562057697,
                    3.556173928390854
                ],
                [
                    -0.46251440450419484,
                    3.4706857835287424
                ],
                [
                    -0.46251440450419484,
                    3.4706857835287424
                ],
                [
                    -0.3771731076919542,
                    3.418562247017824
                ],
                [
                    -0.3771731076919542,
                    3.418562247017824
                ],
                [
                    -0.38439549402950013,
                    3.428764557324379
                ],
                [
                    -0.3668341863187948,
                    3.446557827723322
                ],
                [
                    -0.3668341863187948,
                    3.446557827723322
                ],
                [
                    -0.3668341863187948,
                    3.446557827723322
                ],
                [
                    -0.3668341863187948,
                    3.446557827723322
                ],
                [
                    -0.3668341863187948,
                    3.446557827723322
                ],
                [
                    -0.36914292703238305,
                    3.4421227723327528
                ],
                [
                    -0.36914292703238305,
                    3.4421227723327528
                ],
                [
                    -0.36914292703238305,
                    3.4421227723327528
                ],
                [
                    -0.36914292703238305,
                    3.4421227723327528
                ],
                [
                    -0.36914292703238305,
                    3.4421227723327528
                ],
                [
                    -0.36914292703238305,
                    3.4421227723327528
                ],
                [
                    -0.36914292703238305,
                    3.4421227723327528
                ],
                [
                    -0.36914292703238305,
                    3.4421227723327528
                ]
            ]
        ],
        "approximation_ratio": 1.0,
        "circuit_depth": 6,
        "num_parameters": 0,
        "optimization_history": {
            "fun": [
                -2.0263671875,
                -1.9658203125,
                -2.080078125,
                -2.3720703125,
                -1.98046875,
                -1.9892578125,
                -1.9482421875,
                -2.37890625,
                -2.5439453125,
                -2.5517578125,
                -2.4189453125,
                -2.625,
                -2.6259765625,
                -2.2802734375,
                -2.6875,
                -2.6416015625,
                -2.6435546875,
                -2.689453125,
                -2.7177734375,
                -2.71484375,
                -2.69921875,
                -2.689453125,
                -2.6962890625,
                -2.7099609375,
                -2.7255859375,
                -2.7216796875,
                -2.7041015625,
                -2.6884765625,
                -2.705078125,
                -2.650390625,
                -2.716796875,
                -2.685546875,
                -2.7099609375,
                -2.6923828125,
                -2.6728515625,
                -2.7041015625
            ],