{
    "exact_max_cut_value": 2,
    "graph_metadata": {
        "density_edges": 0.1,
        "filepath": "data/generated_graphs/graph_n4_d0.10_id6.gpickle",
        "id": 6,
        "n_vertices": 4,
        "seed": 715592
    },
    "metrics": {
        "all_trajectories": [
            [
                [
                    1.8480360948828172,
                    2.643533593725985
                ],
                [
                    1.8480360948828172,
                    2.643533593725985
                ],
                [
                    1.8480360948828172,
                    2.643533593725985
                ],
                [
                    1.8480360948828172,
                    2.643533593725985
                ],
                [
                    1.935026069226976,
                    2.5942107352970316
                ],
                [
                    1.9901949220844646,
                    2.5108057134195163
                ],
                [
                    1.9901949220844646,
                    2.5108057134195163
                ],
                [
                    1.9623065876178407,
                    2.4693058242548727
                ],
                [
                    1.9856926465619562,
                    2.425112020989456
                ],
                [
                    1.9784643557311532,
                    2.3756372616503207
                ],
                [
                    1.9784643557311532,
                    2.3756372616503207
                ],
                [
                    1.9540060765267868,
                    2.370461106865033
                ],
                [
                    1.9540060765267868,
                    2.370461106865033
                ],
                [
                    1.9540060765267868,
                    2.370461106865033
                ],
                [
                    1.9540060765267868,
                    2.370461106865033
                ],
                [
                    1.9540082819186668,
                    2.3704111555262455
                ],
                [
                    1.9540082819186668,
                    2.3704111555262455
                ]
            ]
        ],
        "approximation_ratio": 1.0,
        "circuit_depth": 3,
        "num_parameters": 0,
        "optimization_history": {
            "fun": [
                -1.7431640625,
                -0.2216796875,
                -0.2568359375,
                -0.3447265625,
                -1.2236328125,
                -1.423828125,
                -1.6494140625,
                -1.873046875,
                -1.951171875,
                -1.8291015625,
                -1.9697265625,
                -1.986328125,
                -1.998046875,
                -1.9833984375,
                -1.9990234375,
                -1.9990234375,
                -1.9990234375,
                -2.0,
                -1.99609375,
                -1.9990234375,
                -2.0
            ],
            "params": [
                [
                    1.8480360948828172,
                    2.643533593725985
                ],
                [
                    2.848036094882817,
                    2.643533593725985
                ],
                [
                    1.8480360948828172,
                    3.643533593725985
                ],
                [
                    1.1327132900676213,
                    1.9447394288166597
                ],
                [
                    2.3063227721074893,
                    2.4436003011547642
                ],
                [
                    1.8275008546152898,
                    2.8926887740998937
                ],
                [
                    1.7982050588080354,
                    2.6394265456724795
                ],
                [
                    1.935026069226976,
                    2.5942107352970316
                ],
                [
                    1.9901949220844646,
                    2.5108057134195163
                ],
                [
                    2.090055161047191,
                    2.516090850532887
                ],
                [
                    1.9623065876178407,
                    2.4693058242548727
                ],
                [
                    1.9856926465619562,
                    2.425112020989456
                ],
                [
                    1.9784643557311532,
                    2.3756372616503207
                ],
                [
                    2.008971486037004,
                    2.3360226809949376
                ],
                [
                    1.9540060765267868,
                    2.370461106865033
                ],
                [
                    1.9544471549027929,
                    2.360470839107549
                ],
                [
                    1.9490109426480449,
                    2.3702405676770297
                ],
                [
                    1.9540082819186668,
                    2.3704111555262455
                ],
                [
                    1.9540126927024268,
                    2.3703112528486705
                ],
                [
                    1.9540582332574543,
                    2.3704133609181257
                ],
                [
                    1.9539596589580999,
                    2.370498538635058
                ]
            ]
        },
        "optimization_iterations": 21,
        "qaoa_cut_value": 2,
        "termination_reason": "Return from COBYLA because the trust region radius reaches its lower bound.",
        "total_shots": 1024,
        "trajectory_params": [
            [
                1.8480360948828172,
                2.643533593725985
            ],
            [
                1.8480360948828172,
                2.643533593725985
            ],
            [
                1.8480360948828172,
                2.643533593725985
            ],
            [
                1.8480360948828172,
                2.643533593725985
            ],
            [
                1.935026069226976,
                2.5942107352970316
            ],
            [
                1.9901949220844646,
                2.5108057134195163
            ],
            [
                1.9901949220844646,
                2.5108057134195163
            ],
            [
                1.9623065876178407,
                2.4693058242548727
            ],
            [
                1.9856926465619562,
                2.425112020989456
            ],
            [
                1.9784643557311532,
                2.3756372616503207
            ],
            [
                1.9784643557311532,
                2.3756372616503207
            ],
            [
                1.9540060765267868,
                2.370461106865033
            ],
            [
                1.9540060765267868,
                2.370461106865033
            ],
            [
                1.9540060765267868,
                2.370461106865033
            ],
            [
                1.9540060765267868,
                2.370461106865033
            ],
            [
                1.9540082819186668,
                2.3704111555262455
            ],
            [
                1.9540082819186668,
                2.3704111555262455
            ]
        ]
    },
    "qaoa_config": {
        "encoding": "binary",
        "mixer": "standard",
        "optimizer": "COBYLA",
        "p_value": 1
    },
    "qaoa_results": {
        "best_measured_bitstring": "0011",
        "best_measured_cut_value": 2,
        "optimal_params": [
            1.9540082819186668,
            2.3704111555262455
        ],
        "qaoa_expected_cut_value": 1.9990234375,
        "quasi_distribution": {
            "0010": 0.0009765625,
            "0011": 0.263671875,