{
    "exact_max_cut_value": 13,
    "graph_metadata": {
        "density_edges": 0.75,
        "filepath": "data/generated_graphs/graph_n8_d0.75_id9.gpickle",
        "id": 9,
        "n_vertices": 8,
        "seed": 625266
    },
    "metrics": {
        "all_trajectories": [
            [
                [
                    4.973849458501149,
                    6.203129952828831
                ],
                [
                    4.973849458501149,
                    6.203129952828831
                ],
                [
                    4.973849458501149,
                    6.203129952828831
                ],
                [
                    4.9820844903052235,
                    6.153812772747384
                ],
                [
                    5.037636362835661,
                    6.070662370112387
                ],
                [
                    5.037636362835661,
                    6.070662370112387
                ],
                [
                    5.037636362835661,
                    6.070662370112387
                ],
                [
                    5.0391821887998525,
                    6.083066418729207
                ],
                [
                    5.0391821887998525,
                    6.083066418729207
                ],
                [
                    5.0391821887998525,
                    6.083066418729207
                ],
                [
                    5.0391821887998525,
                    6.083066418729207
                ],
                [
                    5.034401666594843,
                    6.081601288206894
                ],
                [
                    5.032082474484468,
                    6.086030887280757
                ],
                [
                    5.028960479144314,
                    6.089936414786237
                ],
                [
                    5.028960479144314,
                    6.089936414786237
                ],
                [
                    5.028960479144314,
                    6.089936414786237
                ],
                [
                    5.028960479144314,
                    6.089936414786237
                ],
                [
                    5.028960479144314,
                    6.089936414786237
                ],
                [
                    5.028960479144314,
                    6.089936414786237
                ],
                [
                    5.028960479144314,
                    6.089936414786237
                ],
                [
                    5.028960479144314,
                    6.089936414786237
                ],
                [
                    5.028960479144314,
                    6.089936414786237
                ]
            ]
        ],
        "approximation_ratio": 1.0,
        "circuit_depth": 13,
        "num_parameters": 0,
        "optimization_history": {
            "fun": [
                -10.0478515625,
                -7.6376953125,
                -8.978515625,
                -7.2880859375,
                -7.142578125,
                -9.103515625,
                -10.466796875,
                -10.6533203125,
                -10.416015625,
                -10.5615234375,
                -10.6142578125,
                -10.7587890625,
                -10.62890625,
                -10.7275390625,
                -10.69921875,
                -10.6865234375,
                -10.7646484375,
                -10.7802734375,
                -10.8017578125,
                -10.65625,
                -10.646484375,
                -10.6875,
                -10.6806640625,
                -10.66796875,
                -10.7119140625,
                -10.69140625,
                -10.708984375,
                -10.75390625,
                -10.7470703125,
                -10.681640625,
                -10.7490234375
            ],
            "params": [
                [
                    4.973849458501149,
                    6.203129952828831
                ],
                [
                    5.973849458501149,
                    6.203129952828831
                ],
                [
                    4.973849458501149,
                    7.203129952828831
                ],
                [
                    4.059778456402647,
                    5.797575760244609
                ],
                [
                    5.451955071453561,
                    6.05679122636383
                ],
                [
                    4.727263558093913,
                    6.161954793808456
                ],
                [
                    4.9820844903052235,
                    6.153812772747384
                ],
                [
                    5.037636362835661,
                    6.070662370112387
                ],
                [
                    5.134600822992922,
                    6.0951142302954295
                ],
                [
                    4.993984613397824,
                    5.9806927931932075
                ],
                [
                    5.087252557302941,
                    6.064479066255622
                ],
                [
                    5.0391821887998525,
                    6.083066418729207
                ],
                [
                    5.039973410202609,
                    6.108053894966151
                ],
                [
                    5.034184693552464,
                    6.083224663009759
                ],
                [
                    5.046666110965975,
                    6.076433854442945
                ],
                [
                    5.042957051060706,
                    6.092326570721026
                ],
                [
                    5.034401666594843,
                    6.081601288206894
                ],
                [
                    5.032082474484468,
                    6.086030887280757
                ],
                [
                    5.028960479144314,
                    6.089936414786237
                ],
                [
                    5.0266582069156645,
                    6.099667783784748
                ],
                [
                    5.024764455546947,
                    6.087217336639082
                ],
                [
                    5.030685395721246,
                    6.0917460177268365
                ],
                [
                    5.028598558556194,
                    6.090281398101624
                ],
                [
                    5.0295438210079695,
                    6.089124188050586
                ],
                [
                    5.028554365776489,
                    6.089644743854409
                ],
                [
                    5.029263580544623,
                    6.090889373096516
                ],
                [
                    5.0284634613593315,
                    6.089881886615438
                ],
                [
                    5.028974111187014,
                    6.089812160339991
                ],
                [
                    5.029044334898399,
                    6.090171931691165
                ],
                [
                    5.0288620754936035,
                    6.089954211458029
                ],
                [
                    5.029053254584221,
                    6.089973733920071
                ]
            ]
        },
        "optimization_iterations": 31,
        "qaoa_cut_value": 13,
        "termination_reason": "Return from COBYLA because the trust region radius reaches its lower bound.",
        "total_shots": 1024,