{
    "exact_max_cut_value": 2,
    "graph_metadata": {
        "density_edges": 0.1,
        "filepath": "data/generated_graphs/graph_n4_d0.10_id8.gpickle",
        "id": 8,
        "n_vertices": 4,
        "seed": 406302
    },
    "metrics": {
        "all_trajectories": [
            [
                [
                    5.1169492311033125,
                    2.0974772970664155
                ],
                [
                    6.1169492311033125,
                    3.0974772970664155
                ],
                [
                    5.619941918655493,
                    3.152100839366377
                ],
                [
                    5.613318050698687,
                    3.402013072706986
                ],
                [
                    5.664432163093383,
                    3.8993935583657042
                ],
                [
                    5.415940446224402,
                    3.9268137452269603
                ],
                [
                    5.16756808258234,
                    3.955294773629308
                ],
                [
                    5.161871876901871,
                    3.9056203009008956
                ],
                [
                    5.112791353045256,
                    3.8184933694849423
                ],
                [
                    5.060454013882385,
                    3.6254627943696236
                ],
                [
                    4.86084377929808,
                    3.637942948583364
                ],
                [
                    4.86084377929808,
                    3.637942948583364
                ],
                [
                    4.8324008301568515,
                    3.7338126447555617
                ],
                [
                    4.8324008301568515,
                    3.7338126447555617
                ],
                [
                    4.771108775786869,
                    3.6547981899317312
                ],
                [
                    4.771108775786869,
                    3.6547981899317312
                ],
                [
                    4.771108775786869,
                    3.6547981899317312
                ],
                [
                    4.771108775786869,
                    3.6547981899317312
                ],
                [
                    4.771108775786869,
                    3.6547981899317312
                ],
                [
                    4.771108775786869,
                    3.6547981899317312
                ],
                [
                    4.771108775786869,
                    3.6547981899317312
                ],
                [
                    4.771108775786869,
                    3.6547981899317312
                ],
                [
                    4.771108775786869,
                    3.6547981899317312
                ],
                [
                    4.771108775786869,
                    3.6547981899317312
                ],
                [
                    4.771108775786869,
                    3.6547981899317312
                ],
                [
                    4.771108775786869,
                    3.6547981899317312
                ],
                [
                    4.771108775786869,
                    3.6547981899317312
                ]
            ]
        ],
        "approximation_ratio": 1.0,
        "circuit_depth": 7,
        "num_parameters": 0,
        "optimization_history": {
            "fun": [
                -0.8310546875,
                -0.9638671875,
                -1.021484375,
                -0.5634765625,
                -1.025390625,
                -1.2998046875,
                -1.3017578125,
                -1.384765625,
                -1.4423828125,
                -1.3837890625,
                -1.4697265625,
                -1.564453125,
                -1.5888671875,
                -1.6318359375,
                -1.630859375,
                -1.6533203125,
                -1.6142578125,
                -1.626953125,
                -1.66796875,
                -1.6201171875,
                -1.642578125,
                -1.6435546875,
                -1.6435546875,
                -1.6357421875,
                -1.66015625,
                -1.6416015625,
                -1.6591796875,
                -1.64453125,
                -1.6318359375,
                -1.646484375,
                -1.646484375,
                -1.6279296875,
                -1.6376953125,
                -1.666015625,
                -1.64453125,
                -1.6474609375,
                -1.6669921875
            ],