{
    "exact_max_cut_value": 3,
    "graph_metadata": {
        "density_edges": 0.25,
        "filepath": "data/generated_graphs/graph_n4_d0.25_id5.gpickle",
        "id": 5,
        "n_vertices": 4,
        "seed": 863747
    },
    "metrics": {
        "all_trajectories": [
            [
                [
                    2.330399281889915,
                    6.164738450191311
                ],
                [
                    2.330399281889915,
                    6.164738450191311
                ],
                [
                    2.330399281889915,
                    6.164738450191311
                ],
                [
                    2.5258351499527216,
                    6.008838413390362
                ],
                [
                    2.5258351499527216,
                    6.008838413390362
                ],
                [
                    2.4446056265152163,
                    5.9505137657522
                ],
                [
                    2.34460759669972,
                    5.949886045257737
                ],
                [
                    2.34460759669972,
                    5.949886045257737
                ],
                [
                    2.332465177916891,
                    5.8506259744029245
                ],
                [
                    2.332465177916891,
                    5.8506259744029245
                ],
                [
                    2.332465177916891,
                    5.8506259744029245
                ],
                [
                    2.332465177916891,
                    5.8506259744029245
                ],
                [
                    2.332465177916891,
                    5.8506259744029245
                ],
                [
                    2.332465177916891,
                    5.8506259744029245
                ],
                [
                    2.332465177916891,
                    5.8506259744029245
                ],
                [
                    2.332465177916891,
                    5.8506259744029245
                ],
                [
                    2.332465177916891,
                    5.8506259744029245
                ],
                [
                    2.332465177916891,
                    5.8506259744029245
                ],
                [
                    2.332465177916891,
                    5.8506259744029245
                ],
                [
                    2.332465177916891,
                    5.8506259744029245
                ],
                [
                    2.332231032769206,
                    5.850538361334175
                ],
                [
                    2.332231032769206,
                    5.850538361334175
                ],
                [
                    2.332231032769206,
                    5.850538361334175
                ]
            ]
        ],
        "approximation_ratio": 1.0,
        "circuit_depth": 9,
        "num_parameters": 0,
        "optimization_history": {
            "fun": [
                -1.7626953125,
                -1.384765625,
                -1.3369140625,
                -1.66796875,
                -0.8818359375,
                -1.9326171875,
                -1.78125,
                -1.8525390625,
                -1.9921875,
                -2.0791015625,
                -2.044921875,
                -2.1162109375,
                -2.0078125,
                -2.115234375,
                -2.01953125,
                -2.0791015625,
                -2.0615234375,
                -2.0419921875,
                -2.080078125,
                -1.9892578125,
                -2.0400390625,
                -2.080078125,
                -2.0673828125,
                -2.078125,
                -2.044921875,
                -2.1376953125,
                -2.095703125,
                -2.0419921875,
                -2.05078125,
                -2.1064453125,
                -2.0927734375
            ],
            "params": [
                [
                    2.330399281889915,
                    6.164738450191311
                ],
                [
                    3.330399281889915,
                    6.164738450191311
                ],
                [
                    2.330399281889915,
                    7.164738450191311
                ],
                [
                    1.6665679542607228,
                    5.416856127590981
                ],
                [
                    2.013863144106934,
                    6.551784795578312
                ],
                [
                    2.5258351499527216,
                    6.008838413390362
                ],
                [
                    2.734037073162484,
                    5.870447809765129
                ],
                [
                    2.5535132706777683,
                    6.050478798032314
                ],
                [
                    2.4446056265152163,
                    5.9505137657522
                ],
                [
                    2.34460759669972,
                    5.949886045257737
                ],
                [
                    2.1492467352179245,
                    5.992712833616085
                ],
                [
                    2.332465177916891,
                    5.8506259744029245
                ],
                [
                    2.355368314458065,
                    5.753284070083272
                ],
                [
                    2.232517770468298,
                    5.853868773241119
                ],
                [
                    2.332150677841475,
                    5.800626963515683
                ],
                [
                    2.3449649306387017,
                    5.850547349384071
                ],
                [
                    2.311602927214524,
                    5.8644015504573614
                ],
                [
                    2.3291312412312895,
                    5.841198097326064
                ],
                [
                    2.3293554344540772,
                    5.860130157460689
                ],
                [
                    2.3298091271384433,
                    5.846389773951777
                ],
                [
                    2.333524228029678,
                    5.8499619617083125
                ],
                [
                    2.331020787473755,
                    5.852666497925891
                ],
                [
                    2.3316943622934407,
                    5.849988916105243
                ],
                [
                    2.3323208740711765,
                    5.851615507828389
                ],
                [
                    2.3329431065794513,
                    5.850479058802992
                ],
                [
                    2.332231032769206,
                    5.850538361334175
                ],
                [
                    2.33202339235627,
                    5.850399129660639
                ],
                [
                    2.3322031864344988,
                    5.850579889416762
                ],
                [
                    2.3322937729245385,
                    5.850460491745061
                ],
                [
                    2.3322699675637635,
                    5.8505697314118414
                ],
                [
                    2.3321346331413744,
                    5.850564952907162
                ]
            ]
        },
        "optimization_iterations": 31,
        "qaoa_cut_value": 3,
        "termination_reason": "Return from COBYLA because the trust region radius reaches its lower bound.",
        "total_shots": 1024,