{
    "exact_max_cut_value": 5,
    "graph_metadata": {
        "density_edges": 0.1,
        "filepath": "data/generated_graphs/graph_n8_d0.10_id3.gpickle",
        "id": 3,
        "n_vertices": 8,
        "seed": 741317
    },
    "metrics": {
        "all_trajectories": [
            [
                [
                    3.0997554997507697,
                    4.782281339460991
                ],
                [
                    4.122319198180496,
                    3.782535932113114
                ],
                [
                    4.122319198180496,
                    3.782535932113114
                ],
                [
                    4.122319198180496,
                    3.782535932113114
                ],
                [
                    4.1708592678967085,
                    3.537293477322054
                ],
                [
                    4.1708592678967085,
                    3.537293477322054
                ],
                [
                    4.185357497595878,
                    3.585145345996016
                ],
                [
                    4.185357497595878,
                    3.585145345996016
                ],
                [
                    4.185357497595878,
                    3.585145345996016
                ],
                [
                    4.1831417047503665,
                    3.5351944675045845
                ],
                [
                    4.1831417047503665,
                    3.5351944675045845
                ],
                [
                    4.1831417047503665,
                    3.5351944675045845
                ],
                [
                    4.1831417047503665,
                    3.5351944675045845
                ],
                [
                    4.1831417047503665,
                    3.5351944675045845
                ],
                [
                    4.1831417047503665,
                    3.5351944675045845
                ],
                [
                    4.178407515709474,
                    3.5335859109699572
                ],
                [
                    4.178407515709474,
                    3.5335859109699572
                ],
                [
                    4.178407515709474,
                    3.5335859109699572
                ],
                [
                    4.178407515709474,
                    3.5335859109699572
                ],
                [
                    4.178407515709474,
                    3.5335859109699572
                ],
                [
                    4.178407515709474,
                    3.5335859109699572
                ],
                [
                    4.178407515709474,
                    3.5335859109699572
                ],
                [
                    4.178407515709474,
                    3.5335859109699572
                ],
                [
                    4.178406194789655,
                    3.5334859196944834
                ],
                [
                    4.178406194789655,
                    3.5334859196944834
                ]
            ]
        ],
        "approximation_ratio": 1.0,
        "circuit_depth": 9,
        "num_parameters": 0,
        "optimization_history": {
            "fun": [
                -2.50390625,
                -2.5166015625,
                -1.9541015625,
                -2.837890625,
                -1.6298828125,
                -2.4814453125,
                -2.6689453125,
                -3.2353515625,
                -2.1064453125,
                -3.109375,
                -3.244140625,
                -3.2216796875,
                -3.0595703125,
                -3.3466796875,
                -3.2998046875,
                -3.3076171875,
                -3.3173828125,
                -3.3056640625,
                -3.283203125,
                -3.3271484375,
                -3.365234375,
                -3.3095703125,
                -3.2880859375,
                -3.3115234375,
                -3.328125,
                -3.30859375,
                -3.3359375,
                -3.25390625,
                -3.291015625,
                -3.3505859375,
                -3.3994140625,
                -3.3642578125,
                -3.3212890625
            ],