{
    "exact_max_cut_value": 2,
    "graph_metadata": {
        "density_edges": 0.1,
        "filepath": "data/generated_graphs/graph_n4_d0.10_id6.gpickle",
        "id": 6,
        "n_vertices": 4,
        "seed": 715592
    },
    "metrics": {
        "all_trajectories": [
            [
                [
                    5.201866361671249,
                    2.793493467581283,
                    2.213709370201276,
                    4.712728409349792
                ],
                [
                    6.201866361671249,
                    2.793493467581283,
                    2.213709370201276,
                    4.712728409349792
                ],
                [
                    6.201866361671249,
                    2.793493467581283,
                    2.213709370201276,
                    4.712728409349792
                ],
                [
                    6.187192153816602,
                    2.7456952707132145,
                    2.213709370201276,
                    4.712728409349792
                ],
                [
                    6.187192153816602,
                    2.7456952707132145,
                    2.1769205535413736,
                    4.746589640407803
                ],
                [
                    6.1875936880528295,
                    2.7140580017005567,
                    2.2332160848265334,
                    4.82294234263241
                ],
                [
                    6.1875936880528295,
                    2.7140580017005567,
                    2.2332160848265334,
                    4.82294234263241
                ],
                [
                    6.1875936880528295,
                    2.7140580017005567,
                    2.2332160848265334,
                    4.82294234263241
                ],
                [
                    6.1875936880528295,
                    2.7140580017005567,
                    2.2332160848265334,
                    4.82294234263241
                ],
                [
                    6.1875936880528295,
                    2.7140580017005567,
                    2.2332160848265334,
                    4.82294234263241
                ],
                [
                    6.1875936880528295,
                    2.7140580017005567,
                    2.2332160848265334,
                    4.82294234263241
                ],
                [
                    6.1875936880528295,
                    2.7140580017005567,
                    2.2332160848265334,
                    4.82294234263241
                ],
                [
                    6.1875936880528295,
                    2.7140580017005567,
                    2.2332160848265334,
                    4.82294234263241
                ],
                [
                    6.1875936880528295,
                    2.7140580017005567,
                    2.2332160848265334,
                    4.82294234263241
                ],
                [
                    6.1875936880528295,
                    2.7140580017005567,
                    2.2332160848265334,
                    4.82294234263241
                ],
                [
                    6.1875936880528295,
                    2.7140580017005567,
                    2.2332160848265334,
                    4.82294234263241
                ],
                [
                    6.1875936880528295,
                    2.7140580017005567,
                    2.2332160848265334,
                    4.82294234263241
                ],
                [
                    6.1875936880528295,
                    2.7140580017005567,
                    2.2332160848265334,
                    4.82294234263241
                ],
                [
                    6.1875936880528295,
                    2.7140580017005567,
                    2.2332160848265334,
                    4.82294234263241
                ]
            ]
        ],
        "approximation_ratio": 1.0,
        "circuit_depth": 5,
        "num_parameters": 0,
        "optimization_history": {
            "fun": [
                -0.796875,
                -1.84375,
                -0.8125,
                -0.90625,
                -0.8251953125,
                -0.927734375,
                -0.5732421875,
                -1.673828125,
                -1.8837890625,
                -1.7294921875,
                -1.8974609375,
                -1.9853515625,
                -1.9619140625,
                -1.94921875,
                -1.927734375,
                -1.9638671875,
                -1.970703125,
                -1.9658203125,
                -1.9775390625,
                -1.96875,
                -1.9814453125,
                -1.966796875,
                -1.9697265625,
                -1.96875,
                -1.966796875,
                -1.9580078125,
                -1.978515625,
                -1.9775390625,
                -1.9736328125,
                -1.96875,
                -1.9697265625,
                -1.9755859375,
                -1.966796875,
                -1.978515625,
                -1.9765625
            ],