{
    "exact_max_cut_value": 5,
    "graph_metadata": {
        "density_edges": 0.1,
        "filepath": "data/generated_graphs/graph_n8_d0.10_id7.gpickle",
        "id": 7,
        "n_vertices": 8,
        "seed": 66295
    },
    "metrics": {
        "all_trajectories": [
            [
                [
                    0.23408243323498193,
                    1.8669145056648642
                ],
                [
                    -0.532027439927542,
                    3.5096241308012095
                ],
                [
                    -0.532027439927542,
                    3.5096241308012095
                ],
                [
                    -0.532027439927542,
                    3.5096241308012095
                ],
                [
                    -0.2885030222903443,
                    3.566156051115875
                ],
                [
                    -0.2885030222903443,
                    3.566156051115875
                ],
                [
                    -0.2981482289979414,
                    3.6656898141692618
                ],
                [
                    -0.2981482289979414,
                    3.6656898141692618
                ],
                [
                    -0.3964778870796115,
                    3.683890867477844
                ],
                [
                    -0.3964778870796115,
                    3.683890867477844
                ],
                [
                    -0.3964778870796115,
                    3.683890867477844
                ],
                [
                    -0.3964778870796115,
                    3.683890867477844
                ],
                [
                    -0.39704962158361207,
                    3.6739072248732163
                ],
                [
                    -0.39704962158361207,
                    3.6739072248732163
                ],
                [
                    -0.39704962158361207,
                    3.6739072248732163
                ],
                [
                    -0.39704962158361207,
                    3.6739072248732163
                ],
                [
                    -0.39704962158361207,
                    3.6739072248732163
                ],
                [
                    -0.39704962158361207,
                    3.6739072248732163
                ],
                [
                    -0.39704962158361207,
                    3.6739072248732163
                ],
                [
                    -0.39704962158361207,
                    3.6739072248732163
                ],
                [
                    -0.39704962158361207,
                    3.6739072248732163
                ],
                [
                    -0.39704962158361207,
                    3.6739072248732163
                ]
            ]
        ],
        "approximation_ratio": 1.0,
        "circuit_depth": 4,
        "num_parameters": 0,
        "optimization_history": {
            "fun": [
                -2.8056640625,
                -2.078125,
                -3.416015625,
                -3.748046875,
                -2.7041015625,
                -2.287109375,
                -3.5849609375,
                -4.0,
                -2.853515625,
                -4.1064453125,
                -3.953125,
                -4.2431640625,
                -4.1123046875,
                -4.19921875,
                -4.2138671875,
                -4.2021484375,
                -4.275390625,
                -4.2470703125,
                -4.2255859375,
                -4.2421875,
                -4.2265625,
                -4.25390625,
                -4.216796875,
                -4.2138671875,
                -4.2353515625,
                -4.2333984375,
                -4.2275390625,
                -4.1884765625,
                -4.2236328125,
                -4.2568359375,
                -4.224609375,
                -4.263671875,
                -4.2490234375
            ],
            "params": [
                [
                    0.23408243323498193,
                    1.8669145056648642
                ],
                [
                    1.234082433234982,
                    1.8669145056648642
                ],
                [
                    0.23408243323498193,
                    2.866914505664864
                ],
                [
                    -0.532027439927542,
                    3.5096241308012095
                ],
                [
                    -0.4042385329457564,
                    4.50142551981637
                ],
                [
                    -0.93065558237894,
                    3.20780364765643
                ],
                [
                    -0.6074825607137369,
                    3.609281166414059
                ],
                [
                    -0.2885030222903443,
                    3.566156051115875
                ],
                [
                    -0.07442522408790914,
                    3.43704100041768
                ],
                [
                    -0.2981482289979414,
                    3.6656898141692618
                ],
                [
                    -0.24235674941072993,
                    3.748679637674736
                ],
                [
                    -0.3964778870796115,
                    3.683890867477844
                ],
                [
                    -0.47518107684221195,
                    3.7455820979826098
                ],
                [
                    -0.41728967602110223,
                    3.638428031655
                ],
                [
                    -0.3715674935538401,
                    3.686005647464322
                ],
                [
                    -0.39690084307690704,
                    3.6888729461829985
                ],
                [
                    -0.39704962158361207,
                    3.6739072248732163
                ],
                [
                    -0.39979410119176684,
                    3.6642912053391044
                ],
                [
                    -0.40185763135066804,
                    3.6752794646772937
                ],
                [
                    -0.38704962669673976,
                    3.673897112379589
                ],
                [
                    -0.4002926800411399,
                    3.6777128223087128
                ],
                [
                    -0.3945562625661305,
                    3.673725123775077
                ],
                [
                    -0.39708604180323986,
                    3.67340855306972
                ],
                [
                    -0.39704991887721824,
                    3.6749072248290244
                ],
                [
                    -0.3975496215615162,
                    3.673907076226413
                ],
                [
                    -0.3962564571439842,
                    3.6732982173431235
                ],
                [
                    -0.3974756612876265,
                    3.6736455186054213
                ],
                [
                    -0.39711504815056087,
                    3.67401373479922
                ],
                [
                    -0.39689094431135025,
                    3.6737140370804666
                ],
                [
                    -0.39701098402506213,
                    3.6739389603276686
                ],
                [
                    -0.397148028294125,
                    3.6738894451283914
                ],
                [
                    -0.3970585114560244,
                    3.6739564282284727
                ],
                [
                    -0.39695282153984207,
                    3.6738821300226263
                ]
            ]
        },
        "optimization_iterations": 33,