{
    "exact_max_cut_value": 3,
    "graph_metadata": {
        "density_edges": 0.1,
        "filepath": "data/generated_graphs/graph_n4_d0.10_id5.gpickle",
        "id": 5,
        "n_vertices": 4,
        "seed": 646911
    },
    "metrics": {
        "all_trajectories": [
            [
                [
                    3.195385476244822,
                    3.875926332727832,
                    3.4634506174242405,
                    5.260272755435882
                ],
                [
                    4.195385476244822,
                    4.875926332727833,
                    3.4634506174242405,
                    5.260272755435882
                ],
                [
                    4.3199936503168646,
                    4.866036795103067,
                    3.4634506174242405,
                    5.260272755435882
                ],
                [
                    4.321242223169204,
                    4.8817688130425445,
                    3.444472310068681,
                    5.216789787191956
                ],
                [
                    4.341427452780324,
                    4.9558499910803135,
                    3.3983712799220585,
                    5.261278331621989
                ],
                [
                    4.341427452780324,
                    4.9558499910803135,
                    3.3983712799220585,
                    5.261278331621989
                ],
                [
                    4.297990198025857,
                    5.018604953254894,
                    3.460982846495636,
                    5.245315520056827
                ],
                [
                    4.297990198025857,
                    5.018604953254894,
                    3.460982846495636,
                    5.245315520056827
                ],
                [
                    4.297990198025857,
                    5.018604953254894,
                    3.460982846495636,
                    5.245315520056827
                ],
                [
                    4.26631225399747,
                    5.043907719567819,
                    3.4887615172687223,
                    5.236116426127074
                ],
                [
                    4.26631225399747,
                    5.043907719567819,
                    3.4887615172687223,
                    5.236116426127074
                ],
                [
                    4.26631225399747,
                    5.043907719567819,
                    3.4887615172687223,
                    5.236116426127074
                ],
                [
                    4.26631225399747,
                    5.043907719567819,
                    3.4887615172687223,
                    5.236116426127074
                ],
                [
                    4.26631225399747,
                    5.043907719567819,
                    3.4887615172687223,
                    5.236116426127074
                ],
                [
                    4.26631225399747,
                    5.043907719567819,
                    3.4887615172687223,
                    5.236116426127074
                ],
                [
                    4.26631225399747,
                    5.043907719567819,
                    3.4887615172687223,
                    5.236116426127074
                ],
                [
                    4.26631225399747,
                    5.043907719567819,
                    3.4887615172687223,
                    5.236116426127074
                ],
                [
                    4.26631225399747,
                    5.043907719567819,
                    3.4887615172687223,
                    5.236116426127074
                ],
                [
                    4.26631225399747,
                    5.043907719567819,
                    3.4887615172687223,
                    5.236116426127074
                ],
                [
                    4.26631225399747,
                    5.043907719567819,
                    3.4887615172687223,
                    5.236116426127074
                ],
                [
                    4.26631225399747,
                    5.043907719567819,
                    3.4887615172687223,
                    5.236116426127074
                ],
                [
                    4.26631225399747,
                    5.043907719567819,
                    3.4887615172687223,
                    5.236116426127074
                ],
                [
                    4.26631225399747,
                    5.043907719567819,
                    3.4887615172687223,
                    5.236116426127074
                ],
                [
                    4.26631225399747,
                    5.043907719567819,
                    3.4887615172687223,
                    5.236116426127074
                ]
            ]
        ],
        "approximation_ratio": 1.0,
        "circuit_depth": 9,
        "num_parameters": 0,
        "optimization_history": {
            "fun": [
                -1.67578125,
                -1.7392578125,
                -2.5390625,
                -1.57421875,
                -2.2900390625,
                -2.1572265625,
                -2.4443359375,
                -2.60546875,
                -2.029296875,
                -2.6103515625,
                -2.6123046875,
                -2.53125,
                -2.576171875,
                -2.703125,
                -2.6328125,
                -2.67578125,
                -2.7431640625,
                -2.65625,
                -2.625,
                -2.69921875,
                -2.705078125,
                -2.6943359375,
                -2.7197265625,
                -2.728515625,
                -2.69140625,
                -2.720703125,
                -2.681640625,
                -2.69921875,
                -2.71875,
                -2.7294921875,
                -2.720703125,
                -2.6953125,
                -2.72265625,
                -2.7099609375,
                -2.6787109375,
                -2.7041015625,
                -2.7041015625,
                -2.703125,
                -2.669921875,
                -2.7041015625,
                -2.7021484375,
                -2.7109375
            ],