{
    "exact_max_cut_value": 8,
    "graph_metadata": {
        "density_edges": 0.5,
        "filepath": "data/generated_graphs/graph_n8_d0.50_id2.gpickle",
        "id": 2,
        "n_vertices": 8,
        "seed": 600627
    },
    "metrics": {
        "all_trajectories": [
            [
                [
                    1.5785223022406005,
                    2.1088415984963005
                ],
                [
                    2.5785223022406005,
                    2.1088415984963005
                ],
                [
                    2.5785223022406005,
                    2.1088415984963005
                ],
                [
                    2.363701790231441,
                    1.9809660823873807
                ],
                [
                    2.363701790231441,
                    1.9809660823873807
                ],
                [
                    2.4109085322461894,
                    2.0691223272504247
                ],
                [
                    2.4109085322461894,
                    2.0691223272504247
                ],
                [
                    2.4109085322461894,
                    2.0691223272504247
                ],
                [
                    2.4104859252253603,
                    2.081615181340101
                ],
                [
                    2.4104859252253603,
                    2.081615181340101
                ],
                [
                    2.4104859252253603,
                    2.081615181340101
                ],
                [
                    2.4104859252253603,
                    2.081615181340101
                ],
                [
                    2.4104859252253603,
                    2.081615181340101
                ],
                [
                    2.4104859252253603,
                    2.081615181340101
                ],
                [
                    2.4104859252253603,
                    2.081615181340101
                ],
                [
                    2.4104859252253603,
                    2.081615181340101
                ],
                [
                    2.4104859252253603,
                    2.081615181340101
                ],
                [
                    2.4104859252253603,
                    2.081615181340101
                ],
                [
                    2.4104859252253603,
                    2.081615181340101
                ]
            ]
        ],
        "approximation_ratio": 1.0,
        "circuit_depth": 8,
        "num_parameters": 0,
        "optimization_history": {
            "fun": [
                -4.982421875,
                -5.4482421875,
                -4.8173828125,
                -4.9892578125,
                -3.486328125,
                -5.57421875,
                -5.3466796875,
                -5.447265625,
                -5.583984375,
                -5.5,
                -5.568359375,
                -5.5517578125,
                -5.6455078125,
                -5.5654296875,
                -5.6396484375,
                -5.564453125,
                -5.537109375,
                -5.55859375,
                -5.6337890625,
                -5.607421875,
                -5.6123046875,
                -5.60546875,
                -5.5537109375,
                -5.5771484375,
                -5.4638671875,
                -5.5634765625,
                -5.6220703125,
                -5.6259765625,
                -5.494140625
            ],
            "params": [
                [
                    1.5785223022406005,
                    2.1088415984963005
                ],
                [
                    2.5785223022406005,
                    2.1088415984963005
                ],
                [
                    2.5785223022406005,
                    3.1088415984963005
                ],
                [
                    3.172528136594981,
                    1.3043808668549381
                ],
                [
                    2.805461897833205,
                    2.5543732134825605
                ],
                [
                    2.363701790231441,
                    1.9809660823873807
                ],
                [
                    2.1164142464858524,
                    2.0176930576000722
                ],
                [
                    2.356356395188903,
                    1.9315085736382631
                ],
                [
                    2.4109085322461894,
                    2.0691223272504247
                ],
                [
                    2.5035048353369804,
                    2.031360909719851
                ],
                [
                    2.3286811986997153,
                    2.1260316025738457
                ],
                [
                    2.4608799486048953,
                    2.070812755333741
                ],
                [
                    2.4104859252253603,
                    2.081615181340101
                ],
                [
                    2.4064036271174816,
                    2.106279626238748
                ],
                [
                    2.4055530362456308,
                    2.080798721718525
                ],
                [
                    2.415409136100688,
                    2.0729110446984196
                ],
                [
                    2.4101321053445446,
                    2.0916089199544503
                ],
                [
                    2.4118166099387395,
                    2.076795505189821
                ],
                [
                    2.410242425483292,
                    2.0841032946565745
                ],
                [
                    2.410983547888655,
                    2.0816638812885144
                ],
                [
                    2.4094985415740617,
                    2.081456835120859
                ],
                [
                    2.4105650983349816,
                    2.0811214895144516
                ],
                [
                    2.4107178369257376,
                    2.082587918181815
                ],
                [
                    2.4107009127107575,
                    2.0811637609361284
                ],
                [
                    2.410499851811803,
                    2.081864793139081
                ],
                [
                    2.410535847585156,
                    2.0816123960228126
                ],
                [
                    2.4103923765712834,
                    2.081579845107698
                ],
                [
                    2.4105035933415615,
                    2.0815684070130627
                ],
                [
                    2.410503755041502,
                    2.0817135789907657
                ]
            ]
        },
        "optimization_iterations": 29,
        "qaoa_cut_value": 8,
        "termination_reason": "Return from COBYLA because the trust region radius reaches its lower bound.",
        "total_shots": 1024,