{
    "exact_max_cut_value": 3,
    "graph_metadata": {
        "density_edges": 0.1,
        "filepath": "data/generated_graphs/graph_n4_d0.10_id1.gpickle",
        "id": 1,
        "n_vertices": 4,
        "seed": 759496
    },
    "metrics": {
        "all_trajectories": [
            [
                [
                    4.18321470829175,
                    5.474492897948851
                ],
                [
                    5.18321470829175,
                    5.474492897948851
                ],
                [
                    5.18321470829175,
                    5.474492897948851
                ],
                [
                    5.18321470829175,
                    5.474492897948851
                ],
                [
                    5.200371896835588,
                    5.573010058287907
                ],
                [
                    5.25185194638902,
                    5.76627103339146
                ],
                [
                    5.203536702613132,
                    5.779141045779818
                ],
                [
                    5.114239011322964,
                    5.824151292726996
                ],
                [
                    5.114239011322964,
                    5.824151292726996
                ],
                [
                    5.114239011322964,
                    5.824151292726996
                ],
                [
                    5.102739236283228,
                    5.829050800256887
                ],
                [
                    5.102739236283228,
                    5.829050800256887
                ],
                [
                    5.102739236283228,
                    5.829050800256887
                ],
                [
                    5.102739236283228,
                    5.829050800256887
                ],
                [
                    5.102739236283228,
                    5.829050800256887
                ],
                [
                    5.102739236283228,
                    5.829050800256887
                ],
                [
                    5.102739236283228,
                    5.829050800256887
                ],
                [
                    5.102739236283228,
                    5.829050800256887
                ],
                [
                    5.102739236283228,
                    5.829050800256887
                ],
                [
                    5.102639528141443,
                    5.829058434813963
                ]
            ]
        ],
        "approximation_ratio": 1.0,
        "circuit_depth": 5,
        "num_parameters": 0,
        "optimization_history": {
            "fun": [
                -1.1171875,
                -1.9072265625,
                -0.9833984375,
                -1.5185546875,
                -1.6884765625,
                -1.7724609375,
                -1.8125,
                -2.0576171875,
                -2.19921875,
                -1.705078125,
                -2.3681640625,
                -2.3759765625,
                -2.3046875,
                -2.255859375,
                -2.333984375,
                -2.408203125,
                -2.3828125,
                -2.40625,
                -2.392578125,
                -2.337890625,
                -2.369140625,
                -2.3662109375,
                -2.341796875,
                -2.3740234375,
                -2.4013671875,
                -2.369140625,
                -2.400390625,
                -2.4208984375,
                -2.353515625
            ],
            "params": [
                [
                    4.18321470829175,
                    5.474492897948851
                ],
                [
                    5.18321470829175,
                    5.474492897948851
                ],
                [
                    5.18321470829175,
                    6.474492897948851
                ],
                [
                    5.833145579709074,
                    4.714499567465801
                ],
                [
                    5.460244017966025,
                    5.890731725524312
                ],
                [
                    4.934585941144433,
                    5.44834454911369
                ],
                [
                    5.188444378058782,
                    5.424767144519388
                ],
                [
                    5.200371896835588,
                    5.573010058287907
                ],
                [
                    5.25185194638902,
                    5.76627103339146
                ],
                [
                    5.422375260615924,
                    5.870778446071483
                ],
                [
                    5.203536702613132,
                    5.779141045779818
                ],
                [
                    5.114239011322964,
                    5.824151292726996
                ],
                [
                    5.15493930191068,
                    5.915493979057515
                ],
                [
                    5.059826340485004,
                    5.7402509872908425
                ],
                [
                    5.133837041442529,
                    5.87015039288594
                ],
                [
                    5.102739236283228,
                    5.829050800256887
                ],
                [
                    5.077835633155958,
                    5.831244097154124
                ],
                [
                    5.104699039295185,
                    5.8336507102727815
                ],
                [
                    5.0930560535141005,
                    5.831547992972651
                ],
                [
                    5.106759674909838,
                    5.826078246935301
                ],
                [
                    5.100413810311238,
                    5.829968620527307
                ],
                [
                    5.103649145652615,
                    5.828635993145689
                ],
                [
                    5.102531832727629,
                    5.828595845572194
                ],
                [
                    5.102860437637348,
                    5.830043428199149
                ],
                [
                    5.102285966481884,
                    5.828839739869344
                ],
                [
                    5.1029020009235175,
                    5.828861043381198
                ],
                [
                    5.102777187658366,
                    5.829083353184945
                ],
                [
                    5.102639528141443,
                    5.829058434813963
                ],
                [
                    5.102554856799937,
                    5.82900522989006
                ]
            ]
        },
        "optimization_iterations": 29,
        "qaoa_cut_value": 3,
        "termination_reason": "Return from COBYLA because the trust region radius reaches its lower bound.",
        "total_shots": 1024,