{
    "exact_max_cut_value": 6,
    "graph_metadata": {
        "density_edges": 0.1,
        "filepath": "data/generated_graphs/graph_n8_d0.10_id9.gpickle",
        "id": 9,
        "n_vertices": 8,
        "seed": 186443
    },
    "metrics": {
        "all_trajectories": [
            [
                [
                    5.100320078143628,
                    2.6865113310499544
                ],
                [
                    5.100320078143628,
                    2.6865113310499544
                ],
                [
                    5.100320078143628,
                    2.6865113310499544
                ],
                [
                    5.100320078143628,
                    2.6865113310499544
                ],
                [
                    5.100320078143628,
                    2.6865113310499544
                ],
                [
                    5.100320078143628,
                    2.6865113310499544
                ],
                [
                    5.100320078143628,
                    2.6865113310499544
                ],
                [
                    5.100320078143628,
                    2.6865113310499544
                ],
                [
                    5.1002489672148705,
                    2.6765115838913602
                ],
                [
                    5.1002489672148705,
                    2.6765115838913602
                ],
                [
                    5.1002489672148705,
                    2.6765115838913602
                ],
                [
                    5.1002489672148705,
                    2.6765115838913602
                ],
                [
                    5.1002489672148705,
                    2.6765115838913602
                ],
                [
                    5.1002489672148705,
                    2.6765115838913602
                ],
                [
                    5.1002489672148705,
                    2.6765115838913602
                ],
                [
                    5.1002489672148705,
                    2.6765115838913602
                ],
                [
                    5.1002489672148705,
                    2.6765115838913602
                ]
            ]
        ],
        "approximation_ratio": 1.0,
        "circuit_depth": 5,
        "num_parameters": 0,
        "optimization_history": {
            "fun": [
                -4.65234375,
                -1.880859375,
                -1.390625,
                -1.7197265625,
                -3.029296875,
                -4.423828125,
                -4.10546875,
                -4.5400390625,
                -4.5390625,
                -4.5634765625,
                -4.646484375,
                -4.611328125,
                -4.6181640625,
                -4.6533203125,
                -4.623046875,
                -4.5947265625,
                -4.6103515625,
                -4.6025390625,
                -4.6025390625,
                -4.5654296875,
                -4.642578125,
                -4.6416015625,
                -4.642578125,
                -4.6162109375,
                -4.607421875,
                -4.6435546875
            ],
            "params": [
                [
                    5.100320078143628,
                    2.6865113310499544
                ],
                [
                    6.100320078143628,
                    2.6865113310499544
                ],
                [
                    5.100320078143628,
                    3.6865113310499544
                ],
                [
                    4.452804126034977,
                    1.9244594353336413
                ],
                [
                    4.896361089011288,
                    3.1430206198405704
                ],
                [
                    4.986192755945974,
                    2.6355215837668693
                ],
                [
                    5.301183854333868,
                    2.5376699946725982
                ],
                [
                    5.079924179230394,
                    2.732162259929016
                ],
                [
                    5.189591801788983,
                    2.6414496027499057
                ],
                [
                    5.10704119911312,
                    2.7360575370895037
                ],
                [
                    5.0879335266337415,
                    2.688191611292327
                ],
                [
                    5.103388173451858,
                    2.6617003094833276
                ],
                [
                    5.104092906223058,
                    2.6957723120068007
                ],
                [
                    5.1002489672148705,
                    2.6765115838913602
                ],
                [
                    5.110016001498267,
                    2.6743656478934903
                ],
                [
                    5.09525043410316,
                    2.6763904776110654
                ],
                [
                    5.100279243784945,
                    2.6752619506134323
                ],
                [
                    5.1009981012069625,
                    2.6788967040690226
                ],
                [
                    5.0992656021064695,
                    2.676693223819733
                ],
                [
                    5.101100959243935,
                    2.677035138647247
                ],
                [
                    5.099764651018346,
                    2.676635832922683
                ],
                [
                    5.100280029472701,
                    2.676632662940491
                ],
                [
                    5.1002425047868964,
                    2.6762616674312687
                ],
                [
                    5.100310617758115,
                    2.6765903189567224
                ],
                [
                    5.10020959968219,
                    2.6765424091629826
                ],
                [
                    5.10029885733022,
                    2.6764249180019317
                ]
            ]
        },
        "optimization_iterations": 26,
        "qaoa_cut_value": 6,
        "termination_reason": "Return from COBYLA because the trust region radius reaches its lower bound.",
        "total_shots": 1024,