{
    "exact_max_cut_value": 14,
    "graph_metadata": {
        "density_edges": 0.75,
        "filepath": "data/generated_graphs/graph_n8_d0.75_id0.gpickle",
        "id": 0,
        "n_vertices": 8,
        "seed": 125414
    },
    "metrics": {
        "all_trajectories": [
            [
                [
                    4.675570142790641,
                    4.098957338588138
                ],
                [
                    3.685866498329026,
                    3.955825594591926
                ],
                [
                    3.2239784698710814,
                    3.068887350311506
                ],
                [
                    3.2239784698710814,
                    3.068887350311506
                ],
                [
                    3.2239784698710814,
                    3.068887350311506
                ],
                [
                    3.2239784698710814,
                    3.068887350311506
                ],
                [
                    3.2239784698710814,
                    3.068887350311506
                ],
                [
                    3.3150390955602735,
                    3.0275598479784005
                ],
                [
                    3.41004909517915,
                    2.9963652976142554
                ],
                [
                    3.41004909517915,
                    2.9963652976142554
                ],
                [
                    3.41004909517915,
                    2.9963652976142554
                ],
                [
                    3.41004909517915,
                    2.9963652976142554
                ],
                [
                    3.41004909517915,
                    2.9963652976142554
                ],
                [
                    3.41004909517915,
                    2.9963652976142554
                ],
                [
                    3.41004909517915,
                    2.9963652976142554
                ],
                [
                    3.41004909517915,
                    2.9963652976142554
                ],
                [
                    3.41004909517915,
                    2.9963652976142554
                ],
                [
                    3.41004909517915,
                    2.9963652976142554
                ],
                [
                    3.41004909517915,
                    2.9963652976142554
                ],
                [
                    3.41004909517915,
                    2.9963652976142554
                ],
                [
                    3.4100033275502266,
                    2.9961195226681303
                ],
                [
                    3.4100033275502266,
                    2.9961195226681303
                ],
                [
                    3.4099992056090187,
                    2.9960696928617825
                ]
            ]
        ],
        "approximation_ratio": 1.0,
        "circuit_depth": 13,
        "num_parameters": 0,
        "optimization_history": {
            "fun": [
                -10.4638671875,
                -9.91015625,
                -10.3837890625,
                -10.5166015625,
                -10.85546875,
                -10.3388671875,
                -7.8115234375,
                -10.162109375,
                -10.5654296875,
                -9.4814453125,
                -11.7314453125,
                -12.1376953125,
                -11.7470703125,
                -12.095703125,
                -12.06640625,
                -12.037109375,
                -12.0830078125,
                -12.078125,
                -12.052734375,
                -12.119140625,
                -12.130859375,
                -12.1142578125,
                -12.0986328125,
                -12.1103515625,
                -12.1171875,
                -12.0908203125,
                -12.0966796875,
                -12.15625,
                -12.107421875,
                -12.13671875,
                -12.1220703125,
                -12.212890625,
                -12.10546875
            ],
            "params": [
                [
                    4.675570142790641,
                    4.098957338588138
                ],
                [
                    5.675570142790641,
                    4.098957338588138
                ],
                [
                    4.675570142790641,
                    5.098957338588138
                ],
                [
                    3.685866498329026,
                    3.955825594591926
                ],
                [
                    3.2239784698710814,
                    3.068887350311506
                ],
                [
                    3.2351062867044873,
                    1.0689183076279647
                ],
                [
                    2.244687922357542,
                    3.2713472810401143
                ],
                [
                    3.641193516883666,
                    2.7933304513844663
                ],
                [
                    3.1550892451393215,
                    2.96458358855836
                ],
                [
                    3.235228112243478,
                    3.318634113146369
                ],
                [
                    3.3150390955602735,
                    3.0275598479784005
                ],
                [
                    3.41004909517915,
                    2.9963652976142554
                ],
                [
                    3.4904611945802357,
                    3.055811864124945
                ],
                [
                    3.426948757840496,
                    2.897803634672051
                ],
                [
                    3.3602030594072345,
                    2.992444491852048
                ],
                [
                    3.432581689557353,
                    3.0071949878493163
                ],
                [
                    3.4078831571321375,
                    3.000871816489896
                ],
                [
                    3.41100296938304,
                    2.986410895371873
                ],
                [
                    3.4050718940579583,
                    2.9958883605123106
                ],
                [
                    3.4191273827453683,
                    3.0005587085009964
                ],
                [
                    3.40685430020174,
                    3.0002115015938067
                ],
                [
                    3.409219216201974,
                    2.9940070565571872
                ],
                [
                    3.4105207433905633,
                    2.9961993218188203
                ],
                [
                    3.409152068454626,
                    2.996807273920736
                ],
                [
                    3.41027008333239,
                    2.9968138109765174
                ],
                [
                    3.410178929563365,
                    2.995373761920155
                ],
                [
                    3.4104109904339843,
                    2.9967103075047343
                ],
                [
                    3.4100033275502266,
                    2.9961195226681303
                ],
                [
                    3.4099621081381466,
                    2.9956212246046503
                ],
                [
                    3.4101279020660966,
                    2.9961092178151105
                ],
                [
                    3.409802972716222,
                    2.996269048386623
                ],
                [
                    3.4099992056090187,
                    2.9960696928617825
                ],
                [
                    3.409977421814832,
                    2.995972094366349
                ]
            ]
        },