{
    "exact_max_cut_value": 3,
    "graph_metadata": {
        "density_edges": 0.25,
        "filepath": "data/generated_graphs/graph_n4_d0.25_id4.gpickle",
        "id": 4,
        "n_vertices": 4,
        "seed": 775440
    },
    "metrics": {
        "all_trajectories": [
            [
                [
                    2.9875285966069094,
                    1.4711563910810115
                ],
                [
                    2.9875285966069094,
                    0.4711563910810115
                ],
                [
                    2.9875285966069094,
                    0.4711563910810115
                ],
                [
                    2.9875285966069094,
                    0.4711563910810115
                ],
                [
                    3.4779223021589436,
                    -0.40034462071125543
                ],
                [
                    3.4779223021589436,
                    -0.40034462071125543
                ],
                [
                    3.4779223021589436,
                    -0.40034462071125543
                ],
                [
                    3.5100271234538276,
                    -0.4386758149220228
                ],
                [
                    3.5100271234538276,
                    -0.4386758149220228
                ],
                [
                    3.5100271234538276,
                    -0.4386758149220228
                ],
                [
                    3.5100271234538276,
                    -0.4386758149220228
                ],
                [
                    3.5100271234538276,
                    -0.4386758149220228
                ],
                [
                    3.5100271234538276,
                    -0.4386758149220228
                ],
                [
                    3.519513781414477,
                    -0.4355130122507127
                ],
                [
                    3.519513781414477,
                    -0.4355130122507127
                ],
                [
                    3.519513781414477,
                    -0.4355130122507127
                ],
                [
                    3.519513781414477,
                    -0.4355130122507127
                ],
                [
                    3.519513781414477,
                    -0.4355130122507127
                ],
                [
                    3.519513781414477,
                    -0.4355130122507127
                ],
                [
                    3.519513781414477,
                    -0.4355130122507127
                ],
                [
                    3.519513781414477,
                    -0.4355130122507127
                ],
                [
                    3.519513781414477,
                    -0.4355130122507127
                ]
            ]
        ],
        "approximation_ratio": 1.0,
        "circuit_depth": 5,
        "num_parameters": 0,
        "optimization_history": {
            "fun": [
                -1.484375,
                -1.484375,
                -1.083984375,
                -1.978515625,
                -1.48046875,
                -1.0166015625,
                -2.3369140625,
                -1.3486328125,
                -1.419921875,
                -1.95703125,
                -2.3994140625,
                -2.330078125,
                -2.3623046875,
                -2.34765625,
                -2.33984375,
                -2.3896484375,
                -2.369140625,
                -2.412109375,
                -2.3701171875,
                -2.36328125,
                -2.3828125,
                -2.3759765625,
                -2.36328125,
                -2.3447265625,
                -2.3759765625,
                -2.3798828125,
                -2.3642578125,
                -2.365234375,
                -2.361328125
            ],
            "params": [
                [
                    2.9875285966069094,
                    1.4711563910810115
                ],
                [
                    3.9875285966069094,
                    1.4711563910810115
                ],
                [
                    2.9875285966069094,
                    2.4711563910810117
                ],
                [
                    2.9875285966069094,
                    0.4711563910810115
                ],
                [
                    2.9875285966069094,
                    -1.528843608918989
                ],
                [
                    2.0393448650737396,
                    0.7888789292425862
                ],
                [
                    3.4779223021589436,
                    -0.40034462071125543
                ],
                [
                    3.3585180437285223,
                    -1.3931903403820818
                ],
                [
                    3.947910395267453,
                    -0.2297245974542316
                ],
                [
                    3.286266331105107,
                    -0.5608687271856752
                ],
                [
                    3.5100271234538276,
                    -0.4386758149220228
                ],
                [
                    3.610023210664441,
                    -0.4377912005612035
                ],
                [
                    3.480675101773171,
                    -0.5342711015383528
                ],
                [
                    3.4721669905284713,
                    -0.4060168140972216
                ],
                [
                    3.535022825761172,
                    -0.43913935150377165
                ],
                [
                    3.5099344161374777,
                    -0.44367495538349166
                ],
                [
                    3.502412071443766,
                    -0.43219422693110104
                ],
                [
                    3.519513781414477,
                    -0.4355130122507127
                ],
                [
                    3.5294929479770367,
                    -0.436158174801305
                ],
                [
                    3.517193010608785,
                    -0.4310842400882
                ],
                [
                    3.518406588373849,
                    -0.4360932049521357
                ],
                [
                    3.522004132182885,
                    -0.43529357421779963
                ],
                [
                    3.5192781223298355,
                    -0.43454117646426216
                ],
                [
                    3.5202831770169456,
                    -0.43615178482910216
                ],
                [
                    3.5194111184419405,
                    -0.4350236654268035
                ],
                [
                    3.5196361181204545,
                    -0.43548734650757864
                ],
                [
                    3.519292042661058,
                    -0.4356284762071325
                ],
                [
                    3.519478201865471,
                    -0.4354195558668081
                ],
                [
                    3.519488360083116,
                    -0.43560972706814954
                ]
            ]
        },
        "optimization_iterations": 29,
        "qaoa_cut_value": 3,
        "termination_reason": "Return from COBYLA because the trust region radius reaches its lower bound.",
        "total_shots": 1024,