{
    "exact_max_cut_value": 6,
    "graph_metadata": {
        "density_edges": 0.1,
        "filepath": "data/generated_graphs/graph_n8_d0.10_id9.gpickle",
        "id": 9,
        "n_vertices": 8,
        "seed": 186443
    },
    "metrics": {
        "all_trajectories": [
            [
                [
                    3.1937528290729347,
                    5.313716112585859
                ],
                [
                    4.193752829072935,
                    6.313716112585859
                ],
                [
                    4.193752829072935,
                    6.313716112585859
                ],
                [
                    4.2005927423318905,
                    6.563622526242272
                ],
                [
                    4.2005927423318905,
                    6.563622526242272
                ],
                [
                    4.2005927423318905,
                    6.563622526242272
                ],
                [
                    4.2005927423318905,
                    6.563622526242272
                ],
                [
                    4.2005927423318905,
                    6.563622526242272
                ],
                [
                    4.194263966372062,
                    6.5878081954463745
                ],
                [
                    4.194263966372062,
                    6.5878081954463745
                ],
                [
                    4.194263966372062,
                    6.5878081954463745
                ],
                [
                    4.194263966372062,
                    6.5878081954463745
                ],
                [
                    4.194263966372062,
                    6.5878081954463745
                ],
                [
                    4.194263966372062,
                    6.5878081954463745
                ],
                [
                    4.194263966372062,
                    6.5878081954463745
                ],
                [
                    4.194263966372062,
                    6.5878081954463745
                ],
                [
                    4.194185871870984,
                    6.5877105929417885
                ],
                [
                    4.194185871870984,
                    6.5877105929417885
                ]
            ]
        ],
        "approximation_ratio": 1.0,
        "circuit_depth": 9,
        "num_parameters": 0,
        "optimization_history": {
            "fun": [
                -2.9853515625,
                -2.9951171875,
                -3.1845703125,
                -2.9853515625,
                -2.0361328125,
                -2.6005859375,
                -3.984375,
                -3.58984375,
                -3.9404296875,
                -3.732421875,
                -3.783203125,
                -3.9658203125,
                -3.9140625,
                -4.005859375,
                -3.9384765625,
                -3.9306640625,
                -3.884765625,
                -4.0029296875,
                -3.931640625,
                -3.923828125,
                -3.955078125,
                -3.8671875,
                -3.9228515625,
                -3.9599609375,
                -3.9013671875,
                -4.0771484375,
                -3.939453125,
                -3.921875,
                -3.9267578125
            ],
            "params": [
                [
                    3.1937528290729347,
                    5.313716112585859
                ],
                [
                    4.193752829072935,
                    5.313716112585859
                ],
                [
                    4.193752829072935,
                    6.313716112585859
                ],
                [
                    4.245230876821877,
                    7.312390238915343
                ],
                [
                    4.636253515315586,
                    6.080921905882206
                ],
                [
                    4.135554277397022,
                    6.203090941025197
                ],
                [
                    4.2005927423318905,
                    6.563622526242272
                ],
                [
                    4.133483719609488,
                    6.80444690015248
                ],
                [
                    4.248757617113932,
                    6.5770443307867525
                ],
                [
                    4.177174304158349,
                    6.46640330615945
                ],
                [
                    4.1503294141938305,
                    6.650072499316217
                ],
                [
                    4.249692394531095,
                    6.573068380037303
                ],
                [
                    4.202954205780649,
                    6.55134761319247
                ],
                [
                    4.194263966372062,
                    6.5878081954463745
                ],
                [
                    4.179993864647266,
                    6.6083353529886155
                ],
                [
                    4.199101100212882,
                    6.5890739506383404
                ],
                [
                    4.184461032700018,
                    6.585832722991112
                ],
                [
                    4.193276230144431,
                    6.592709662282397
                ],
                [
                    4.204150919970494,
                    6.58930757816685
                ],
                [
                    4.189454906932313,
                    6.586439638796117
                ],
                [
                    4.196730680409618,
                    6.58821479335208
                ],
                [
                    4.193289765966567,
                    6.587582510777126
                ],
                [
                    4.194376808706686,
                    6.587321095243627
                ],
                [
                    4.1947152904395155,
                    6.588700555567703
                ],
                [
                    4.194654376390405,
                    6.587495817442064
                ],
                [
                    4.194185871870984,
                    6.5877105929417885
                ],
                [
                    4.193972055553568,
                    6.587581045335071
                ],
                [
                    4.194224912872818,
                    6.587679355141358
                ],
                [
                    4.194097789400936,
                    6.587757937196669
                ]
            ]
        },
        "optimization_iterations": 29,
        "qaoa_cut_value": 6,
        "termination_reason": "Return from COBYLA because the trust region radius reaches its lower bound.",
        "total_shots": 1024,