{
    "exact_max_cut_value": 9,
    "graph_metadata": {
        "density_edges": 0.5,
        "filepath": "data/generated_graphs/graph_n8_d0.50_id3.gpickle",
        "id": 3,
        "n_vertices": 8,
        "seed": 2381
    },
    "metrics": {
        "all_trajectories": [
            [
                [
                    2.8310280111745585,
                    1.721051799629047
                ],
                [
                    2.649074180647428,
                    0.7377447247249234
                ],
                [
                    2.649074180647428,
                    0.7377447247249234
                ],
                [
                    2.649074180647428,
                    0.7377447247249234
                ],
                [
                    2.6534907533978207,
                    0.6879401678536843
                ],
                [
                    2.743311576916029,
                    0.6439831472254516
                ],
                [
                    2.9187805893993035,
                    0.5480111426712879
                ],
                [
                    2.8548076182082367,
                    0.3585185070439715
                ],
                [
                    2.8548076182082367,
                    0.3585185070439715
                ],
                [
                    2.8548076182082367,
                    0.3585185070439715
                ],
                [
                    2.8548076182082367,
                    0.3585185070439715
                ],
                [
                    2.8548076182082367,
                    0.3585185070439715
                ],
                [
                    2.8301773474386507,
                    0.3542348448471028
                ],
                [
                    2.8301773474386507,
                    0.3542348448471028
                ],
                [
                    2.8301773474386507,
                    0.3542348448471028
                ],
                [
                    2.8301773474386507,
                    0.3542348448471028
                ],
                [
                    2.8301773474386507,
                    0.3542348448471028
                ],
                [
                    2.8301773474386507,
                    0.3542348448471028
                ],
                [
                    2.8301773474386507,
                    0.3542348448471028
                ],
                [
                    2.8301773474386507,
                    0.3542348448471028
                ],
                [
                    2.8301773474386507,
                    0.3542348448471028
                ],
                [
                    2.8301773474386507,
                    0.3542348448471028
                ],
                [
                    2.8301773474386507,
                    0.3542348448471028
                ]
            ]
        ],
        "approximation_ratio": 1.0,
        "circuit_depth": 9,
        "num_parameters": 0,
        "optimization_history": {
            "fun": [
                -5.720703125,
                -5.2978515625,
                -3.435546875,
                -5.970703125,
                -4.22265625,
                -5.5380859375,
                -5.4697265625,
                -6.03125,
                -6.2490234375,
                -6.4140625,
                -6.9599609375,
                -6.8017578125,
                -6.67578125,
                -6.91796875,
                -6.8984375,
                -6.951171875,
                -7.09765625,
                -7.00390625,
                -6.9443359375,
                -7.0537109375,
                -6.974609375,
                -6.9892578125,
                -7.0302734375,
                -7.013671875,
                -7.0751953125,
                -6.9873046875,
                -7.005859375,
                -7.0126953125,
                -6.984375,
                -7.0478515625,
                -7.0859375,
                -7.08203125,
                -7.095703125,
                -6.9921875
            ],