{
    "exact_max_cut_value": 2,
    "graph_metadata": {
        "density_edges": 0.1,
        "filepath": "data/generated_graphs/graph_n4_d0.10_id8.gpickle",
        "id": 8,
        "n_vertices": 4,
        "seed": 406302
    },
    "metrics": {
        "all_trajectories": [
            [
                [
                    3.264015967811687,
                    1.5150413672998795
                ],
                [
                    4.375608866864616,
                    0.5212873610785397
                ],
                [
                    4.375608866864616,
                    0.5212873610785397
                ],
                [
                    4.375608866864616,
                    0.5212873610785397
                ],
                [
                    4.375608866864616,
                    0.5212873610785397
                ],
                [
                    4.288373990182588,
                    0.755573673718163
                ],
                [
                    4.288373990182588,
                    0.755573673718163
                ],
                [
                    4.288373990182588,
                    0.755573673718163
                ],
                [
                    4.288373990182588,
                    0.755573673718163
                ],
                [
                    4.288373990182588,
                    0.755573673718163
                ],
                [
                    4.313298548614062,
                    0.7575143918831795
                ],
                [
                    4.331250572260799,
                    0.7749133817098048
                ],
                [
                    4.331250572260799,
                    0.7749133817098048
                ],
                [
                    4.331250572260799,
                    0.7749133817098048
                ],
                [
                    4.331250572260799,
                    0.7749133817098048
                ],
                [
                    4.331250572260799,
                    0.7749133817098048
                ],
                [
                    4.331250572260799,
                    0.7749133817098048
                ],
                [
                    4.331250572260799,
                    0.7749133817098048
                ],
                [
                    4.331250572260799,
                    0.7749133817098048
                ],
                [
                    4.331250572260799,
                    0.7749133817098048
                ]
            ]
        ],
        "approximation_ratio": 1.0,
        "circuit_depth": 3,
        "num_parameters": 0,
        "optimization_history": {
            "fun": [
                -0.9599609375,
                -1.0732421875,
                -0.064453125,
                -1.8388671875,
                -0.923828125,
                -0.25390625,
                -1.0703125,
                -1.6435546875,
                -1.9892578125,
                -1.7548828125,
                -1.94140625,
                -1.9853515625,
                -1.9560546875,
                -1.958984375,
                -1.9609375,
                -1.984375,
                -1.9970703125,
                -2.0,
                -1.98828125,
                -2.0,
                -1.9970703125,
                -2.0,
                -1.9990234375,
                -2.0,
                -1.9990234375,
                -1.9990234375,
                -1.9990234375,
                -2.0,
                -1.998046875,
                -1.9990234375,
                -1.998046875
            ],
            "params": [
                [
                    3.264015967811687,
                    1.5150413672998795
                ],
                [
                    4.264015967811687,
                    1.5150413672998795
                ],
                [
                    4.264015967811687,
                    2.5150413672998795
                ],
                [
                    4.375608866864616,
                    0.5212873610785397
                ],
                [
                    4.671329288509753,
                    -1.4567291788477625
                ],
                [
                    5.276319460202833,
                    0.9557070050270113
                ],
                [
                    4.163929136037898,
                    0.06830646572297622
                ],
                [
                    4.488854090703507,
                    0.46836742837186
                ],
                [
                    4.288373990182588,
                    0.755573673718163
                ],
                [
                    4.475741410809054,
                    0.9210833401663356
                ],
                [
                    4.2415167276546635,
                    0.7381266983817574
                ],
                [
                    4.349146564638498,
                    0.8349883713125057
                ],
                [
                    4.248666641385417,
                    0.7859599609461179
                ],
                [
                    4.364082959193215,
                    0.6902425784315545
                ],
                [
                    4.24513394049401,
                    0.7806794121643673
                ],
                [
                    4.282097555571037,
                    0.7447636612960182
                ],
                [
                    4.313298548614062,
                    0.7575143918831795
                ],
                [
                    4.331250572260799,
                    0.7749133817098048
                ],
                [
                    4.3534656469628334,
                    0.7634464529150917
                ],
                [
                    4.325991983662886,
                    0.7834191001367166
                ],
                [
                    4.335503431474255,
                    0.777542676008761
                ],
                [
                    4.322744853833887,
                    0.7696547931118923
                ],
                [
                    4.330987642830903,
                    0.7753386676311504
                ],
                [
                    4.3317764311205895,
                    0.7740628098671136
                ],
                [
                    4.330825286339453,
                    0.7746504522799093
                ],
                [
                    4.33210114410349,
                    0.7754392405695961
                ],
                [
                    4.330825286339453,
                    0.7746504522799093
                ],
                [
                    4.331316304618272,
                    0.7748070602294684
                ],
                [
                    4.331463215221471,
                    0.7750448464247527
                ],
                [
                    4.331208043668664,
                    0.7748870887668152
                ],
                [
                    4.331335629445068,
                    0.774965967595784
                ]
            ]
        },
        "optimization_iterations": 31,
        "qaoa_cut_value": 2,
        "termination_reason": "Return from COBYLA because the trust region radius reaches its lower bound.",
        "total_shots": 1024,