{
    "exact_max_cut_value": 3,
    "graph_metadata": {
        "density_edges": 0.5,
        "filepath": "data/generated_graphs/graph_n4_d0.50_id4.gpickle",
        "id": 4,
        "n_vertices": 4,
        "seed": 884035
    },
    "metrics": {
        "all_trajectories": [
            [
                [
                    2.4725755773321456,
                    3.0148381743984567
                ],
                [
                    1.7855451874290602,
                    2.2882094911291992
                ],
                [
                    1.034117065948739,
                    2.9480244487109104
                ],
                [
                    1.034117065948739,
                    2.9480244487109104
                ],
                [
                    0.9997746047191023,
                    2.4492052476403314
                ],
                [
                    0.9997746047191023,
                    2.4492052476403314
                ],
                [
                    1.0032676179105464,
                    2.5491442233147117
                ],
                [
                    1.0438782729734253,
                    2.6405267965733143
                ],
                [
                    1.0438782729734253,
                    2.6405267965733143
                ],
                [
                    1.0438782729734253,
                    2.6405267965733143
                ],
                [
                    1.0628067780112818,
                    2.7387190146816343
                ],
                [
                    1.0628067780112818,
                    2.7387190146816343
                ],
                [
                    1.112456172448453,
                    2.732808208304989
                ],
                [
                    1.1622608613006586,
                    2.7372232924870827
                ],
                [
                    1.1622608613006586,
                    2.7372232924870827
                ],
                [
                    1.169431385540013,
                    2.713273687435374
                ],
                [
                    1.169431385540013,
                    2.713273687435374
                ],
                [
                    1.169431385540013,
                    2.713273687435374
                ],
                [
                    1.1647055167133162,
                    2.7220865282845472
                ],
                [
                    1.1647055167133162,
                    2.7220865282845472
                ],
                [
                    1.1647055167133162,
                    2.7220865282845472
                ],
                [
                    1.1647055167133162,
                    2.7220865282845472
                ],
                [
                    1.1647055167133162,
                    2.7220865282845472
                ],
                [
                    1.1647055167133162,
                    2.7220865282845472
                ],
                [
                    1.1647055167133162,
                    2.7220865282845472
                ],
                [
                    1.1647055167133162,
                    2.7220865282845472
                ],
                [
                    1.1647055167133162,
                    2.7220865282845472
                ]
            ]
        ],
        "approximation_ratio": 1.0,
        "circuit_depth": 8,
        "num_parameters": 0,
        "optimization_history": {
            "fun": [
                -1.732421875,
                -1.3935546875,
                -1.3740234375,
                -1.7490234375,
                -1.9208984375,
                -1.28515625,
                -1.9541015625,
                -1.73046875,
                -1.86328125,
                -2.0654296875,
                -2.1767578125,
                -2.1162109375,
                -2.16796875,
                -2.1943359375,
                -2.115234375,
                -2.2255859375,
                -2.2431640625,
                -2.20703125,
                -2.2490234375,
                -2.1904296875,
                -2.1904296875,
                -2.22265625,
                -2.1904296875,
                -2.2822265625,
                -2.2509765625,
                -2.171875,
                -2.1767578125,
                -2.19140625,
                -2.2587890625,
                -2.2578125,
                -2.1982421875,
                -2.1953125,
                -2.16796875,
                -2.2158203125,
                -2.208984375,
                -2.2119140625
            ],