{
    "exact_max_cut_value": 9,
    "graph_metadata": {
        "density_edges": 0.5,
        "filepath": "data/generated_graphs/graph_n8_d0.50_id1.gpickle",
        "id": 1,
        "n_vertices": 8,
        "seed": 751465
    },
    "metrics": {
        "all_trajectories": [
            [
                [
                    3.50887909850209,
                    4.178186654937355
                ],
                [
                    4.50887909850209,
                    4.178186654937355
                ],
                [
                    4.50887909850209,
                    4.178186654937355
                ],
                [
                    4.50887909850209,
                    4.178186654937355
                ],
                [
                    4.50887909850209,
                    4.178186654937355
                ],
                [
                    4.50887909850209,
                    4.178186654937355
                ],
                [
                    4.50887909850209,
                    4.178186654937355
                ],
                [
                    4.50887909850209,
                    4.178186654937355
                ],
                [
                    4.50887909850209,
                    4.178186654937355
                ],
                [
                    4.50887909850209,
                    4.178186654937355
                ],
                [
                    4.50887909850209,
                    4.178186654937355
                ],
                [
                    4.50887909850209,
                    4.178186654937355
                ],
                [
                    4.50887909850209,
                    4.178186654937355
                ],
                [
                    4.50887909850209,
                    4.178186654937355
                ],
                [
                    4.508774470326483,
                    4.178118259434074
                ],
                [
                    4.508774470326483,
                    4.178118259434074
                ]
            ]
        ],
        "approximation_ratio": 1.0,
        "circuit_depth": 14,
        "num_parameters": 0,
        "optimization_history": {
            "fun": [
                -5.4736328125,
                -5.556640625,
                -5.53125,
                -5.5048828125,
                -5.45703125,
                -5.4736328125,
                -5.5322265625,
                -5.4580078125,
                -5.470703125,
                -5.4775390625,
                -5.4931640625,
                -5.5,
                -5.396484375,
                -5.4716796875,
                -5.5302734375,
                -5.43359375,
                -5.482421875,
                -5.5458984375,
                -5.4443359375,
                -5.4599609375,
                -5.4658203125,
                -5.439453125,
                -5.5625,
                -5.46484375,
                -5.5556640625,
                -5.419921875
            ],
            "params": [
                [
                    3.50887909850209,
                    4.178186654937355
                ],
                [
                    4.50887909850209,
                    4.178186654937355
                ],
                [
                    4.50887909850209,
                    5.178186654937355
                ],
                [
                    5.465143293154082,
                    3.885682313043805
                ],
                [
                    4.0462927335747185,
                    3.9884134877527377
                ],
                [
                    4.7573126607191805,
                    4.150244479572375
                ],
                [
                    4.503290663429095,
                    4.128499942493937
                ],
                [
                    4.46224287596057,
                    4.266646039668754
                ],
                [
                    4.464649406136391,
                    4.154868543666595
                ],
                [
                    4.608815002150417,
                    4.1746068278476045
                ],
                [
                    4.485032413457415,
                    4.134239691306405
                ],
                [
                    4.4996989706296695,
                    4.201440154722248
                ],
                [
                    4.513529798459069,
                    4.180022680511839
                ],
                [
                    4.49985996214153,
                    4.173867490746263
                ],
                [
                    4.511038680597637,
                    4.173677086757075
                ],
                [
                    4.5142643522301364,
                    4.1866127478803845
                ],
                [
                    4.511992667707124,
                    4.174274406631653
                ],
                [
                    4.509857160578516,
                    4.178965047238614
                ],
                [
                    4.506551727035979,
                    4.179099530645615
                ],
                [
                    4.509377939893223,
                    4.177319961642993
                ],
                [
                    4.508191098528436,
                    4.178912365648487
                ],
                [
                    4.509152680515215,
                    4.177768142234926
                ],
                [
                    4.508774470326483,
                    4.178118259434074
                ],
                [
                    4.508599297161987,
                    4.178296625244812
                ],
                [
                    4.508801828527796,
                    4.178076408163831
                ],
                [
                    4.508695564797356,
                    4.178179691652601
                ]
            ]
        },
        "optimization_iterations": 26,
        "qaoa_cut_value": 9,
        "termination_reason": "Return from COBYLA because the trust region radius reaches its lower bound.",
        "total_shots": 1024,
        "trajectory_params": [
            [
                3.50887909850209,
                4.178186654937355
            ],
            [
                4.50887909850209,
                4.178186654937355
            ],
            [
                4.50887909850209,
                4.178186654937355
            ],
            [
                4.50887909850209,
                4.178186654937355
            ],
            [
                4.50887909850209,
                4.178186654937355
            ],
            [
                4.50887909850209,
                4.178186654937355
            ],
            [
                4.50887909850209,
                4.178186654937355
            ],
            [
                4.50887909850209,
                4.178186654937355
            ],
            [
                4.50887909850209,
                4.178186654937355
            ],
            [
                4.50887909850209,
                4.178186654937355
            ],
            [
                4.50887909850209,
                4.178186654937355
            ],
            [
                4.50887909850209,
                4.178186654937355
            ],
            [
                4.50887909850209,
                4.178186654937355
            ],
            [
                4.50887909850209,
                4.178186654937355
            ],
            [
                4.508774470326483,
                4.178118259434074
            ],
            [
                4.508774470326483,
                4.178118259434074
            ]
        ]
    },
    "qaoa_config": {
        "encoding": "binary",
        "mixer": "grover",
        "optimizer": "COBYLA",