{
    "exact_max_cut_value": 16,
    "graph_metadata": {
        "density_edges": 0.75,
        "filepath": "data/generated_graphs/graph_n8_d0.75_id3.gpickle",
        "id": 3,
        "n_vertices": 8,
        "seed": 541795
    },
    "metrics": {
        "all_trajectories": [
            [
                [
                    2.8179870152664104,
                    1.7611306093582475
                ],
                [
                    3.8179870152664104,
                    1.7611306093582475
                ],
                [
                    3.8179870152664104,
                    1.7611306093582475
                ],
                [
                    3.5958200081561738,
                    1.6464928278388895
                ],
                [
                    3.531304325118378,
                    1.7535569518121732
                ],
                [
                    3.531304325118378,
                    1.7535569518121732
                ],
                [
                    3.4811104318257664,
                    1.8400472580674403
                ],
                [
                    3.4811104318257664,
                    1.8400472580674403
                ],
                [
                    3.4811104318257664,
                    1.8400472580674403
                ],
                [
                    3.4811104318257664,
                    1.8400472580674403
                ],
                [
                    3.485653782423885,
                    1.8311389492861634
                ],
                [
                    3.485653782423885,
                    1.8311389492861634
                ],
                [
                    3.485653782423885,
                    1.8311389492861634
                ],
                [
                    3.4823273620217225,
                    1.8274059977316857
                ],
                [
                    3.4823273620217225,
                    1.8274059977316857
                ],
                [
                    3.4823273620217225,
                    1.8274059977316857
                ],
                [
                    3.4823273620217225,
                    1.8274059977316857
                ],
                [
                    3.4823273620217225,
                    1.8274059977316857
                ],
                [
                    3.4823273620217225,
                    1.8274059977316857
                ],
                [
                    3.4823273620217225,
                    1.8274059977316857
                ],
                [
                    3.4823273620217225,
                    1.8274059977316857
                ],
                [
                    3.4823273620217225,
                    1.8274059977316857
                ]
            ]
        ],
        "approximation_ratio": 1.0,
        "circuit_depth": 14,
        "num_parameters": 0,
        "optimization_history": {
            "fun": [
                -9.9365234375,
                -11.6748046875,
                -9.201171875,
                -11.5146484375,
                -11.09765625,
                -12.244140625,
                -11.23046875,
                -12.6884765625,
                -12.01171875,
                -12.685546875,
                -12.6943359375,
                -12.3427734375,
                -12.6826171875,
                -12.5771484375,
                -12.6181640625,
                -12.7373046875,
                -12.6767578125,
                -12.6435546875,
                -12.8115234375,
                -12.705078125,
                -12.6396484375,
                -12.7001953125,
                -12.7138671875,
                -12.708984375,
                -12.7490234375,
                -12.7275390625,
                -12.6123046875,
                -12.6123046875,
                -12.76171875,
                -12.64453125,
                -12.7802734375
            ],
            "params": [
                [
                    2.8179870152664104,
                    1.7611306093582475
                ],
                [
                    3.8179870152664104,
                    1.7611306093582475
                ],
                [
                    3.8179870152664104,
                    2.7611306093582475
                ],
                [
                    4.392944220289967,
                    0.9429471260297826
                ],
                [
                    4.205506145366104,
                    2.0770877643757863
                ],
                [
                    3.5958200081561738,
                    1.6464928278388895
                ],
                [
                    3.1675635122630386,
                    1.3884300956877065
                ],
                [
                    3.531304325118378,
                    1.7535569518121732
                ],
                [
                    3.525303947038433,
                    2.003484932364367
                ],
                [
                    3.4884786755290644,
                    1.727750678597055
                ],
                [
                    3.4811104318257664,
                    1.8400472580674403
                ],
                [
                    3.505978512584935,
                    1.9369058072995833
                ],
                [
                    3.4375783038255987,
                    1.815451448835439
                ],
                [
                    3.499056030373626,
                    1.857452874768927
                ],
                [
                    3.477629308485469,
                    1.8436363777770122
                ],
                [
                    3.485653782423885,
                    1.8311389492861634
                ],
                [
                    3.483439069350864,
                    1.8213872804031368
                ],
                [
                    3.4954820868182277,
                    1.8329840597793714
                ],
                [
                    3.4823273620217225,
                    1.8274059977316857
                ],
                [
                    3.475109177997465,
                    1.8204851726802953
                ],
                [
                    3.4870724488673615,
                    1.8258298788188667
                ],
                [
                    3.4827213917499273,
                    1.8285922694430954
                ],
                [
                    3.4807378681446046,
                    1.8254763580724216
                ],
                [
                    3.4831652270319418,
                    1.8268601202503305
                ],
                [
                    3.481366898236895,
                    1.8271275927783621
                ],
                [
                    3.4823458111663483,
                    1.827905657244817
                ],
                [
                    3.482466152654331,
                    1.8271980622602044
                ],
                [
                    3.4822857749274263,
                    1.8273782396051639
                ],
                [
                    3.4823980333907882,
                    1.8274767476970168
                ],
                [
                    3.482291987039057,
                    1.8274413334162185
                ],
                [
                    3.4823869147596143,
                    1.8273256642305196
                ]
            ]
        },
        "optimization_iterations": 31,
        "qaoa_cut_value": 16,
        "termination_reason": "Return from COBYLA because the trust region radius reaches its lower bound.",
        "total_shots": 1024,