{
    "exact_max_cut_value": 2,
    "graph_metadata": {
        "density_edges": 0.25,
        "filepath": "data/generated_graphs/graph_n4_d0.25_id3.gpickle",
        "id": 3,
        "n_vertices": 4,
        "seed": 782073
    },
    "metrics": {
        "all_trajectories": [
            [
                [
                    2.2606748434138737,
                    4.452047720964569
                ],
                [
                    2.2606748434138737,
                    5.452047720964569
                ],
                [
                    1.8206810851168993,
                    5.214549315370545
                ],
                [
                    1.8206810851168993,
                    5.214549315370545
                ],
                [
                    2.0672144293943933,
                    5.256037990444046
                ],
                [
                    2.0672144293943933,
                    5.256037990444046
                ],
                [
                    2.0720987621072227,
                    5.355918635686007
                ],
                [
                    2.0720987621072227,
                    5.355918635686007
                ],
                [
                    1.9755099153497093,
                    5.381814478635284
                ],
                [
                    1.9755099153497093,
                    5.381814478635284
                ],
                [
                    1.9755099153497093,
                    5.381814478635284
                ],
                [
                    1.9730996858194798,
                    5.3861952084388225
                ],
                [
                    1.9730996858194798,
                    5.3861952084388225
                ],
                [
                    1.9730996858194798,
                    5.3861952084388225
                ],
                [
                    1.9730996858194798,
                    5.3861952084388225
                ],
                [
                    1.9730996858194798,
                    5.3861952084388225
                ],
                [
                    1.9730996858194798,
                    5.3861952084388225
                ],
                [
                    1.9730996858194798,
                    5.3861952084388225
                ],
                [
                    1.9730996858194798,
                    5.3861952084388225
                ],
                [
                    1.9730996858194798,
                    5.3861952084388225
                ]
            ]
        ],
        "approximation_ratio": 1.0,
        "circuit_depth": 3,
        "num_parameters": 0,
        "optimization_history": {
            "fun": [
                -0.8056640625,
                -0.76171875,
                -1.33203125,
                -0.7685546875,
                -1.708984375,
                -0.900390625,
                -1.5419921875,
                -1.8173828125,
                -1.3779296875,
                -1.875,
                -1.796875,
                -1.9794921875,
                -1.947265625,
                -1.94921875,
                -1.97265625,
                -1.9833984375,
                -1.98046875,
                -1.96875,
                -1.9814453125,
                -1.9775390625,
                -1.9677734375,
                -1.9814453125,
                -1.97265625,
                -1.9814453125,
                -1.9755859375,
                -1.9765625,
                -1.97265625,
                -1.98046875,
                -1.97265625
            ],
            "params": [
                [
                    2.2606748434138737,
                    4.452047720964569
                ],
                [
                    3.2606748434138737,
                    4.452047720964569
                ],
                [
                    2.2606748434138737,
                    5.452047720964569
                ],
                [
                    2.177476355826196,
                    6.4485807167369735
                ],
                [
                    1.8206810851168993,
                    5.214549315370545
                ],
                [
                    1.493392262069118,
                    4.836551926083266
                ],
                [
                    1.7261817377950797,
                    5.29637152113249
                ],
                [
                    2.0672144293943933,
                    5.256037990444046
                ],
                [
                    2.180942453176615,
                    5.03340390364108
                ],
                [
                    2.0720987621072227,
                    5.355918635686007
                ],
                [
                    2.1246032520563456,
                    5.4410260885628405
                ],
                [
                    1.9755099153497093,
                    5.381814478635284
                ],
                [
                    1.8927878422524975,
                    5.438002187455804
                ],
                [
                    1.950737259657142,
                    5.338382744500696
                ],
                [
                    1.9974135643674016,
                    5.393865626286431
                ],
                [
                    1.9730996858194798,
                    5.3861952084388225
                ],
                [
                    1.9656555033513095,
                    5.3928723446049185
                ],
                [
                    1.969761117736432,
                    5.3824731172047375
                ],
                [
                    1.980484408469495,
                    5.392938046964425
                ],
                [
                    1.9740119945200572,
                    5.381279143667601
                ],
                [
                    1.971189935217669,
                    5.387808544311753
                ],
                [
                    1.9734223529940658,
                    5.386577158559184
                ],
                [
                    1.9734054454070342,
                    5.385243099687356
                ],
                [
                    1.9721985718792598,
                    5.386628790803249
                ],
                [
                    1.9733674571661441,
                    5.386617462516251
                ],
                [
                    1.973205249338837,
                    5.3861282656021565
                ],
                [
                    1.9728599008925742,
                    5.386265941661772
                ],
                [
                    1.9731264629541463,
                    5.386237433846565
                ],
                [
                    1.9730029123560833,
                    5.386170011280605
                ]
            ]
        },
        "optimization_iterations": 29,
        "qaoa_cut_value": 2,
        "termination_reason": "Return from COBYLA because the trust region radius reaches its lower bound.",
        "total_shots": 1024,