{
    "exact_max_cut_value": 5,
    "graph_metadata": {
        "density_edges": 0.1,
        "filepath": "data/generated_graphs/graph_n8_d0.10_id7.gpickle",
        "id": 7,
        "n_vertices": 8,
        "seed": 66295
    },
    "metrics": {
        "all_trajectories": [
            [
                [
                    3.755896559745454,
                    0.4860941653722813
                ],
                [
                    4.7558965597454534,
                    0.4860941653722813
                ],
                [
                    4.7558965597454534,
                    0.4860941653722813
                ],
                [
                    4.812878058998961,
                    0.24267455083223938
                ],
                [
                    4.812878058998961,
                    0.24267455083223938
                ],
                [
                    4.812878058998961,
                    0.24267455083223938
                ],
                [
                    4.80673568833247,
                    0.34248572897675095
                ],
                [
                    4.7383318816430835,
                    0.41543036024184893
                ],
                [
                    4.7383318816430835,
                    0.41543036024184893
                ],
                [
                    4.7383318816430835,
                    0.41543036024184893
                ],
                [
                    4.7383318816430835,
                    0.41543036024184893
                ],
                [
                    4.7383318816430835,
                    0.41543036024184893
                ],
                [
                    4.7383318816430835,
                    0.41543036024184893
                ],
                [
                    4.7383318816430835,
                    0.41543036024184893
                ],
                [
                    4.7383318816430835,
                    0.41543036024184893
                ],
                [
                    4.7383318816430835,
                    0.41543036024184893
                ],
                [
                    4.7383318816430835,
                    0.41543036024184893
                ],
                [
                    4.7383318816430835,
                    0.41543036024184893
                ],
                [
                    4.7383318816430835,
                    0.41543036024184893
                ],
                [
                    4.7383318816430835,
                    0.41543036024184893
                ]
            ]
        ],
        "approximation_ratio": 1.0,
        "circuit_depth": 8,
        "num_parameters": 0,
        "optimization_history": {
            "fun": [
                -2.9443359375,
                -3.3271484375,
                -2.509765625,
                -1.7197265625,
                -2.5615234375,
                -3.4208984375,
                -2.9384765625,
                -3.4013671875,
                -3.2900390625,
                -3.44921875,
                -3.5087890625,
                -3.3271484375,
                -3.427734375,
                -3.357421875,
                -3.3681640625,
                -3.4091796875,
                -3.3935546875,
                -3.357421875,
                -3.4228515625,
                -3.3994140625,
                -3.4169921875,
                -3.43359375,
                -3.44140625,
                -3.4267578125,
                -3.4189453125,
                -3.39453125,
                -3.4423828125,
                -3.3994140625,
                -3.38671875,
                -3.4384765625,
                -3.4560546875
            ],
            "params": [
                [
                    3.755896559745454,
                    0.4860941653722813
                ],
                [
                    4.7558965597454534,
                    0.4860941653722813
                ],
                [
                    4.7558965597454534,
                    1.4860941653722812
                ],
                [
                    5.1800254875968035,
                    -0.4195076525144013
                ],
                [
                    4.852012820351618,
                    0.9767688686606085
                ],
                [
                    4.812878058998961,
                    0.24267455083223938
                ],
                [
                    5.01077029129146,
                    0.08990457865743162
                ],
                [
                    4.7641941360909525,
                    0.23127825098153798
                ],
                [
                    4.8989025891871405,
                    0.19168651100030495
                ],
                [
                    4.80673568833247,
                    0.34248572897675095
                ],
                [
                    4.7383318816430835,
                    0.41543036024184893
                ],
                [
                    4.690838923514695,
                    0.503432740483608
                ],
                [
                    4.699761323020481,
                    0.38361350924209775
                ],
                [
                    4.749729844555274,
                    0.4376808982455092
                ],
                [
                    4.733881774042351,
                    0.417709952824287
                ],
                [
                    4.7460732521075695,
                    0.4091001798864734
                ],
                [
                    4.735166791465396,
                    0.4115596750096059
                ],
                [
                    4.741071301949521,
                    0.425047822297125
                ],
                [
                    4.7338052339207,
                    0.41330681123195
                ],
                [
                    4.737800994390609,
                    0.41656202217244476
                ],
                [
                    4.73980999166947,
                    0.4134141284223662
                ],
                [
                    4.738291981723279,
                    0.41642956392298686
                ],
                [
                    4.7378322798025145,
                    0.41541041028194664
                ],
                [
                    4.739223887965033,
                    0.4149783373203036
                ],
                [
                    4.73790439946403,
                    0.4151710168660095
                ],
                [
                    4.738396717487043,
                    0.4153234896970856
                ],
                [
                    4.738245873537755,
                    0.415665099684248
                ],
                [
                    4.738378829531563,
                    0.4154475618629146
                ],
                [
                    4.738242817619868,
                    0.4153848893745953
                ],
                [
                    4.73835461707671,
                    0.41538582823024156
                ],
                [
                    4.738355927496017,
                    0.4155274261831295
                ]
            ]
        },
        "optimization_iterations": 31,
        "qaoa_cut_value": 5,
        "termination_reason": "Return from COBYLA because the trust region radius reaches its lower bound.",
        "total_shots": 1024,