{
    "exact_max_cut_value": 15,
    "graph_metadata": {
        "density_edges": 0.75,
        "filepath": "data/generated_graphs/graph_n8_d0.75_id4.gpickle",
        "id": 4,
        "n_vertices": 8,
        "seed": 646982
    },
    "metrics": {
        "all_trajectories": [
            [
                [
                    4.834234681701288,
                    1.9195102203886873
                ],
                [
                    4.834234681701288,
                    1.9195102203886873
                ],
                [
                    4.338441870482695,
                    1.9842364773789136
                ],
                [
                    4.338441870482695,
                    1.9842364773789136
                ],
                [
                    4.338441870482695,
                    1.9842364773789136
                ],
                [
                    4.338441870482695,
                    1.9842364773789136
                ],
                [
                    4.338441870482695,
                    1.9842364773789136
                ],
                [
                    4.338441870482695,
                    1.9842364773789136
                ],
                [
                    4.338441870482695,
                    1.9842364773789136
                ],
                [
                    4.338441870482695,
                    1.9842364773789136
                ],
                [
                    4.338441870482695,
                    1.9842364773789136
                ],
                [
                    4.338441870482695,
                    1.9842364773789136
                ],
                [
                    4.34293872815426,
                    1.9864224030596478
                ],
                [
                    4.34293872815426,
                    1.9864224030596478
                ],
                [
                    4.34293872815426,
                    1.9864224030596478
                ],
                [
                    4.34293872815426,
                    1.9864224030596478
                ],
                [
                    4.34293872815426,
                    1.9864224030596478
                ],
                [
                    4.34293872815426,
                    1.9864224030596478
                ],
                [
                    4.34293872815426,
                    1.9864224030596478
                ],
                [
                    4.34293872815426,
                    1.9864224030596478
                ]
            ]
        ],
        "approximation_ratio": 1.0,
        "circuit_depth": 17,
        "num_parameters": 0,
        "optimization_history": {
            "fun": [
                -11.0078125,
                -10.951171875,
                -8.9150390625,
                -11.001953125,
                -11.0791015625,
                -11.0166015625,
                -10.92578125,
                -11.00390625,
                -11.03125,
                -11.0419921875,
                -10.9638671875,
                -11.0439453125,
                -11.0390625,
                -10.984375,
                -11.0595703125,
                -10.873046875,
                -10.9716796875,
                -11.111328125,
                -11.04296875,
                -10.9775390625,
                -10.9130859375,
                -11.0732421875,
                -10.9521484375,
                -10.9609375,
                -10.9755859375,
                -10.8837890625,
                -10.9599609375,
                -10.9384765625,
                -10.935546875,
                -11.0693359375
            ],
            "params": [
                [
                    4.834234681701288,
                    1.9195102203886873
                ],
                [
                    5.834234681701288,
                    1.9195102203886873
                ],
                [
                    4.834234681701288,
                    2.9195102203886876
                ],
                [
                    4.807179726513812,
                    0.9198762726859276
                ],
                [
                    4.338441870482695,
                    1.9842364773789136
                ],
                [
                    3.340758921074742,
                    2.052271265984793
                ],
                [
                    4.61829046515982,
                    2.398585079472897
                ],
                [
                    4.442029021006191,
                    1.9142743287096324
                ],
                [
                    4.090318697462073,
                    2.014812464855663
                ],
                [
                    4.361699276914653,
                    2.0814943461919753
                ],
                [
                    4.2406047968391185,
                    1.9635505637935433
                ],
                [
                    4.3826755265401385,
                    1.9609258859708905
                ],
                [
                    4.313891649079538,
                    1.9795156057373706
                ],
                [
                    4.3374976961543865,
                    1.9891465216595452
                ],
                [
                    4.341150709033808,
                    1.9746103569919662
                ],
                [
                    4.343254930676169,
                    1.98559089665447
                ],
                [
                    4.3286983056456965,
                    1.981986378655035
                ],
                [
                    4.34293872815426,
                    1.9864224030596478
                ],
                [
                    4.3471220931256935,
                    1.9891609168017679
                ],
                [
                    4.34225409971873,
                    1.9874682443025062
                ],
                [
                    4.344031916724483,
                    1.984174083965317
                ],
                [
                    4.3424890643353935,
                    1.986203765345603
                ],
                [
                    4.343246388850254,
                    1.987373899195289
                ],
                [
                    4.3435876518222285,
                    1.9856615495434238
                ],
                [
                    4.342449982898875,
                    1.9863169133665994
                ],
                [
                    4.342912355730998,
                    1.9865445893734939
                ],
                [
                    4.343026943432676,
                    1.9861884841321238
                ],
                [
                    4.342956790452755,
                    1.9865207583003475
                ],
                [
                    4.34288955053391,
                    1.9864314342088953
                ],
                [
                    4.343019022536564,
                    1.9863627975886706
                ]
            ]
        },
        "optimization_iterations": 30,
        "qaoa_cut_value": 15,
        "termination_reason": "Return from COBYLA because the trust region radius reaches its lower bound.",
        "total_shots": 1024,