{
    "exact_max_cut_value": 2,
    "graph_metadata": {
        "density_edges": 0.25,
        "filepath": "data/generated_graphs/graph_n4_d0.25_id0.gpickle",
        "id": 0,
        "n_vertices": 4,
        "seed": 803576
    },
    "metrics": {
        "all_trajectories": [
            [
                [
                    1.7766652901896773,
                    1.476616972452078,
                    3.580201066824146,
                    3.211825060099792
                ],
                [
                    2.776665290189677,
                    1.476616972452078,
                    3.580201066824146,
                    3.211825060099792
                ],
                [
                    2.776665290189677,
                    1.476616972452078,
                    3.580201066824146,
                    3.211825060099792
                ],
                [
                    2.8192011371485304,
                    1.474948900022319,
                    3.814234326466015,
                    3.1349072296619562
                ],
                [
                    2.8192011371485304,
                    1.474948900022319,
                    3.814234326466015,
                    3.1349072296619562
                ],
                [
                    2.8192011371485304,
                    1.474948900022319,
                    3.814234326466015,
                    3.1349072296619562
                ],
                [
                    2.865941743036647,
                    1.5592613635961694,
                    3.8390810944443783,
                    3.1254540625551446
                ],
                [
                    2.865941743036647,
                    1.5592613635961694,
                    3.8390810944443783,
                    3.1254540625551446
                ],
                [
                    2.865941743036647,
                    1.5592613635961694,
                    3.8390810944443783,
                    3.1254540625551446
                ],
                [
                    2.865941743036647,
                    1.5592613635961694,
                    3.8390810944443783,
                    3.1254540625551446
                ],
                [
                    2.865941743036647,
                    1.5592613635961694,
                    3.8390810944443783,
                    3.1254540625551446
                ],
                [
                    2.865941743036647,
                    1.5592613635961694,
                    3.8390810944443783,
                    3.1254540625551446
                ],
                [
                    2.865941743036647,
                    1.5592613635961694,
                    3.8390810944443783,
                    3.1254540625551446
                ],
                [
                    2.865941743036647,
                    1.5592613635961694,
                    3.8390810944443783,
                    3.1254540625551446
                ],
                [
                    2.865941743036647,
                    1.5592613635961694,
                    3.8390810944443783,
                    3.1254540625551446
                ],
                [
                    2.865941743036647,
                    1.5592613635961694,
                    3.8390810944443783,
                    3.1254540625551446
                ],
                [
                    2.865941743036647,
                    1.5592613635961694,
                    3.8390810944443783,
                    3.1254540625551446
                ],
                [
                    2.865941743036647,
                    1.5592613635961694,
                    3.8390810944443783,
                    3.1254540625551446
                ],
                [
                    2.865941743036647,
                    1.5592613635961694,
                    3.8390810944443783,
                    3.1254540625551446
                ],
                [
                    2.865941743036647,
                    1.5592613635961694,
                    3.8390810944443783,
                    3.1254540625551446
                ],
                [
                    2.865941743036647,
                    1.5592613635961694,
                    3.8390810944443783,
                    3.1254540625551446
                ]
            ]
        ],
        "approximation_ratio": 1.0,
        "circuit_depth": 13,
        "num_parameters": 0,
        "optimization_history": {
            "fun": [
                -1.021484375,
                -1.4697265625,
                -1.4521484375,
                -0.9853515625,
                -0.3388671875,
                -1.4111328125,
                -0.6201171875,
                -1.5595703125,
                -1.4462890625,
                -1.548828125,
                -1.541015625,
                -1.5146484375,
                -1.6083984375,
                -1.5048828125,
                -1.4921875,
                -1.6015625,
                -1.5810546875,
                -1.5400390625,
                -1.5869140625,
                -1.5517578125,
                -1.529296875,
                -1.5693359375,
                -1.5810546875,
                -1.5478515625,
                -1.53515625,
                -1.53515625,
                -1.5517578125,
                -1.599609375,
                -1.56640625,
                -1.55859375,
                -1.5322265625,
                -1.591796875,
                -1.5859375,
                -1.541015625,
                -1.5595703125,
                -1.5771484375,
                -1.5634765625,
                -1.5625,
                -1.54296875
            ],