{
    "exact_max_cut_value": 4,
    "graph_metadata": {
        "density_edges": 0.75,
        "filepath": "data/generated_graphs/graph_n4_d0.75_id8.gpickle",
        "id": 8,
        "n_vertices": 4,
        "seed": 467779
    },
    "metrics": {
        "all_trajectories": [
            [
                [
                    2.7187487718610863,
                    2.204305273560478,
                    3.625448930869428,
                    2.5771926076142724
                ],
                [
                    2.7187487718610863,
                    3.204305273560478,
                    4.625448930869428,
                    3.5771926076142724
                ],
                [
                    2.7104541029282214,
                    3.3290297638071578,
                    4.625448930869428,
                    3.5771926076142724
                ],
                [
                    2.7104541029282214,
                    3.3290297638071578,
                    4.625448930869428,
                    3.5771926076142724
                ],
                [
                    2.7104541029282214,
                    3.3290297638071578,
                    4.625448930869428,
                    3.5771926076142724
                ],
                [
                    2.7104541029282214,
                    3.3290297638071578,
                    4.625448930869428,
                    3.5771926076142724
                ],
                [
                    2.7104541029282214,
                    3.3290297638071578,
                    4.625448930869428,
                    3.5771926076142724
                ],
                [
                    2.7104541029282214,
                    3.3290297638071578,
                    4.625448930869428,
                    3.5771926076142724
                ],
                [
                    2.7122362083741574,
                    3.3285377800244524,
                    4.615645554214898,
                    3.5778824324518466
                ],
                [
                    2.7122362083741574,
                    3.3285377800244524,
                    4.615645554214898,
                    3.5778824324518466
                ],
                [
                    2.7122362083741574,
                    3.3285377800244524,
                    4.615645554214898,
                    3.5778824324518466
                ],
                [
                    2.7122362083741574,
                    3.3285377800244524,
                    4.615645554214898,
                    3.5778824324518466
                ],
                [
                    2.7122362083741574,
                    3.3285377800244524,
                    4.615645554214898,
                    3.5778824324518466
                ],
                [
                    2.7122362083741574,
                    3.3285377800244524,
                    4.615645554214898,
                    3.5778824324518466
                ],
                [
                    2.7122362083741574,
                    3.3285377800244524,
                    4.615645554214898,
                    3.5778824324518466
                ],
                [
                    2.7122362083741574,
                    3.3285377800244524,
                    4.615645554214898,
                    3.5778824324518466
                ],
                [
                    2.7122362083741574,
                    3.3285377800244524,
                    4.615645554214898,
                    3.5778824324518466
                ],
                [
                    2.7122362083741574,
                    3.3285377800244524,
                    4.615645554214898,
                    3.5778824324518466
                ],
                [
                    2.7122362083741574,
                    3.3285377800244524,
                    4.615645554214898,
                    3.5778824324518466
                ],
                [
                    2.7122362083741574,
                    3.3285377800244524,
                    4.615645554214898,
                    3.5778824324518466
                ]
            ]
        ],
        "approximation_ratio": 1.0,
        "circuit_depth": 19,
        "num_parameters": 0,
        "optimization_history": {
            "fun": [
                -1.8056640625,
                -1.458984375,
                -2.0458984375,
                -2.4599609375,
                -3.03125,
                -2.18359375,
                -2.8515625,
                -3.0771484375,
                -2.556640625,
                -3.0478515625,
                -2.9921875,
                -3.02734375,
                -2.80078125,
                -2.99609375,
                -2.9990234375,
                -3.0146484375,
                -2.9755859375,
                -3.10546875,
                -3.072265625,
                -2.990234375,
                -3.03125,
                -2.931640625,
                -3.056640625,
                -3.046875,
                -3.0888671875,
                -2.99609375,
                -3.021484375,
                -3.0546875,
                -3.078125,
                -3.0009765625,
                -3.0078125,
                -3.0087890625,
                -3.046875,
                -3.0283203125,
                -3.0595703125,
                -3.02734375,
                -3.0400390625,
                -3.017578125,
                -3.0458984375
            ],