{
    "exact_max_cut_value": 4,
    "graph_metadata": {
        "density_edges": 0.75,
        "filepath": "data/generated_graphs/graph_n4_d0.75_id5.gpickle",
        "id": 5,
        "n_vertices": 4,
        "seed": 736123
    },
    "metrics": {
        "all_trajectories": [
            [
                [
                    6.249273798667614,
                    3.3973900067857303
                ],
                [
                    5.249597702436789,
                    4.422840009235599
                ],
                [
                    5.249597702436789,
                    4.422840009235599
                ],
                [
                    5.363955112382116,
                    4.372368405431117
                ],
                [
                    5.5248534802984395,
                    4.181026525013203
                ],
                [
                    5.57317065499515,
                    4.168163763671733
                ],
                [
                    5.57317065499515,
                    4.168163763671733
                ],
                [
                    5.57317065499515,
                    4.168163763671733
                ],
                [
                    5.57317065499515,
                    4.168163763671733
                ],
                [
                    5.57317065499515,
                    4.168163763671733
                ],
                [
                    5.57317065499515,
                    4.168163763671733
                ],
                [
                    5.57317065499515,
                    4.168163763671733
                ],
                [
                    5.57317065499515,
                    4.168163763671733
                ],
                [
                    5.57317065499515,
                    4.168163763671733
                ],
                [
                    5.5722139515874245,
                    4.167872699091879
                ],
                [
                    5.5722139515874245,
                    4.167872699091879
                ],
                [
                    5.5722139515874245,
                    4.167872699091879
                ],
                [
                    5.5722139515874245,
                    4.167872699091879
                ],
                [
                    5.5722139515874245,
                    4.167872699091879
                ]
            ]
        ],
        "approximation_ratio": 1.0,
        "circuit_depth": 11,
        "num_parameters": 0,
        "optimization_history": {
            "fun": [
                -2.9912109375,
                -2.0322265625,
                -3.015625,
                -3.2412109375,
                -3.099609375,
                -2.9404296875,
                -3.39453125,
                -3.521484375,
                -3.07421875,
                -3.5341796875,
                -3.4140625,
                -3.361328125,
                -3.4814453125,
                -3.4326171875,
                -3.49609375,
                -3.5009765625,
                -3.4892578125,
                -3.4912109375,
                -3.466796875,
                -3.5029296875,
                -3.4404296875,
                -3.4814453125,
                -3.53515625,
                -3.498046875,
                -3.5107421875,
                -3.5302734375,
                -3.5029296875,
                -3.49609375,
                -3.4853515625,
                -3.5107421875
            ],
            "params": [
                [
                    6.249273798667614,
                    3.3973900067857303
                ],
                [
                    7.249273798667614,
                    3.3973900067857303
                ],
                [
                    6.249273798667614,
                    4.397390006785731
                ],
                [
                    5.249597702436789,
                    4.422840009235599
                ],
                [
                    4.255431175603168,
                    4.530696010105161
                ],
                [
                    5.451484117654717,
                    4.880269649016904
                ],
                [
                    5.363955112382116,
                    4.372368405431117
                ],
                [
                    5.5248534802984395,
                    4.181026525013203
                ],
                [
                    5.46053967359109,
                    3.9394406515296527
                ],
                [
                    5.57317065499515,
                    4.168163763671733
                ],
                [
                    5.612219366693522,
                    4.2602246028743895
                ],
                [
                    5.567207793154317,
                    4.068341700586124
                ],
                [
                    5.59260182271842,
                    4.214233598932021
                ],
                [
                    5.5723352535826365,
                    4.143177725480776
                ],
                [
                    5.578167862633341,
                    4.16799668338923
                ],
                [
                    5.564509305311285,
                    4.1731618654768
                ],
                [
                    5.575669705897684,
                    4.172494438513665
                ],
                [
                    5.571484921085459,
                    4.158306872621015
                ],
                [
                    5.577489533195498,
                    4.170683146749107
                ],
                [
                    5.573800500764493,
                    4.167084044121646
                ],
                [
                    5.571037136129061,
                    4.169466874276419
                ],
                [
                    5.573602542815185,
                    4.1684157019794705
                ],
                [
                    5.5722139515874245,
                    4.167872699091879
                ],
                [
                    5.571886433609564,
                    4.168817544039041
                ],
                [
                    5.572346871741037,
                    4.167390690551743
                ],
                [
                    5.5721364215628535,
                    4.168110373439022
                ],
                [
                    5.572166416717995,
                    4.167857193086965
                ],
                [
                    5.572309917032996,
                    4.167900817293391
                ],
                [
                    5.57222801068818,
                    4.1678247163690925
                ],
                [
                    5.572152738508052,
                    4.167951774744982
                ]
            ]
        },
        "optimization_iterations": 30,
        "qaoa_cut_value": 4,
        "termination_reason": "Return from COBYLA because the trust region radius reaches its lower bound.",
        "total_shots": 1024,