{
    "exact_max_cut_value": 15,
    "graph_metadata": {
        "density_edges": 0.75,
        "filepath": "data/generated_graphs/graph_n8_d0.75_id2.gpickle",
        "id": 2,
        "n_vertices": 8,
        "seed": 909986
    },
    "metrics": {
        "all_trajectories": [
            [
                [
                    4.402961302510235,
                    5.252021843038752
                ],
                [
                    4.402961302510235,
                    5.252021843038752
                ],
                [
                    3.943919483466866,
                    5.450215204101515
                ],
                [
                    3.943919483466866,
                    5.450215204101515
                ],
                [
                    3.943919483466866,
                    5.450215204101515
                ],
                [
                    3.8947025852753763,
                    5.4590297904451015
                ],
                [
                    3.8739341618159933,
                    5.361210198404387
                ],
                [
                    3.8739341618159933,
                    5.361210198404387
                ],
                [
                    3.8739341618159933,
                    5.361210198404387
                ],
                [
                    3.8739341618159933,
                    5.361210198404387
                ],
                [
                    3.8739341618159933,
                    5.361210198404387
                ],
                [
                    3.8739341618159933,
                    5.361210198404387
                ],
                [
                    3.8739341618159933,
                    5.361210198404387
                ],
                [
                    3.8740522749988977,
                    5.361696047430345
                ],
                [
                    3.8740522749988977,
                    5.361696047430345
                ],
                [
                    3.8740522749988977,
                    5.361696047430345
                ],
                [
                    3.8738140738911935,
                    5.361620151236182
                ],
                [
                    3.8737416843963084,
                    5.361689142257556
                ],
                [
                    3.8737416843963084,
                    5.361689142257556
                ]
            ]
        ],
        "approximation_ratio": 0.9333333333333333,
        "circuit_depth": 14,
        "num_parameters": 0,
        "optimization_history": {
            "fun": [
                -10.5810546875,
                -10.498046875,
                -9.9091796875,
                -10.5556640625,
                -10.59765625,
                -10.3369140625,
                -10.5625,
                -10.353515625,
                -10.6015625,
                -10.7021484375,
                -10.5576171875,
                -10.5625,
                -10.5888671875,
                -10.677734375,
                -10.6640625,
                -10.54296875,
                -10.6162109375,
                -10.58203125,
                -10.6591796875,
                -10.6484375,
                -10.6806640625,
                -10.7294921875,
                -10.6162109375,
                -10.650390625,
                -10.5576171875,
                -10.75,
                -10.7529296875,
                -10.541015625,
                -10.5849609375
            ],
            "params": [
                [
                    4.402961302510235,
                    5.252021843038752
                ],
                [
                    5.402961302510235,
                    5.252021843038752
                ],
                [
                    4.402961302510235,
                    6.252021843038752
                ],
                [
                    4.2803470232878835,
                    4.259567441803721
                ],
                [
                    3.943919483466866,
                    5.450215204101515
                ],
                [
                    3.6232502193216756,
                    5.833844221555333
                ],
                [
                    3.838636509026016,
                    5.223465352298064
                ],
                [
                    3.9615486561540387,
                    5.548649000484494
                ],
                [
                    3.8947025852753763,
                    5.4590297904451015
                ],
                [
                    3.8739341618159933,
                    5.361210198404387
                ],
                [
                    3.848720764441264,
                    5.264440964694369
                ],
                [
                    3.8302145316886587,
                    5.385471153487175
                ],
                [
                    3.8799994005866902,
                    5.372140105936221
                ],
                [
                    3.8687798805157523,
                    5.336747300287484
                ],
                [
                    3.86956219880326,
                    5.363636293912665
                ],
                [
                    3.875845815581996,
                    5.351394619976249
                ],
                [
                    3.869098142975083,
                    5.362480206975366
                ],
                [
                    3.8742516639587383,
                    5.362419203114614
                ],
                [
                    3.8737348106915364,
                    5.358718159253575
                ],
                [
                    3.8744325696461557,
                    5.361170328179496
                ],
                [
                    3.8729624637640776,
                    5.361446424770196
                ],
                [
                    3.8740522749988977,
                    5.361696047430345
                ],
                [
                    3.874627446739626,
                    5.362514080112252
                ],
                [
                    3.8742575266092536,
                    5.361240117856347
                ],
                [
                    3.8741662573923974,
                    5.361747360332934
                ],
                [
                    3.8738140738911935,
                    5.361620151236182
                ],
                [
                    3.8737416843963084,
                    5.361689142257556
                ],
                [
                    3.873651550053223,
                    5.361645831748477
                ],
                [
                    3.873809738243065,
                    5.361762413492987
                ]
            ]
        },
        "optimization_iterations": 29,
        "qaoa_cut_value": 14,
        "termination_reason": "Return from COBYLA because the trust region radius reaches its lower bound.",
        "total_shots": 1024,