{
    "exact_max_cut_value": 11,
    "graph_metadata": {
        "density_edges": 0.5,
        "filepath": "data/generated_graphs/graph_n8_d0.50_id8.gpickle",
        "id": 8,
        "n_vertices": 8,
        "seed": 655490
    },
    "metrics": {
        "all_trajectories": [
            [
                [
                    2.5695232139678845,
                    0.03172952986292894
                ],
                [
                    2.5695232139678845,
                    0.03172952986292894
                ],
                [
                    2.5695232139678845,
                    0.03172952986292894
                ],
                [
                    2.527596481489375,
                    0.278188753881174
                ],
                [
                    2.5771566793777105,
                    0.2848059122795383
                ],
                [
                    2.6722166856022485,
                    0.2537640821693339
                ],
                [
                    2.8673083535995856,
                    0.20972726713898826
                ],
                [
                    2.8673083535995856,
                    0.20972726713898826
                ],
                [
                    2.8673083535995856,
                    0.20972726713898826
                ],
                [
                    2.8673083535995856,
                    0.20972726713898826
                ],
                [
                    2.8673083535995856,
                    0.20972726713898826
                ],
                [
                    2.8673083535995856,
                    0.20972726713898826
                ],
                [
                    2.8673083535995856,
                    0.20972726713898826
                ],
                [
                    2.8673083535995856,
                    0.20972726713898826
                ],
                [
                    2.8673083535995856,
                    0.20972726713898826
                ],
                [
                    2.8673083535995856,
                    0.20972726713898826
                ],
                [
                    2.8673083535995856,
                    0.20972726713898826
                ],
                [
                    2.8673083535995856,
                    0.20972726713898826
                ],
                [
                    2.8673083535995856,
                    0.20972726713898826
                ],
                [
                    2.8673083535995856,
                    0.20972726713898826
                ]
            ]
        ],
        "approximation_ratio": 1.0,
        "circuit_depth": 9,
        "num_parameters": 0,
        "optimization_history": {
            "fun": [
                -6.779296875,
                -6.0478515625,
                -6.63671875,
                -6.650390625,
                -4.677734375,
                -7.318359375,
                -6.6865234375,
                -7.5810546875,
                -8.2470703125,
                -8.3359375,
                -7.7607421875,
                -8.2880859375,
                -7.978515625,
                -8.1708984375,
                -8.1806640625,
                -8.15625,
                -8.2333984375,
                -8.25,
                -8.234375,
                -8.2490234375,
                -8.1845703125,
                -8.2109375,
                -8.1708984375,
                -8.3017578125,
                -8.2626953125,
                -8.2490234375,
                -8.2314453125,
                -8.279296875,
                -8.224609375
            ],
            "params": [
                [
                    2.5695232139678845,
                    0.03172952986292894
                ],
                [
                    3.5695232139678845,
                    0.03172952986292894
                ],
                [
                    2.5695232139678845,
                    1.031729529862929
                ],
                [
                    1.587996592581912,
                    -0.15959608658880942
                ],
                [
                    2.9419072171539367,
                    -0.30193220628781753
                ],
                [
                    2.527596481489375,
                    0.278188753881174
                ],
                [
                    2.4945106894975537,
                    0.5259897433228505
                ],
                [
                    2.5771566793777105,
                    0.2848059122795383
                ],
                [
                    2.6722166856022485,
                    0.2537640821693339
                ],
                [
                    2.8673083535995856,
                    0.20972726713898826
                ],
                [
                    2.852062251426984,
                    0.11089631870408449
                ],
                [
                    2.8967181522699716,
                    0.305304794529936
                ],
                [
                    2.890877037154775,
                    0.1656305874966916
                ],
                [
                    2.8562841836890116,
                    0.2038350962501909
                ],
                [
                    2.8810865753627337,
                    0.2305877706095547
                ],
                [
                    2.874687354107871,
                    0.20297816708796446
                ],
                [
                    2.867480632999299,
                    0.21972578301927942
                ],
                [
                    2.8625082611764707,
                    0.20832758405716037
                ],
                [
                    2.869539399985519,
                    0.208599245852038
                ],
                [
                    2.867533957856976,
                    0.21017347641617498
                ],
                [
                    2.8666658920195376,
                    0.20896094924270617
                ],
                [
                    2.8669251946514445,
                    0.21004849792901226
                ],
                [
                    2.8682966299300117,
                    0.20957459135597334
                ],
                [
                    2.867120920083753,
                    0.21019080643305377
                ],
                [
                    2.8675578018909613,
                    0.20974386683566326
                ],
                [
                    2.8673116735389206,
                    0.2096773774807131
                ],
                [
                    2.86728522319719,
                    0.20982455529081065
                ],
                [
                    2.8672597095236743,
                    0.20971570193779043
                ],
                [
                    2.8673955477021784,
                    0.20967830604756843
                ]
            ]
        },
        "optimization_iterations": 29,
        "qaoa_cut_value": 11,
        "termination_reason": "Return from COBYLA because the trust region radius reaches its lower bound.",
        "total_shots": 1024,