{
    "exact_max_cut_value": 16,
    "graph_metadata": {
        "density_edges": 0.75,
        "filepath": "data/generated_graphs/graph_n8_d0.75_id1.gpickle",
        "id": 1,
        "n_vertices": 8,
        "seed": 922802
    },
    "metrics": {
        "all_trajectories": [
            [
                [
                    6.279910381581467,
                    5.151710421854754
                ],
                [
                    6.279910381581467,
                    6.151710421854754
                ],
                [
                    6.779899045577271,
                    6.15507730107603
                ],
                [
                    6.779899045577271,
                    6.15507730107603
                ],
                [
                    6.859559937398794,
                    6.251405605920451
                ],
                [
                    6.859559937398794,
                    6.251405605920451
                ],
                [
                    6.859559937398794,
                    6.251405605920451
                ],
                [
                    6.859559937398794,
                    6.251405605920451
                ],
                [
                    6.859559937398794,
                    6.251405605920451
                ],
                [
                    6.859559937398794,
                    6.251405605920451
                ],
                [
                    6.863734073448167,
                    6.24231843979226
                ],
                [
                    6.863734073448167,
                    6.24231843979226
                ],
                [
                    6.863762827137336,
                    6.241068770545876
                ],
                [
                    6.863762827137336,
                    6.241068770545876
                ],
                [
                    6.863762827137336,
                    6.241068770545876
                ],
                [
                    6.863762827137336,
                    6.241068770545876
                ],
                [
                    6.863762827137336,
                    6.241068770545876
                ],
                [
                    6.863762827137336,
                    6.241068770545876
                ],
                [
                    6.863860770831811,
                    6.241048595494138
                ]
            ]
        ],
        "approximation_ratio": 1.0,
        "circuit_depth": 15,
        "num_parameters": 0,
        "optimization_history": {
            "fun": [
                -12.5126953125,
                -11.458984375,
                -12.5146484375,
                -12.224609375,
                -12.919921875,
                -11.6875,
                -11.0068359375,
                -12.9296875,
                -8.5791015625,
                -12.41796875,
                -11.83984375,
                -12.5576171875,
                -12.822265625,
                -12.880859375,
                -12.826171875,
                -12.94140625,
                -12.916015625,
                -12.73046875,
                -12.970703125,
                -12.9384765625,
                -12.8466796875,
                -12.8544921875,
                -12.9287109375,
                -12.8017578125,
                -12.9169921875,
                -12.8662109375,
                -12.8193359375,
                -12.9921875,
                -12.951171875
            ],
            "params": [
                [
                    6.279910381581467,
                    5.151710421854754
                ],
                [
                    7.279910381581467,
                    5.151710421854754
                ],
                [
                    6.279910381581467,
                    6.151710421854754
                ],
                [
                    5.2799120994344255,
                    6.153563986789226
                ],
                [
                    6.779899045577271,
                    6.15507730107603
                ],
                [
                    7.7798961424483615,
                    6.157486917101815
                ],
                [
                    6.394585826199588,
                    6.47372086836212
                ],
                [
                    6.859559937398794,
                    6.251405605920451
                ],
                [
                    7.055428845391935,
                    6.09604997878846
                ],
                [
                    6.821028615461025,
                    6.28326996264906
                ],
                [
                    6.937106800643605,
                    6.188266996489369
                ],
                [
                    6.8212579985654775,
                    6.28354532405252
                ],
                [
                    6.867594866931811,
                    6.26098109062878
                ],
                [
                    6.859947856691338,
                    6.226408615729181
                ],
                [
                    6.849621221563445,
                    6.252511014236044
                ],
                [
                    6.863734073448167,
                    6.24231843979226
                ],
                [
                    6.855265500485091,
                    6.2370002378433815
                ],
                [
                    6.868732750433705,
                    6.242433454548938
                ],
                [
                    6.863762827137336,
                    6.241068770545876
                ],
                [
                    6.861605940260172,
                    6.239804713981035
                ],
                [
                    6.864262694835889,
                    6.241080272021544
                ],
                [
                    6.862769688774566,
                    6.240951825292036
                ],
                [
                    6.864255487771224,
                    6.240983415406509
                ],
                [
                    6.8637414883524945,
                    6.240945605387404
                ],
                [
                    6.863790145364327,
                    6.241317273492487
                ],
                [
                    6.863711799807873,
                    6.240982769315375
                ],
                [
                    6.863719826522085,
                    6.241094284210608
                ],
                [
                    6.863860770831811,
                    6.241048595494138
                ],
                [
                    6.863900497682871,
                    6.241140365736073
                ]
            ]
        },
        "optimization_iterations": 29,
        "qaoa_cut_value": 16,
        "termination_reason": "Return from COBYLA because the trust region radius reaches its lower bound.",
        "total_shots": 1024,