{
    "exact_max_cut_value": 8,
    "graph_metadata": {
        "density_edges": 0.25,
        "filepath": "data/generated_graphs/graph_n8_d0.25_id3.gpickle",
        "id": 3,
        "n_vertices": 8,
        "seed": 253242
    },
    "metrics": {
        "all_trajectories": [
            [
                [
                    1.5088936484036453,
                    0.32758940722824137
                ],
                [
                    2.508893648403645,
                    0.32758940722824137
                ],
                [
                    2.508893648403645,
                    0.32758940722824137
                ],
                [
                    2.7573447342886754,
                    0.35537533752667183
                ],
                [
                    2.7573447342886754,
                    0.35537533752667183
                ],
                [
                    2.7573447342886754,
                    0.35537533752667183
                ],
                [
                    2.7573447342886754,
                    0.35537533752667183
                ],
                [
                    2.7573447342886754,
                    0.35537533752667183
                ],
                [
                    2.7573447342886754,
                    0.35537533752667183
                ],
                [
                    2.7573447342886754,
                    0.35537533752667183
                ],
                [
                    2.7573447342886754,
                    0.35537533752667183
                ],
                [
                    2.7573447342886754,
                    0.35537533752667183
                ],
                [
                    2.7573447342886754,
                    0.35537533752667183
                ],
                [
                    2.757025237963593,
                    0.35499073110673235
                ],
                [
                    2.757025237963593,
                    0.35499073110673235
                ],
                [
                    2.7565567490706537,
                    0.35516542557485553
                ],
                [
                    2.7565567490706537,
                    0.35516542557485553
                ],
                [
                    2.7565567490706537,
                    0.35516542557485553
                ],
                [
                    2.7565567490706537,
                    0.35516542557485553
                ]
            ]
        ],
        "approximation_ratio": 1.0,
        "circuit_depth": 6,
        "num_parameters": 0,
        "optimization_history": {
            "fun": [
                -4.466796875,
                -4.951171875,
                -4.9072265625,
                -2.56640625,
                -2.23046875,
                -4.8876953125,
                -5.826171875,
                -4.8896484375,
                -5.6533203125,
                -5.7412109375,
                -5.5537109375,
                -5.7998046875,
                -5.63671875,
                -5.8095703125,
                -5.771484375,
                -5.8076171875,
                -5.8134765625,
                -5.7626953125,
                -5.7880859375,
                -5.7626953125,
                -5.841796875,
                -5.775390625,
                -5.8623046875,
                -5.7666015625,
                -5.73828125,
                -5.7939453125,
                -5.736328125,
                -5.732421875,
                -5.7685546875
            ],
            "params": [
                [
                    1.5088936484036453,
                    0.32758940722824137
                ],
                [
                    2.508893648403645,
                    0.32758940722824137
                ],
                [
                    2.508893648403645,
                    1.3275894072282415
                ],
                [
                    3.5048032964683786,
                    0.23723470125462642
                ],
                [
                    2.0089775478828837,
                    0.3184301255906695
                ],
                [
                    2.511183468813038,
                    0.2026103820980511
                ],
                [
                    2.7573447342886754,
                    0.35537533752667183
                ],
                [
                    3.0040016032992076,
                    0.39612320826762115
                ],
                [
                    2.720814056980315,
                    0.44846405658216454
                ],
                [
                    2.7108003747609293,
                    0.3371099988724917
                ],
                [
                    2.8486543364676233,
                    0.3146008779971784
                ],
                [
                    2.718188055098647,
                    0.32428266194528754
                ],
                [
                    2.777426431947224,
                    0.34048489028185575
                ],
                [
                    2.7603228237376385,
                    0.35939167705838154
                ],
                [
                    2.7475969795934994,
                    0.35760721530170236
                ],
                [
                    2.762246358287066,
                    0.3466590262553598
                ],
                [
                    2.7611234791343744,
                    0.35864964468866845
                ],
                [
                    2.7565261574981763,
                    0.3563200237380966
                ],
                [
                    2.758885494500483,
                    0.35340656685193333
                ],
                [
                    2.7565755214487964,
                    0.35601433017683715
                ],
                [
                    2.757025237963593,
                    0.35499073110673235
                ],
                [
                    2.757433120321414,
                    0.354077696615501
                ],
                [
                    2.7565567490706537,
                    0.35516542557485553
                ],
                [
                    2.7560580519964057,
                    0.35512935303493
                ],
                [
                    2.756626423447252,
                    0.3554055203087537
                ],
                [
                    2.756508730123874,
                    0.35517936045017523
                ],
                [
                    2.7566375211616223,
                    0.35510646907122334
                ],
                [
                    2.7565272708188377,
                    0.35512503952937113
                ],
                [
                    2.75657455116499,
                    0.35526382824472397
                ]
            ]
        },
        "optimization_iterations": 29,
        "qaoa_cut_value": 8,
        "termination_reason": "Return from COBYLA because the trust region radius reaches its lower bound.",
        "total_shots": 1024,