{
    "exact_max_cut_value": 7,
    "graph_metadata": {
        "density_edges": 0.25,
        "filepath": "data/generated_graphs/graph_n8_d0.25_id2.gpickle",
        "id": 2,
        "n_vertices": 8,
        "seed": 959053
    },
    "metrics": {
        "all_trajectories": [
            [
                [
                    3.3765876352377497,
                    1.119940353894458
                ],
                [
                    3.3765876352377497,
                    1.119940353894458
                ],
                [
                    3.875139313874018,
                    1.0819111055590123
                ],
                [
                    3.875139313874018,
                    1.0819111055590123
                ],
                [
                    3.875139313874018,
                    1.0819111055590123
                ],
                [
                    3.9523858145414295,
                    1.3196777519471035
                ],
                [
                    3.9523858145414295,
                    1.3196777519471035
                ],
                [
                    3.9523858145414295,
                    1.3196777519471035
                ],
                [
                    3.9523858145414295,
                    1.3196777519471035
                ],
                [
                    3.9523858145414295,
                    1.3196777519471035
                ],
                [
                    3.9523858145414295,
                    1.3196777519471035
                ],
                [
                    3.9523858145414295,
                    1.3196777519471035
                ],
                [
                    3.9527591057990517,
                    1.3246637978390887
                ],
                [
                    3.9527591057990517,
                    1.3246637978390887
                ],
                [
                    3.9527591057990517,
                    1.3246637978390887
                ],
                [
                    3.9527591057990517,
                    1.3246637978390887
                ],
                [
                    3.9527591057990517,
                    1.3246637978390887
                ],
                [
                    3.9527591057990517,
                    1.3246637978390887
                ],
                [
                    3.9527591057990517,
                    1.3246637978390887
                ],
                [
                    3.9527591057990517,
                    1.3246637978390887
                ],
                [
                    3.9527591057990517,
                    1.3246637978390887
                ]
            ]
        ],
        "approximation_ratio": 1.0,
        "circuit_depth": 6,
        "num_parameters": 0,
        "optimization_history": {
            "fun": [
                -4.0537109375,
                -4.0009765625,
                -4.0498046875,
                -4.0029296875,
                -4.0791015625,
                -3.8544921875,
                -3.361328125,
                -3.9228515625,
                -4.123046875,
                -4.08203125,
                -3.9609375,
                -4.103515625,
                -3.9921875,
                -4.0234375,
                -4.099609375,
                -4.115234375,
                -4.0419921875,
                -4.166015625,
                -4.0595703125,
                -4.04296875,
                -3.998046875,
                -4.0048828125,
                -4.07421875,
                -4.0107421875,
                -4.0634765625,
                -4.0703125,
                -4.052734375,
                -3.94140625,
                -4.0322265625,
                -4.1005859375,
                -4.033203125,
                -4.076171875
            ],
            "params": [
                [
                    3.3765876352377497,
                    1.119940353894458
                ],
                [
                    4.376587635237749,
                    1.119940353894458
                ],
                [
                    3.3765876352377497,
                    2.119940353894458
                ],
                [
                    2.3793198807810407,
                    1.046068668379146
                ],
                [
                    3.875139313874018,
                    1.0819111055590123
                ],
                [
                    4.872176346629317,
                    1.0049880575531642
                ],
                [
                    3.4463499662206374,
                    0.8247347160148157
                ],
                [
                    3.9394334112600675,
                    0.9747137686456672
                ],
                [
                    3.9523858145414295,
                    1.3196777519471035
                ],
                [
                    3.861507744213631,
                    1.3614051570125485
                ],
                [
                    3.973249517074152,
                    1.3651167871110026
                ],
                [
                    3.922394070795777,
                    1.2242812357261474
                ],
                [
                    4.002057069349896,
                    1.3254019502099477
                ],
                [
                    3.9509547649757186,
                    1.3320955656492202
                ],
                [
                    3.9473554724859796,
                    1.2951890676458762
                ],
                [
                    3.9622423556327946,
                    1.3179899730177924
                ],
                [
                    3.9498061264781534,
                    1.3100162194860396
                ],
                [
                    3.9527591057990517,
                    1.3246637978390887
                ],
                [
                    3.953543853442508,
                    1.3346329588437114
                ],
                [
                    3.948848939586576,
                    1.321547614245201
                ],
                [
                    3.95198005990058,
                    1.3256413393922075
                ],
                [
                    3.954643903152332,
                    1.3230213792149046
                ],
                [
                    3.952430382146337,
                    1.3256082239929756
                ],
                [
                    3.952286892722108,
                    1.3244994360127313
                ],
                [
                    3.9537579760386796,
                    1.3247113188279802
                ],
                [
                    3.952462343746884,
                    1.3242613897323199
                ],
                [
                    3.952859707825744,
                    1.3245896073260468
                ],
                [
                    3.952592907319156,
                    1.324850554539853
                ],
                [
                    3.9527964571392045,
                    1.3246970375350677
                ],
                [
                    3.952709449058147,
                    1.324576998022944
                ],
                [
                    3.952802505707124,
                    1.3246389694686365
                ],
                [
                    3.9526867018270093,
                    1.3247327736669743
                ]
            ]
        },
        "optimization_iterations": 32,
        "qaoa_cut_value": 7,
        "termination_reason": "Return from COBYLA because the trust region radius reaches its lower bound.",
        "total_shots": 1024,