{
    "exact_max_cut_value": 3,
    "graph_metadata": {
        "density_edges": 0.5,
        "filepath": "data/generated_graphs/graph_n4_d0.50_id6.gpickle",
        "id": 6,
        "n_vertices": 4,
        "seed": 587759
    },
    "metrics": {
        "all_trajectories": [
            [
                [
                    3.3511023439020784,
                    5.665356973488198,
                    6.131307149882843,
                    5.815638472465312
                ],
                [
                    3.3511023439020784,
                    6.665356973488198,
                    6.131307149882843,
                    5.815638472465312
                ],
                [
                    2.925546201199574,
                    6.434941463982142,
                    6.053093683606724,
                    5.717183832755926
                ],
                [
                    2.925546201199574,
                    6.434941463982142,
                    6.01394373835751,
                    5.7482849868660795
                ],
                [
                    2.8817025730436874,
                    6.470279374470768,
                    6.006199074280795,
                    5.830558849852845
                ],
                [
                    2.8636721555839038,
                    6.473844357403018,
                    5.9384543179487235,
                    5.901782742841272
                ],
                [
                    2.798924328467473,
                    6.507531752221692,
                    5.968746466471124,
                    5.963062952141897
                ],
                [
                    2.798924328467473,
                    6.507531752221692,
                    5.968746466471124,
                    5.963062952141897
                ],
                [
                    2.798924328467473,
                    6.507531752221692,
                    5.968746466471124,
                    5.963062952141897
                ],
                [
                    2.798924328467473,
                    6.507531752221692,
                    5.968746466471124,
                    5.963062952141897
                ],
                [
                    2.798924328467473,
                    6.507531752221692,
                    5.968746466471124,
                    5.963062952141897
                ],
                [
                    2.798924328467473,
                    6.507531752221692,
                    5.968746466471124,
                    5.963062952141897
                ],
                [
                    2.798924328467473,
                    6.507531752221692,
                    5.968746466471124,
                    5.963062952141897
                ],
                [
                    2.798924328467473,
                    6.507531752221692,
                    5.968746466471124,
                    5.963062952141897
                ],
                [
                    2.798924328467473,
                    6.507531752221692,
                    5.968746466471124,
                    5.963062952141897
                ],
                [
                    2.798924328467473,
                    6.507531752221692,
                    5.968746466471124,
                    5.963062952141897
                ],
                [
                    2.798924328467473,
                    6.507531752221692,
                    5.968746466471124,
                    5.963062952141897
                ],
                [
                    2.798924328467473,
                    6.507531752221692,
                    5.968746466471124,
                    5.963062952141897
                ],
                [
                    2.798924328467473,
                    6.507531752221692,
                    5.968746466471124,
                    5.963062952141897
                ],
                [
                    2.798924328467473,
                    6.507531752221692,
                    5.968746466471124,
                    5.963062952141897
                ]
            ]
        ],
        "approximation_ratio": 1.0,
        "circuit_depth": 17,
        "num_parameters": 0,
        "optimization_history": {
            "fun": [
                -0.96484375,
                -0.74609375,
                -1.7158203125,
                -1.3271484375,
                -1.2265625,
                -1.708984375,
                -1.734375,
                -1.609375,
                -1.751953125,
                -1.7783203125,
                -1.7890625,
                -1.8720703125,
                -1.7744140625,
                -1.8486328125,
                -1.8466796875,
                -1.8037109375,
                -1.810546875,
                -1.8154296875,
                -1.81640625,
                -1.8046875,
                -1.8369140625,
                -1.798828125,
                -1.8525390625,
                -1.7744140625,
                -1.7763671875,
                -1.8203125,
                -1.8388671875,
                -1.830078125,
                -1.83203125,
                -1.8544921875,
                -1.8251953125,
                -1.8681640625,
                -1.8466796875,
                -1.7724609375,
                -1.796875,
                -1.779296875
            ],