{
    "exact_max_cut_value": 9,
    "graph_metadata": {
        "density_edges": 0.5,
        "filepath": "data/generated_graphs/graph_n8_d0.50_id3.gpickle",
        "id": 3,
        "n_vertices": 8,
        "seed": 2381
    },
    "metrics": {
        "all_trajectories": [
            [
                [
                    6.270659240597864,
                    0.5009609420009891
                ],
                [
                    6.270659240597864,
                    1.500960942000989
                ],
                [
                    6.270659240597864,
                    1.500960942000989
                ],
                [
                    6.270659240597864,
                    1.500960942000989
                ],
                [
                    6.270659240597864,
                    1.500960942000989
                ],
                [
                    6.270659240597864,
                    1.500960942000989
                ],
                [
                    6.270659240597864,
                    1.500960942000989
                ],
                [
                    6.270659240597864,
                    1.500960942000989
                ],
                [
                    6.270659240597864,
                    1.500960942000989
                ],
                [
                    6.270659240597864,
                    1.500960942000989
                ],
                [
                    6.270659240597864,
                    1.500960942000989
                ],
                [
                    6.270659240597864,
                    1.500960942000989
                ],
                [
                    6.270659240597864,
                    1.500960942000989
                ],
                [
                    6.270659240597864,
                    1.500960942000989
                ],
                [
                    6.270659240597864,
                    1.500960942000989
                ],
                [
                    6.270659240597864,
                    1.500960942000989
                ],
                [
                    6.270659240597864,
                    1.500960942000989
                ]
            ]
        ],
        "approximation_ratio": 1.0,
        "circuit_depth": 13,
        "num_parameters": 0,
        "optimization_history": {
            "fun": [
                -5.5234375,
                -5.08203125,
                -5.609375,
                -5.52734375,
                -5.4462890625,
                -5.52734375,
                -5.4482421875,
                -5.4384765625,
                -5.4892578125,
                -5.5576171875,
                -5.4873046875,
                -5.5390625,
                -5.52734375,
                -5.42578125,
                -5.5419921875,
                -5.5224609375,
                -5.4951171875,
                -5.4287109375,
                -5.552734375,
                -5.603515625,
                -5.5380859375,
                -5.5048828125,
                -5.443359375,
                -5.51953125,
                -5.4736328125,
                -5.4541015625,
                -5.44140625
            ],
            "params": [
                [
                    6.270659240597864,
                    0.5009609420009891
                ],
                [
                    7.270659240597864,
                    0.5009609420009891
                ],
                [
                    6.270659240597864,
                    1.500960942000989
                ],
                [
                    5.2890890868136475,
                    1.6920630958350844
                ],
                [
                    6.650355251218003,
                    1.8262776177481004
                ],
                [
                    6.351988409534641,
                    1.4060369393459542
                ],
                [
                    6.0405026211531,
                    1.5985720608643548
                ],
                [
                    6.329543883985115,
                    1.5817854356471373
                ],
                [
                    6.177710441974313,
                    1.4640757032944443
                ],
                [
                    6.292353174512028,
                    1.5460095072537012
                ],
                [
                    6.259397099284685,
                    1.5063844254795302
                ],
                [
                    6.291914665310462,
                    1.4878001319846161
                ],
                [
                    6.260719722713065,
                    1.5020591151283993
                ],
                [
                    6.270110154034159,
                    1.4959911830585897
                ],
                [
                    6.273898103441304,
                    1.5104219021785492
                ],
                [
                    6.273660651937297,
                    1.496962000894706
                ],
                [
                    6.268165802805772,
                    1.5011419612733534
                ],
                [
                    6.270695444452336,
                    1.5014596295594074
                ],
                [
                    6.270712562511545,
                    1.4999623646261595
                ],
                [
                    6.2711585292852785,
                    1.50098760295783
                ],
                [
                    6.270404707186099,
                    1.501928005981445
                ],
                [
                    6.270608728703912,
                    1.500463499995757
                ],
                [
                    6.270632237290297,
                    1.5012094793651427
                ],
                [
                    6.270609533125032,
                    1.5009555413394757
                ],
                [
                    6.270756235550144,
                    1.5009366113776499
                ],
                [
                    6.2706470752861945,
                    1.5009124445248487
                ],
                [
                    6.2706426864148925,
                    1.5010595622779415
                ]
            ]
        },
        "optimization_iterations": 27,
        "qaoa_cut_value": 9,
        "termination_reason": "Return from COBYLA because the trust region radius reaches its lower bound.",
        "total_shots": 1024,