{
    "exact_max_cut_value": 3,
    "graph_metadata": {
        "density_edges": 0.5,
        "filepath": "data/generated_graphs/graph_n4_d0.50_id2.gpickle",
        "id": 2,
        "n_vertices": 4,
        "seed": 961290
    },
    "metrics": {
        "all_trajectories": [
            [
                [
                    5.816738006125327,
                    2.1752865355839526
                ],
                [
                    6.816738006125327,
                    2.1752865355839526
                ],
                [
                    7.071066272398819,
                    2.6057713006736356
                ],
                [
                    7.071066272398819,
                    2.6057713006736356
                ],
                [
                    7.067608722118927,
                    2.730723472907903
                ],
                [
                    7.224446710102339,
                    2.9254074361029105
                ],
                [
                    7.224446710102339,
                    2.9254074361029105
                ],
                [
                    7.304930220658935,
                    2.866057587505915
                ],
                [
                    7.387724816285227,
                    2.8099767981473582
                ],
                [
                    7.387724816285227,
                    2.8099767981473582
                ],
                [
                    7.387724816285227,
                    2.8099767981473582
                ],
                [
                    7.415661309935517,
                    2.713958298250061
                ],
                [
                    7.415661309935517,
                    2.713958298250061
                ],
                [
                    7.415661309935517,
                    2.713958298250061
                ],
                [
                    7.415661309935517,
                    2.713958298250061
                ],
                [
                    7.415661309935517,
                    2.713958298250061
                ],
                [
                    7.415661309935517,
                    2.713958298250061
                ],
                [
                    7.415661309935517,
                    2.713958298250061
                ],
                [
                    7.415661309935517,
                    2.713958298250061
                ],
                [
                    7.415661309935517,
                    2.713958298250061
                ],
                [
                    7.415661309935517,
                    2.713958298250061
                ],
                [
                    7.415661309935517,
                    2.713958298250061
                ],
                [
                    7.415661309935517,
                    2.713958298250061
                ],
                [
                    7.415581398406001,
                    2.71401841602988
                ]
            ]
        ],
        "approximation_ratio": 1.0,
        "circuit_depth": 9,
        "num_parameters": 0,
        "optimization_history": {
            "fun": [
                -1.4384765625,
                -1.541015625,
                -1.4208984375,
                -1.4755859375,
                -1.9248046875,
                -1.0263671875,
                -1.705078125,
                -1.9892578125,
                -2.0068359375,
                -1.599609375,
                -2.091796875,
                -2.1982421875,
                -2.1943359375,
                -2.109375,
                -2.1357421875,
                -2.2373046875,
                -2.1552734375,
                -2.220703125,
                -2.2119140625,
                -2.1806640625,
                -2.2080078125,
                -2.212890625,
                -2.2119140625,
                -2.22265625,
                -2.228515625,
                -2.2177734375,
                -2.162109375,
                -2.208984375,
                -2.1962890625,
                -2.2177734375,
                -2.2216796875,
                -2.2412109375,
                -2.205078125
            ],