{
    "exact_max_cut_value": 3,
    "graph_metadata": {
        "density_edges": 0.25,
        "filepath": "data/generated_graphs/graph_n4_d0.25_id4.gpickle",
        "id": 4,
        "n_vertices": 4,
        "seed": 775440
    },
    "metrics": {
        "all_trajectories": [
            [
                [
                    0.16487694594868216,
                    5.721470355552154
                ],
                [
                    1.164876945948682,
                    5.721470355552154
                ],
                [
                    1.164876945948682,
                    5.721470355552154
                ],
                [
                    1.164876945948682,
                    5.721470355552154
                ],
                [
                    1.077031155787472,
                    5.769252330720126
                ],
                [
                    1.077031155787472,
                    5.769252330720126
                ],
                [
                    1.077031155787472,
                    5.769252330720126
                ],
                [
                    1.055035231131014,
                    5.781134220237682
                ],
                [
                    1.055035231131014,
                    5.781134220237682
                ],
                [
                    1.055035231131014,
                    5.781134220237682
                ],
                [
                    1.055035231131014,
                    5.781134220237682
                ],
                [
                    1.055035231131014,
                    5.781134220237682
                ],
                [
                    1.055035231131014,
                    5.781134220237682
                ],
                [
                    1.055035231131014,
                    5.781134220237682
                ],
                [
                    1.055035231131014,
                    5.781134220237682
                ],
                [
                    1.055035231131014,
                    5.781134220237682
                ],
                [
                    1.055035231131014,
                    5.781134220237682
                ],
                [
                    1.055035231131014,
                    5.781134220237682
                ]
            ]
        ],
        "approximation_ratio": 1.0,
        "circuit_depth": 9,
        "num_parameters": 0,
        "optimization_history": {
            "fun": [
                -1.583984375,
                -2.166015625,
                -0.7626953125,
                -1.4736328125,
                -1.8681640625,
                -2.091796875,
                -1.947265625,
                -2.1650390625,
                -2.173828125,
                -2.11328125,
                -2.134765625,
                -2.15234375,
                -2.193359375,
                -2.173828125,
                -2.123046875,
                -2.1669921875,
                -2.138671875,
                -2.14453125,
                -2.1572265625,
                -2.146484375,
                -2.15625,
                -2.1025390625,
                -2.1416015625,
                -2.1123046875,
                -2.1142578125,
                -2.1826171875,
                -2.115234375,
                -2.158203125,
                -2.1494140625,
                -2.1259765625
            ],
            "params": [
                [
                    0.16487694594868216,
                    5.721470355552154
                ],
                [
                    1.164876945948682,
                    5.721470355552154
                ],
                [
                    1.164876945948682,
                    6.721470355552154
                ],
                [
                    1.5479856131459244,
                    4.797767075749406
                ],
                [
                    1.4180981788259979,
                    6.152607233144517
                ],
                [
                    1.2726611653467728,
                    5.658165047332825
                ],
                [
                    0.9230234301365868,
                    5.6581704591120445
                ],
                [
                    1.1901990692364137,
                    5.76458404331139
                ],
                [
                    1.077031155787472,
                    5.769252330720126
                ],
                [
                    0.9810440558642679,
                    5.7972965217110035
                ],
                [
                    1.0736013647470148,
                    5.719370104091608
                ],
                [
                    1.0895017124446016,
                    5.768394882960012
                ],
                [
                    1.055035231131014,
                    5.781134220237682
                ],
                [
                    1.0429743079802252,
                    5.803032488040199
                ],
                [
                    1.0526588532275027,
                    5.77673503530639
                ],
                [
                    1.0592926236238693,
                    5.790182679176185
                ],
                [
                    1.0505110016617625,
                    5.78326291648411
                ],
                [
                    1.0628339417478256,
                    5.77487481829219
                ],
                [
                    1.0500352655094112,
                    5.7811527616181495
                ],
                [
                    1.0569166260771903,
                    5.779487905244583
                ],
                [
                    1.0553644941296338,
                    5.7815104992269175
                ],
                [
                    1.0542124356614946,
                    5.780565882648446
                ],
                [
                    1.054751062336396,
                    5.781545617972442
                ],
                [
                    1.05600508933642,
                    5.780890550253057
                ],
                [
                    1.054958813288299,
                    5.781628346044855
                ],
                [
                    1.0548897535504476,
                    5.780930906997699
                ],
                [
                    1.0550758937790108,
                    5.781105124721569
                ],
                [
                    1.054955536217351,
                    5.78119462487936
                ],
                [
                    1.055065433451853,
                    5.781174067694514
                ],
                [
                    1.0550087447770822,
                    5.781037791647236
                ]
            ]
        },
        "optimization_iterations": 30,
        "qaoa_cut_value": 3,
        "termination_reason": "Return from COBYLA because the trust region radius reaches its lower bound.",
        "total_shots": 1024,