{
    "exact_max_cut_value": 4,
    "graph_metadata": {
        "density_edges": 0.75,
        "filepath": "data/generated_graphs/graph_n4_d0.75_id9.gpickle",
        "id": 9,
        "n_vertices": 4,
        "seed": 702169
    },
    "metrics": {
        "all_trajectories": [
            [
                [
                    3.2361547790079928,
                    4.701677523685457
                ],
                [
                    4.238940283521851,
                    3.7016814032106806
                ],
                [
                    4.238940283521851,
                    3.7016814032106806
                ],
                [
                    4.238940283521851,
                    3.7016814032106806
                ],
                [
                    4.238940283521851,
                    3.7016814032106806
                ],
                [
                    4.238940283521851,
                    3.7016814032106806
                ],
                [
                    4.230029428377821,
                    3.6020792111635065
                ],
                [
                    4.321444005476349,
                    3.5615406481167318
                ],
                [
                    4.321444005476349,
                    3.5615406481167318
                ],
                [
                    4.321444005476349,
                    3.5615406481167318
                ],
                [
                    4.321444005476349,
                    3.5615406481167318
                ],
                [
                    4.321444005476349,
                    3.5615406481167318
                ],
                [
                    4.321444005476349,
                    3.5615406481167318
                ],
                [
                    4.321444005476349,
                    3.5615406481167318
                ],
                [
                    4.321444005476349,
                    3.5615406481167318
                ],
                [
                    4.321444005476349,
                    3.5615406481167318
                ],
                [
                    4.321444005476349,
                    3.5615406481167318
                ],
                [
                    4.320884971483356,
                    3.5607115033798618
                ],
                [
                    4.320884971483356,
                    3.5607115033798618
                ],
                [
                    4.320884971483356,
                    3.5607115033798618
                ],
                [
                    4.320884971483356,
                    3.5607115033798618
                ],
                [
                    4.320884971483356,
                    3.5607115033798618
                ],
                [
                    4.320884971483356,
                    3.5607115033798618
                ]
            ]
        ],
        "approximation_ratio": 1.0,
        "circuit_depth": 5,
        "num_parameters": 0,
        "optimization_history": {
            "fun": [
                -2.001953125,
                -2.00390625,
                -1.302734375,
                -2.76171875,
                -2.48828125,
                -1.724609375,
                -2.15625,
                -2.466796875,
                -2.623046875,
                -2.837890625,
                -3.013671875,
                -2.76953125,
                -2.9140625,
                -2.94921875,
                -2.984375,
                -2.93359375,
                -2.98046875,
                -2.953125,
                -3.0,
                -2.974609375,
                -3.009765625,
                -2.95703125,
                -2.96875,
                -3.052734375,
                -3.001953125,
                -3.044921875,
                -3.03125,
                -3.033203125,
                -2.974609375,
                -3.00390625,
                -3.029296875
            ],
            "params": [
                [
                    3.2361547790079928,
                    4.701677523685457
                ],
                [
                    4.236154779007993,
                    4.701677523685457
                ],
                [
                    4.236154779007993,
                    5.701677523685457
                ],
                [
                    4.238940283521851,
                    3.7016814032106806
                ],
                [
                    4.244094922585404,
                    1.7016880457976804
                ],
                [
                    5.22712277551651,
                    3.8549633738243996
                ],
                [
                    4.01033075666689,
                    3.2570043471001244
                ],
                [
                    4.127771019494212,
                    3.758833784924421
                ],
                [
                    4.488940226002891,
                    3.7015118170191603
                ],
                [
                    4.230029428377821,
                    3.6020792111635065
                ],
                [
                    4.321444005476349,
                    3.5615406481167318
                ],
                [
                    4.493584880359775,
                    3.4597196326318693
                ],
                [
                    4.2528526655531715,
                    3.4887723302335822
                ],
                [
                    4.417723771078871,
                    3.5345183104028437
                ],
                [
                    4.314383829853271,
                    3.6110396776038973
                ],
                [
                    4.309069248104557,
                    3.5597756042109623
                ],
                [
                    4.346412175299118,
                    3.5628017966810686
                ],
                [
                    4.312873702809465,
                    3.5563879874255937
                ],
                [
                    4.31886767513078,
                    3.565825799450174
                ],
                [
                    4.3313754940827645,
                    3.562709208795786
                ],
                [
                    4.318747429151414,
                    3.557330128419141
                ],
                [
                    4.3237956806852,
                    3.560692341738073
                ],
                [
                    4.32161366675208,
                    3.562010983158502
                ],
                [
                    4.320884971483356,
                    3.5607115033798618
                ],
                [
                    4.320085561551323,
                    3.5601107174274906
                ],
                [
                    4.321624892524278,
                    3.560038809650739
                ],
                [
                    4.32048479338653,
                    3.5604117409892577
                ],
                [
                    4.320810030885705,
                    3.560811547904068
                ],
                [
                    4.321082542648515,
                    3.5605583184109584
                ],
                [
                    4.320810595758331,
                    3.5606446583985467
                ],
                [
                    4.3209791666387165,
                    3.560745078261941
                ]
            ]
        },
        "optimization_iterations": 31,
        "qaoa_cut_value": 4,
        "termination_reason": "Return from COBYLA because the trust region radius reaches its lower bound.",
        "total_shots": 1024,