{
    "exact_max_cut_value": 6,
    "graph_metadata": {
        "density_edges": 0.1,
        "filepath": "data/generated_graphs/graph_n8_d0.10_id0.gpickle",
        "id": 0,
        "n_vertices": 8,
        "seed": 133288
    },
    "metrics": {
        "all_trajectories": [
            [
                [
                    4.772218911976732,
                    0.9593483558538463
                ],
                [
                    5.772218911976732,
                    0.9593483558538463
                ],
                [
                    5.772218911976732,
                    0.9593483558538463
                ],
                [
                    5.902167061028375,
                    0.7457752335794081
                ],
                [
                    5.902167061028375,
                    0.7457752335794081
                ],
                [
                    5.902167061028375,
                    0.7457752335794081
                ],
                [
                    5.902167061028375,
                    0.7457752335794081
                ],
                [
                    5.902167061028375,
                    0.7457752335794081
                ],
                [
                    5.902167061028375,
                    0.7457752335794081
                ],
                [
                    5.883859089644522,
                    0.7287511863576678
                ],
                [
                    5.883859089644522,
                    0.7287511863576678
                ],
                [
                    5.883859089644522,
                    0.7287511863576678
                ],
                [
                    5.883859089644522,
                    0.7287511863576678
                ],
                [
                    5.883859089644522,
                    0.7287511863576678
                ],
                [
                    5.883859089644522,
                    0.7287511863576678
                ],
                [
                    5.884305674551517,
                    0.7296459276168284
                ],
                [
                    5.884305674551517,
                    0.7296459276168284
                ],
                [
                    5.884305674551517,
                    0.7296459276168284
                ],
                [
                    5.884305674551517,
                    0.7296459276168284
                ],
                [
                    5.884305674551517,
                    0.7296459276168284
                ],
                [
                    5.884305674551517,
                    0.7296459276168284
                ]
            ]
        ],
        "approximation_ratio": 1.0,
        "circuit_depth": 5,
        "num_parameters": 0,
        "optimization_history": {
            "fun": [
                -2.7265625,
                -3.7880859375,
                -2.462890625,
                -2.54296875,
                -3.19921875,
                -4.4150390625,
                -3.4228515625,
                -3.8623046875,
                -4.2119140625,
                -4.41015625,
                -4.208984375,
                -4.388671875,
                -4.26953125,
                -4.42578125,
                -4.361328125,
                -4.38671875,
                -4.36328125,
                -4.3857421875,
                -4.3720703125,
                -4.390625,
                -4.39453125,
                -4.40625,
                -4.4423828125,
                -4.3310546875,
                -4.3681640625,
                -4.3935546875,
                -4.3486328125,
                -4.306640625,
                -4.3544921875,
                -4.3525390625,
                -4.3740234375
            ],
            "params": [
                [
                    4.772218911976732,
                    0.9593483558538463
                ],
                [
                    5.772218911976732,
                    0.9593483558538463
                ],
                [
                    5.772218911976732,
                    1.9593483558538463
                ],
                [
                    6.397404816069528,
                    0.17887248478307882
                ],
                [
                    5.971297969716383,
                    1.4180067568120027
                ],
                [
                    5.902167061028375,
                    0.7457752335794081
                ],
                [
                    6.215366976881959,
                    0.35602427115685337
                ],
                [
                    5.661033281378697,
                    0.6797865958312259
                ],
                [
                    5.888969333478738,
                    0.7940019895093436
                ],
                [
                    5.971458475648645,
                    0.6736732234831443
                ],
                [
                    5.938218066076507,
                    0.7804209408895435
                ],
                [
                    5.829249180649937,
                    0.677342911383564
                ],
                [
                    5.931323188451585,
                    0.7863944437352144
                ],
                [
                    5.883859089644522,
                    0.7287511863576678
                ],
                [
                    5.863989980632523,
                    0.7135782332150098
                ],
                [
                    5.880824499015991,
                    0.7327250081600676
                ],
                [
                    5.892113170362618,
                    0.7231058208691324
                ],
                [
                    5.88668177238879,
                    0.7328782267167161
                ],
                [
                    5.8743302636223795,
                    0.7257177931026261
                ],
                [
                    5.884402735053194,
                    0.7337215434544597
                ],
                [
                    5.885649251996965,
                    0.7270061021901
                ],
                [
                    5.883510072811009,
                    0.7283931538871792
                ],
                [
                    5.884305674551517,
                    0.7296459276168284
                ],
                [
                    5.88432880409812,
                    0.730645660093081
                ],
                [
                    5.885223963509985,
                    0.7292500167824769
                ],
                [
                    5.883916903092879,
                    0.729960342554368
                ],
                [
                    5.884384278285902,
                    0.7297431204814882
                ],
                [
                    5.8841748818083595,
                    0.7294328706799847
                ],
                [
                    5.884380975018196,
                    0.7297117291344247
                ],
                [
                    5.8843385753103155,
                    0.7296082773834891
                ],
                [
                    5.884213479217796,
                    0.7296846577141692
                ]
            ]
        },
        "optimization_iterations": 31,
        "qaoa_cut_value": 6,
        "termination_reason": "Return from COBYLA because the trust region radius reaches its lower bound.",
        "total_shots": 1024,