{
    "exact_max_cut_value": 3,
    "graph_metadata": {
        "density_edges": 0.5,
        "filepath": "data/generated_graphs/graph_n4_d0.50_id1.gpickle",
        "id": 1,
        "n_vertices": 4,
        "seed": 558382
    },
    "metrics": {
        "all_trajectories": [
            [
                [
                    0.15777669045506146,
                    3.666400410456465,
                    5.115998906406773,
                    4.909010938937843
                ],
                [
                    0.15777669045506146,
                    4.666400410456465,
                    6.115998906406773,
                    4.909010938937843
                ],
                [
                    0.15777669045506146,
                    4.666400410456465,
                    6.115998906406773,
                    4.909010938937843
                ],
                [
                    0.40075248679948305,
                    4.6276665368409295,
                    6.116329572795629,
                    4.8647126310100095
                ],
                [
                    0.539167262489618,
                    4.4368241197574045,
                    6.116950527946112,
                    4.781525275437971
                ],
                [
                    0.5361784860273604,
                    4.4936599371353525,
                    6.116950527946112,
                    4.6702339591628945
                ],
                [
                    0.7496112139086116,
                    4.597801454539491,
                    6.117219256156024,
                    4.592125426933179
                ],
                [
                    0.7496112139086116,
                    4.597801454539491,
                    6.117219256156024,
                    4.592125426933179
                ],
                [
                    0.7496112139086116,
                    4.597801454539491,
                    6.117219256156024,
                    4.592125426933179
                ],
                [
                    0.7496112139086116,
                    4.597801454539491,
                    6.117219256156024,
                    4.592125426933179
                ],
                [
                    0.7496112139086116,
                    4.597801454539491,
                    6.117219256156024,
                    4.592125426933179
                ],
                [
                    0.7496112139086116,
                    4.597801454539491,
                    6.117219256156024,
                    4.592125426933179
                ],
                [
                    0.7496112139086116,
                    4.597801454539491,
                    6.117219256156024,
                    4.592125426933179
                ],
                [
                    0.7496112139086116,
                    4.597801454539491,
                    6.117219256156024,
                    4.592125426933179
                ],
                [
                    0.7496112139086116,
                    4.597801454539491,
                    6.117219256156024,
                    4.592125426933179
                ],
                [
                    0.7496112139086116,
                    4.597801454539491,
                    6.117219256156024,
                    4.592125426933179
                ],
                [
                    0.7496112139086116,
                    4.597801454539491,
                    6.117219256156024,
                    4.592125426933179
                ],
                [
                    0.7496112139086116,
                    4.597801454539491,
                    6.117219256156024,
                    4.592125426933179
                ],
                [
                    0.7496112139086116,
                    4.597801454539491,
                    6.117219256156024,
                    4.592125426933179
                ],
                [
                    0.7496112139086116,
                    4.597801454539491,
                    6.117219256156024,
                    4.592125426933179
                ],
                [
                    0.7496112139086116,
                    4.597801454539491,
                    6.117219256156024,
                    4.592125426933179
                ],
                [
                    0.7496112139086116,
                    4.597801454539491,
                    6.117219256156024,
                    4.592125426933179
                ]
            ]
        ],
        "approximation_ratio": 1.0,
        "circuit_depth": 19,
        "num_parameters": 0,
        "optimization_history": {
            "fun": [
                -1.373046875,
                -1.123046875,
                -2.0458984375,
                -2.046875,
                -0.998046875,
                -1.953125,
                -1.8681640625,
                -1.9677734375,
                -2.1171875,
                -2.2919921875,
                -2.2490234375,
                -2.3427734375,
                -2.443359375,
                -2.2470703125,
                -2.4248046875,
                -2.4130859375,
                -2.4052734375,
                -2.345703125,
                -2.384765625,
                -2.3896484375,
                -2.3994140625,
                -2.37890625,
                -2.419921875,
                -2.3974609375,
                -2.4208984375,
                -2.4052734375,
                -2.3896484375,
                -2.3876953125,
                -2.3642578125,
                -2.4033203125,
                -2.3671875,
                -2.408203125,
                -2.408203125,
                -2.39453125,
                -2.404296875,
                -2.39453125,
                -2.3779296875,
                -2.4365234375,
                -2.3818359375,
                -2.3525390625
            ],