{
    "exact_max_cut_value": 8,
    "graph_metadata": {
        "density_edges": 0.25,
        "filepath": "data/generated_graphs/graph_n8_d0.25_id3.gpickle",
        "id": 3,
        "n_vertices": 8,
        "seed": 253242
    },
    "metrics": {
        "all_trajectories": [
            [
                [
                    5.7543138652361066,
                    2.4454301551484354
                ],
                [
                    6.7543138652361066,
                    2.4454301551484354
                ],
                [
                    7.135265061475013,
                    2.7692760846954134
                ],
                [
                    7.135265061475013,
                    2.7692760846954134
                ],
                [
                    7.249299819826776,
                    2.820472509254703
                ],
                [
                    7.22882125000306,
                    2.866086412595408
                ],
                [
                    7.3097290421962375,
                    2.9248565509517674
                ],
                [
                    7.3097290421962375,
                    2.9248565509517674
                ],
                [
                    7.3433410012786915,
                    2.8878398492262023
                ],
                [
                    7.388452160469045,
                    2.866276377416158
                ],
                [
                    7.388452160469045,
                    2.866276377416158
                ],
                [
                    7.388452160469045,
                    2.866276377416158
                ],
                [
                    7.388452160469045,
                    2.866276377416158
                ],
                [
                    7.388452160469045,
                    2.866276377416158
                ],
                [
                    7.388452160469045,
                    2.866276377416158
                ],
                [
                    7.388452160469045,
                    2.866276377416158
                ],
                [
                    7.388452160469045,
                    2.866276377416158
                ],
                [
                    7.3889518380887145,
                    2.8654101659659905
                ],
                [
                    7.3889518380887145,
                    2.8654101659659905
                ],
                [
                    7.3889518380887145,
                    2.8654101659659905
                ],
                [
                    7.3889518380887145,
                    2.8654101659659905
                ],
                [
                    7.3889518380887145,
                    2.8654101659659905
                ],
                [
                    7.3889518380887145,
                    2.8654101659659905
                ]
            ]
        ],
        "approximation_ratio": 1.0,
        "circuit_depth": 10,
        "num_parameters": 0,
        "optimization_history": {
            "fun": [
                -3.9365234375,
                -4.1015625,
                -3.498046875,
                -4.009765625,
                -4.6904296875,
                -4.34375,
                -3.6015625,
                -4.923828125,
                -4.7529296875,
                -4.943359375,
                -4.9775390625,
                -4.7861328125,
                -5.0107421875,
                -5.1279296875,
                -4.8720703125,
                -5.0986328125,
                -4.9755859375,
                -5.078125,
                -5.0615234375,
                -5.076171875,
                -5.0087890625,
                -5.046875,
                -5.0380859375,
                -5.1435546875,
                -5.080078125,
                -5.041015625,
                -5.0693359375,
                -4.9765625,
                -5.0673828125,
                -5.09765625,
                -5.140625,
                -5.0361328125,
                -5.0576171875
            ],
            "params": [
                [
                    5.7543138652361066,
                    2.4454301551484354
                ],
                [
                    6.7543138652361066,
                    2.4454301551484354
                ],
                [
                    6.7543138652361066,
                    3.4454301551484354
                ],
                [
                    7.018091554086569,
                    1.480846653908284
                ],
                [
                    7.135265061475013,
                    2.7692760846954134
                ],
                [
                    8.078080604652556,
                    3.1025910281690536
                ],
                [
                    6.930479363237854,
                    3.225415118102465
                ],
                [
                    7.249299819826776,
                    2.820472509254703
                ],
                [
                    7.475483672085655,
                    2.7139790119070555
                ],
                [
                    7.22882125000306,
                    2.866086412595408
                ],
                [
                    7.3097290421962375,
                    2.9248565509517674
                ],
                [
                    7.327477034523607,
                    3.0232689930937426
                ],
                [
                    7.3433410012786915,
                    2.8878398492262023
                ],
                [
                    7.388452160469045,
                    2.866276377416158
                ],
                [
                    7.4244261078313185,
                    2.7729710982987554
                ],
                [
                    7.4245604973782475,
                    2.9008623284028165
                ],
                [
                    7.40156579827694,
                    2.844991817203568
                ],
                [
                    7.380901511125788,
                    2.872832877587375
                ],
                [
                    7.385173910383437,
                    2.862501052744529
                ],
                [
                    7.397242412865724,
                    2.8710441298009495
                ],
                [
                    7.387841903388406,
                    2.861313758521307
                ],
                [
                    7.390361459717774,
                    2.8678902474167485
                ],
                [
                    7.388129386468927,
                    2.8666582372659035
                ],
                [
                    7.3889518380887145,
                    2.8654101659659905
                ],
                [
                    7.388412954245521,
                    2.8645677858834007
                ],
                [
                    7.3898980677773265,
                    2.865733661524521
                ],
                [
                    7.3885591468252265,
                    2.865100660599995
                ],
                [
                    7.389029214430213,
                    2.8653119931501183
                ],
                [
                    7.388819714661937,
                    2.865622400270703
                ],
                [
                    7.388994284949657,
                    2.865436590651346
                ],
                [
                    7.388887915005126,
                    2.8653332644745575
                ],
                [
                    7.388990288834431,
                    2.8653782044241964
                ],
                [
                    7.388875815343596,
                    2.8654751316663614
                ]
            ]
        },
        "optimization_iterations": 33,