{
    "exact_max_cut_value": 2,
    "graph_metadata": {
        "density_edges": 0.25,
        "filepath": "data/generated_graphs/graph_n4_d0.25_id2.gpickle",
        "id": 2,
        "n_vertices": 4,
        "seed": 125225
    },
    "metrics": {
        "all_trajectories": [
            [
                [
                    0.37245674694439473,
                    3.051629324954065
                ],
                [
                    0.1417404142711189,
                    2.0786082697667716
                ],
                [
                    0.1417404142711189,
                    2.0786082697667716
                ],
                [
                    0.1417404142711189,
                    2.0786082697667716
                ],
                [
                    0.1417404142711189,
                    2.0786082697667716
                ],
                [
                    0.24136346050326143,
                    2.06993367124993
                ],
                [
                    0.4410763829230916,
                    2.080645749411094
                ],
                [
                    0.45447410859247245,
                    2.2801964972094626
                ],
                [
                    0.45447410859247245,
                    2.2801964972094626
                ],
                [
                    0.35846707715304593,
                    2.308172378146244
                ],
                [
                    0.35846707715304593,
                    2.308172378146244
                ],
                [
                    0.35846707715304593,
                    2.308172378146244
                ],
                [
                    0.4082799520256549,
                    2.312494125122387
                ],
                [
                    0.40745495700778267,
                    2.307562656454689
                ],
                [
                    0.4033350216477287,
                    2.3103956994527706
                ],
                [
                    0.4033350216477287,
                    2.3103956994527706
                ],
                [
                    0.4033350216477287,
                    2.3103956994527706
                ],
                [
                    0.4033350216477287,
                    2.3103956994527706
                ],
                [
                    0.4033350216477287,
                    2.3103956994527706
                ],
                [
                    0.4033350216477287,
                    2.3103956994527706
                ],
                [
                    0.4033350216477287,
                    2.3103956994527706
                ],
                [
                    0.4033350216477287,
                    2.3103956994527706
                ]
            ]
        ],
        "approximation_ratio": 1.0,
        "circuit_depth": 3,
        "num_parameters": 0,
        "optimization_history": {
            "fun": [
                -1.1640625,
                -0.89453125,
                -0.02734375,
                -1.4501953125,
                -1.138671875,
                -1.4052734375,
                -0.9326171875,
                -1.3310546875,
                -1.7216796875,
                -1.8251953125,
                -1.958984375,
                -1.736328125,
                -1.9853515625,
                -1.9814453125,
                -1.84765625,
                -1.9921875,
                -1.9853515625,
                -1.9951171875,
                -1.9951171875,
                -1.9970703125,
                -1.9970703125,
                -1.9931640625,
                -1.98828125,
                -1.9931640625,
                -1.9921875,
                -1.9951171875,
                -1.9912109375,
                -1.994140625,
                -1.99609375,
                -1.9951171875,
                -1.99609375,
                -1.9912109375
            ],
            "params": [
                [
                    0.37245674694439473,
                    3.051629324954065
                ],
                [
                    1.3724567469443947,
                    3.051629324954065
                ],
                [
                    0.37245674694439473,
                    4.051629324954066
                ],
                [
                    0.1417404142711189,
                    2.0786082697667716
                ],
                [
                    -0.6187275414910751,
                    1.4292328096061109
                ],
                [
                    0.5719887440307752,
                    1.8238802290271896
                ],
                [
                    -0.037980099082439406,
                    1.90482525252995
                ],
                [
                    0.10698381082375455,
                    2.1145523724374833
                ],
                [
                    0.24136346050326143,
                    2.06993367124993
                ],
                [
                    0.4410763829230916,
                    2.080645749411094
                ],
                [
                    0.45447410859247245,
                    2.2801964972094626
                ],
                [
                    0.5753740756307243,
                    2.439517550338513
                ],
                [
                    0.35846707715304593,
                    2.308172378146244
                ],
                [
                    0.3470352376443475,
                    2.4075167944233926
                ],
                [
                    0.2614050967336544,
                    2.2841105420345578
                ],
                [
                    0.4082799520256549,
                    2.312494125122387
                ],
                [
                    0.4329372953641443,
                    2.308369150033026
                ],
                [
                    0.40745495700778267,
                    2.307562656454689
                ],
                [
                    0.4017888710116202,
                    2.299322785734581
                ],
                [
                    0.4033350216477287,
                    2.3103956994527706
                ],
                [
                    0.3950951509276208,
                    2.316061785448933
                ],
                [
                    0.40616806464580996,
                    2.3145156348128246
                ],
                [
                    0.4023050378077152,
                    2.3111039602022907
                ],
                [
                    0.405225961388004,
                    2.308760356400488
                ],
                [
                    0.4023481560960156,
                    2.3105572432017736
                ],
                [
                    0.4034157935222303,
                    2.310889132228627
                ],
                [
                    0.4040047185962097,
                    2.3096530649550564
                ],
                [
                    0.4035604597914226,
                    2.31084199267854
                ],
                [
                    0.4034465949541711,
                    2.310339339916847
                ],
                [
                    0.4030888729143127,
                    2.3103519867425173
                ],
                [
                    0.4033575654620981,
                    2.3104403287753477
                ],
                [
                    0.4032600090068033,
                    2.3103295700062176
                ]
            ]
        },
        "optimization_iterations": 32,
        "qaoa_cut_value": 2,
        "termination_reason": "Return from COBYLA because the trust region radius reaches its lower bound.",
        "total_shots": 1024,