{
    "exact_max_cut_value": 3,
    "graph_metadata": {
        "density_edges": 0.25,
        "filepath": "data/generated_graphs/graph_n4_d0.25_id6.gpickle",
        "id": 6,
        "n_vertices": 4,
        "seed": 381302
    },
    "metrics": {
        "all_trajectories": [
            [
                [
                    4.670436630939998,
                    2.0268740191173804
                ],
                [
                    5.764751178660413,
                    1.031331570957437
                ],
                [
                    6.24985660132348,
                    0.1568758951779914
                ],
                [
                    6.24985660132348,
                    0.1568758951779914
                ],
                [
                    6.24985660132348,
                    0.1568758951779914
                ],
                [
                    6.24985660132348,
                    0.1568758951779914
                ],
                [
                    6.212930801881143,
                    0.24980858767930797
                ],
                [
                    6.129954992996562,
                    0.4317839023237659
                ],
                [
                    6.129954992996562,
                    0.4317839023237659
                ],
                [
                    6.129954992996562,
                    0.4317839023237659
                ],
                [
                    6.030503040216973,
                    0.42132880364769476
                ],
                [
                    5.831260936732932,
                    0.403933856126794
                ],
                [
                    5.432764273642614,
                    0.3692869297713248
                ],
                [
                    5.432764273642614,
                    0.3692869297713248
                ],
                [
                    5.432764273642614,
                    0.3692869297713248
                ],
                [
                    5.432764273642614,
                    0.3692869297713248
                ],
                [
                    5.432764273642614,
                    0.3692869297713248
                ],
                [
                    5.380498458244683,
                    0.4545411645094859
                ],
                [
                    5.380498458244683,
                    0.4545411645094859
                ],
                [
                    5.2852743765617065,
                    0.4240063603078243
                ],
                [
                    5.18783418713564,
                    0.44648767442894033
                ],
                [
                    5.007417355839228,
                    0.5327997071066722
                ],
                [
                    4.959270463432562,
                    0.4451533908601756
                ],
                [
                    4.917484247764285,
                    0.47261085214348114
                ],
                [
                    4.917484247764285,
                    0.47261085214348114
                ],
                [
                    4.917484247764285,
                    0.47261085214348114
                ],
                [
                    4.917484247764285,
                    0.47261085214348114
                ],
                [
                    4.917484247764285,
                    0.47261085214348114
                ],
                [
                    4.917484247764285,
                    0.47261085214348114
                ],
                [
                    4.917484247764285,
                    0.47261085214348114
                ],
                [
                    4.917484247764285,
                    0.47261085214348114
                ],
                [
                    4.918483436372486,
                    0.47257057652751433
                ],
                [
                    4.918483436372486,
                    0.47257057652751433
                ],
                [
                    4.918483436372486,
                    0.47257057652751433
                ],
                [
                    4.918483436372486,
                    0.47257057652751433
                ],
                [
                    4.918483436372486,
                    0.47257057652751433
                ]
            ]
        ],
        "approximation_ratio": 1.0,
        "circuit_depth": 8,
        "num_parameters": 0,
        "optimization_history": {
            "fun": [
                -1.4453125,
                -1.462890625,
                -1.27734375,
                -1.49609375,
                -1.51953125,
                -1.3349609375,
                -1.1767578125,
                -1.5107421875,
                -1.5087890625,
                -1.55078125,
                -1.6083984375,
                -1.5859375,
                -1.4677734375,
                -1.6025390625,
                -1.6728515625,
                -1.8017578125,
                -2.0859375,
                -1.2333984375,
                -1.865234375,
                -1.9970703125,
                -1.9873046875,
                -2.1162109375,
                -2.0400390625,
                -2.1533203125,
                -2.203125,
                -2.212890625,
                -2.2490234375,
                -2.22265625,
                -2.267578125,
                -2.212890625,
                -2.2177734375,
                -2.2666015625,
                -2.2080078125,
                -2.2353515625,
                -2.251953125,
                -2.2451171875,
                -2.2509765625,
                -2.240234375,
                -2.3017578125,
                -2.220703125,
                -2.265625,
                -2.2177734375,
                -2.2314453125,
                -2.2431640625,
                -2.2666015625,
                -2.2626953125
            ],