{
    "exact_max_cut_value": 3,
    "graph_metadata": {
        "density_edges": 0.1,
        "filepath": "data/generated_graphs/graph_n4_d0.10_id7.gpickle",
        "id": 7,
        "n_vertices": 4,
        "seed": 651392
    },
    "metrics": {
        "all_trajectories": [
            [
                [
                    1.78021235620658,
                    6.000816224907337,
                    5.677433983886876,
                    5.703348820297252
                ],
                [
                    1.78021235620658,
                    7.000816224907337,
                    5.677433983886876,
                    5.703348820297252
                ],
                [
                    1.8374623275177104,
                    7.111935263712011,
                    5.677433983886876,
                    5.703348820297252
                ],
                [
                    2.069750899376725,
                    7.0711525910916455,
                    5.755438727920457,
                    5.675169875925702
                ],
                [
                    2.069750899376725,
                    7.0711525910916455,
                    5.755438727920457,
                    5.675169875925702
                ],
                [
                    2.069750899376725,
                    7.0711525910916455,
                    5.755438727920457,
                    5.675169875925702
                ],
                [
                    2.0606220680125937,
                    7.108203615908835,
                    5.847107252898506,
                    5.663305326786768
                ],
                [
                    2.0606220680125937,
                    7.108203615908835,
                    5.847107252898506,
                    5.663305326786768
                ],
                [
                    2.042864606785924,
                    7.203351681444278,
                    5.871758304813272,
                    5.668188341751085
                ],
                [
                    2.088273008727331,
                    7.260915669372678,
                    5.926039897426981,
                    5.627225272649441
                ],
                [
                    2.088273008727331,
                    7.260915669372678,
                    5.926039897426981,
                    5.627225272649441
                ],
                [
                    2.088273008727331,
                    7.260915669372678,
                    5.926039897426981,
                    5.627225272649441
                ],
                [
                    2.088273008727331,
                    7.260915669372678,
                    5.926039897426981,
                    5.627225272649441
                ],
                [
                    2.088273008727331,
                    7.260915669372678,
                    5.926039897426981,
                    5.627225272649441
                ],
                [
                    2.088273008727331,
                    7.260915669372678,
                    5.926039897426981,
                    5.627225272649441
                ],
                [
                    2.088273008727331,
                    7.260915669372678,
                    5.926039897426981,
                    5.627225272649441
                ],
                [
                    2.088273008727331,
                    7.260915669372678,
                    5.926039897426981,
                    5.627225272649441
                ],
                [
                    2.088273008727331,
                    7.260915669372678,
                    5.926039897426981,
                    5.627225272649441
                ],
                [
                    2.088273008727331,
                    7.260915669372678,
                    5.926039897426981,
                    5.627225272649441
                ],
                [
                    2.088273008727331,
                    7.260915669372678,
                    5.926039897426981,
                    5.627225272649441
                ],
                [
                    2.088273008727331,
                    7.260915669372678,
                    5.926039897426981,
                    5.627225272649441
                ],
                [
                    2.088273008727331,
                    7.260915669372678,
                    5.926039897426981,
                    5.627225272649441
                ],
                [
                    2.088273008727331,
                    7.260915669372678,
                    5.926039897426981,
                    5.627225272649441
                ]
            ]
        ],
        "approximation_ratio": 1.0,
        "circuit_depth": 17,
        "num_parameters": 0,
        "optimization_history": {
            "fun": [
                -2.060546875,
                -1.5791015625,
                -2.30859375,
                -0.97265625,
                -2.1328125,
                -1.3583984375,
                -2.26953125,
                -2.36328125,
                -2.486328125,
                -2.4677734375,
                -2.4521484375,
                -2.4189453125,
                -2.3564453125,
                -2.556640625,
                -2.5546875,
                -2.55078125,
                -2.57421875,
                -2.6279296875,
                -2.587890625,
                -2.5693359375,
                -2.603515625,
                -2.599609375,
                -2.5927734375,
                -2.6220703125,
                -2.5908203125,
                -2.6181640625,
                -2.60546875,
                -2.595703125,
                -2.609375,
                -2.6044921875,
                -2.59375,
                -2.6064453125,
                -2.60546875,
                -2.5908203125,
                -2.6123046875,
                -2.5966796875,
                -2.6044921875,
                -2.6240234375,
                -2.5712890625,
                -2.58984375,
                -2.58203125
            ],