{
    "exact_max_cut_value": 3,
    "graph_metadata": {
        "density_edges": 0.25,
        "filepath": "data/generated_graphs/graph_n4_d0.25_id5.gpickle",
        "id": 5,
        "n_vertices": 4,
        "seed": 863747
    },
    "metrics": {
        "all_trajectories": [
            [
                [
                    2.5750253058608132,
                    1.698244792402832
                ],
                [
                    3.5750253058608132,
                    2.698244792402832
                ],
                [
                    3.5750253058608132,
                    2.698244792402832
                ],
                [
                    3.5750253058608132,
                    2.698244792402832
                ],
                [
                    3.5750253058608132,
                    2.698244792402832
                ],
                [
                    3.5750253058608132,
                    2.698244792402832
                ],
                [
                    3.5750253058608132,
                    2.698244792402832
                ],
                [
                    3.5750253058608132,
                    2.698244792402832
                ],
                [
                    3.5750253058608132,
                    2.698244792402832
                ],
                [
                    3.575739305593231,
                    2.6882703147532454
                ],
                [
                    3.576453305325649,
                    2.6782958371036587
                ],
                [
                    3.576453305325649,
                    2.6782958371036587
                ],
                [
                    3.576453305325649,
                    2.6782958371036587
                ],
                [
                    3.576453305325649,
                    2.6782958371036587
                ],
                [
                    3.576453305325649,
                    2.6782958371036587
                ],
                [
                    3.576453305325649,
                    2.6782958371036587
                ],
                [
                    3.576453305325649,
                    2.6782958371036587
                ],
                [
                    3.576453305325649,
                    2.6782958371036587
                ]
            ]
        ],
        "approximation_ratio": 1.0,
        "circuit_depth": 5,
        "num_parameters": 0,
        "optimization_history": {
            "fun": [
                -1.2119140625,
                -1.8583984375,
                -2.3203125,
                -1.89453125,
                -1.455078125,
                -2.1259765625,
                -2.25390625,
                -2.2939453125,
                -2.294921875,
                -2.255859375,
                -2.25390625,
                -2.3046875,
                -2.3203125,
                -2.2998046875,
                -2.3232421875,
                -2.3408203125,
                -2.2734375,
                -2.2958984375,
                -2.2861328125,
                -2.2880859375,
                -2.294921875,
                -2.267578125,
                -2.337890625,
                -2.26953125,
                -2.2783203125,
                -2.3232421875,
                -2.3017578125,
                -2.3046875
            ],
            "params": [
                [
                    2.5750253058608132,
                    1.698244792402832
                ],
                [
                    3.5750253058608132,
                    1.698244792402832
                ],
                [
                    3.5750253058608132,
                    2.698244792402832
                ],
                [
                    4.388675722871247,
                    3.279599244435967
                ],
                [
                    3.135312548836298,
                    2.9362630507568914
                ],
                [
                    3.677747307013671,
                    2.470323335582391
                ],
                [
                    3.6206095972249015,
                    2.7187891926334036
                ],
                [
                    3.4755877263885253,
                    2.7088357219509125
                ],
                [
                    3.5803207706348537,
                    2.747963582138976
                ],
                [
                    3.6114482525342186,
                    2.6051138686684125
                ],
                [
                    3.5946151663377597,
                    2.7442473724010643
                ],
                [
                    3.576810305191858,
                    2.673308598278865
                ],
                [
                    3.580012544685607,
                    2.698601792269041
                ],
                [
                    3.5743113061283953,
                    2.708219270052419
                ],
                [
                    3.575739305593231,
                    2.6882703147532454
                ],
                [
                    3.576453305325649,
                    2.6782958371036587
                ],
                [
                    3.594294093033457,
                    2.6692566837160383
                ],
                [
                    3.5672842786270516,
                    2.674304728310303
                ],
                [
                    3.5813050229047767,
                    2.6770871863963066
                ],
                [
                    3.5761511426488113,
                    2.677082907708877
                ],
                [
                    3.576429491634757,
                    2.680795723682711
                ],
                [
                    3.5769384770835617,
                    2.6781749720329233
                ],
                [
                    3.5755877609661333,
                    2.678796669372697
                ],
                [
                    3.576731461105298,
                    2.678711324001464
                ],
                [
                    3.5765571770501006,
                    2.6782262981587466
                ],
                [
                    3.576215386975249,
                    2.678372615085808
                ],
                [
                    3.576481120903614,
                    2.6783373857934394
                ],
                [
                    3.5763616548444084,
                    2.678255834737625
                ]
            ]
        },
        "optimization_iterations": 28,
        "qaoa_cut_value": 3,
        "termination_reason": "Return from COBYLA because the trust region radius reaches its lower bound.",
        "total_shots": 1024,