{
    "exact_max_cut_value": 4,
    "graph_metadata": {
        "density_edges": 0.75,
        "filepath": "data/generated_graphs/graph_n4_d0.75_id8.gpickle",
        "id": 8,
        "n_vertices": 4,
        "seed": 467779
    },
    "metrics": {
        "all_trajectories": [
            [
                [
                    5.610419013520955,
                    5.817778935931658,
                    4.776928731929349,
                    1.2270884171826364
                ],
                [
                    6.6643267619592095,
                    7.64536270362263,
                    4.331191515676009,
                    0.8901649894435493
                ],
                [
                    6.6643267619592095,
                    7.64536270362263,
                    4.331191515676009,
                    0.8901649894435493
                ],
                [
                    6.6643267619592095,
                    7.64536270362263,
                    4.331191515676009,
                    0.8901649894435493
                ],
                [
                    6.6643267619592095,
                    7.64536270362263,
                    4.331191515676009,
                    0.8901649894435493
                ],
                [
                    6.84842624822717,
                    7.563073792892211,
                    4.232050261093774,
                    0.7805888699350798
                ],
                [
                    6.925936703495746,
                    7.610715413370671,
                    4.315685208231659,
                    0.799366541236062
                ],
                [
                    6.925936703495746,
                    7.610715413370671,
                    4.315685208231659,
                    0.799366541236062
                ],
                [
                    6.925936703495746,
                    7.610715413370671,
                    4.315685208231659,
                    0.799366541236062
                ],
                [
                    6.925936703495746,
                    7.610715413370671,
                    4.315685208231659,
                    0.799366541236062
                ],
                [
                    6.936449163813634,
                    7.614171414009402,
                    4.321139786637846,
                    0.8013769670766934
                ],
                [
                    6.936449163813634,
                    7.614171414009402,
                    4.321139786637846,
                    0.8013769670766934
                ],
                [
                    6.936449163813634,
                    7.614171414009402,
                    4.321139786637846,
                    0.8013769670766934
                ],
                [
                    6.936449163813634,
                    7.614171414009402,
                    4.321139786637846,
                    0.8013769670766934
                ],
                [
                    6.936449163813634,
                    7.614171414009402,
                    4.321139786637846,
                    0.8013769670766934
                ],
                [
                    6.936449163813634,
                    7.614171414009402,
                    4.321139786637846,
                    0.8013769670766934
                ],
                [
                    6.936460969037689,
                    7.613700254128979,
                    4.321269957326112,
                    0.8014814878673604
                ],
                [
                    6.936460969037689,
                    7.613700254128979,
                    4.321269957326112,
                    0.8014814878673604
                ],
                [
                    6.936460969037689,
                    7.613700254128979,
                    4.321269957326112,
                    0.8014814878673604
                ],
                [
                    6.936460969037689,
                    7.613700254128979,
                    4.321269957326112,
                    0.8014814878673604
                ],
                [
                    6.936460969037689,
                    7.613700254128979,
                    4.321269957326112,
                    0.8014814878673604
                ]
            ]
        ],
        "approximation_ratio": 1.0,
        "circuit_depth": 10,
        "num_parameters": 0,
        "optimization_history": {
            "fun": [
                -1.0146484375,
                -1.1201171875,
                -2.7392578125,
                -1.8671875,
                -2.080078125,
                -2.90234375,
                -2.1015625,
                -2.583984375,
                -2.5107421875,
                -2.71484375,
                -3.2353515625,
                -2.8017578125,
                -3.291015625,
                -3.1376953125,
                -3.2392578125,
                -3.2548828125,
                -3.1953125,
                -3.259765625,
                -3.193359375,
                -3.30078125,
                -3.259765625,
                -3.2998046875,
                -3.2685546875,
                -3.2802734375,
                -3.24609375,
                -3.2568359375,
                -3.275390625,
                -3.279296875,
                -3.26953125,
                -3.2587890625,
                -3.314453125,
                -3.2880859375,
                -3.2646484375,
                -3.2705078125,
                -3.2626953125,
                -3.3037109375,
                -3.248046875,
                -3.2138671875,
                -3.2890625
            ],