{
    "exact_max_cut_value": 4,
    "graph_metadata": {
        "density_edges": 0.75,
        "filepath": "data/generated_graphs/graph_n4_d0.75_id4.gpickle",
        "id": 4,
        "n_vertices": 4,
        "seed": 512915
    },
    "metrics": {
        "all_trajectories": [
            [
                [
                    0.10718599994976076,
                    1.2484616846526355
                ],
                [
                    0.10718599994976076,
                    2.2484616846526357
                ],
                [
                    0.605582055603648,
                    2.2884788273373324
                ],
                [
                    0.605582055603648,
                    2.2884788273373324
                ],
                [
                    0.5207745073488931,
                    2.053302978749478
                ],
                [
                    0.5207745073488931,
                    2.053302978749478
                ],
                [
                    0.48685148804699113,
                    1.9592326393143362
                ],
                [
                    0.48685148804699113,
                    1.9592326393143362
                ],
                [
                    0.48685148804699113,
                    1.9592326393143362
                ],
                [
                    0.48685148804699113,
                    1.9592326393143362
                ],
                [
                    0.48685148804699113,
                    1.9592326393143362
                ],
                [
                    0.48685148804699113,
                    1.9592326393143362
                ],
                [
                    0.48685148804699113,
                    1.9592326393143362
                ],
                [
                    0.4856231912042672,
                    1.9594645592706885
                ],
                [
                    0.4856231912042672,
                    1.9594645592706885
                ],
                [
                    0.4856231912042672,
                    1.9594645592706885
                ],
                [
                    0.4856231912042672,
                    1.9594645592706885
                ],
                [
                    0.4856231912042672,
                    1.9594645592706885
                ]
            ]
        ],
        "approximation_ratio": 1.0,
        "circuit_depth": 11,
        "num_parameters": 0,
        "optimization_history": {
            "fun": [
                -2.458984375,
                -2.375,
                -2.48046875,
                -2.2265625,
                -2.51953125,
                -2.2939453125,
                -2.4404296875,
                -2.6298828125,
                -2.578125,
                -2.6298828125,
                -2.6904296875,
                -2.5859375,
                -2.6396484375,
                -2.65234375,
                -2.6669921875,
                -2.6337890625,
                -2.6533203125,
                -2.6328125,
                -2.654296875,
                -2.7119140625,
                -2.6650390625,
                -2.615234375,
                -2.697265625,
                -2.65625,
                -2.6611328125,
                -2.6533203125,
                -2.662109375,
                -2.681640625
            ],
            "params": [
                [
                    0.10718599994976076,
                    1.2484616846526355
                ],
                [
                    1.1071859999497609,
                    1.2484616846526355
                ],
                [
                    0.10718599994976076,
                    2.2484616846526357
                ],
                [
                    -0.8616167045278051,
                    2.496294934635269
                ],
                [
                    0.605582055603648,
                    2.2884788273373324
                ],
                [
                    1.0870281993167303,
                    2.423421817906691
                ],
                [
                    0.5718463079613083,
                    2.408840363265603
                ],
                [
                    0.5207745073488931,
                    2.053302978749478
                ],
                [
                    0.3341066041534224,
                    1.8870047709521405
                ],
                [
                    0.567809677066464,
                    2.036341469098527
                ],
                [
                    0.48685148804699113,
                    1.9592326393143362
                ],
                [
                    0.4190054494431872,
                    1.7710919604440527
                ],
                [
                    0.4028609548980659,
                    2.013505932390759
                ],
                [
                    0.49026655168569694,
                    1.9093494022467241
                ],
                [
                    0.49932229731389416,
                    1.9600864052240126
                ],
                [
                    0.46310123631233413,
                    1.9670381208843883
                ],
                [
                    0.48579190442423775,
                    1.9492889336395693
                ],
                [
                    0.4820801316847028,
                    1.9680209359902598
                ],
                [
                    0.48592380822158193,
                    1.9543194519434406
                ],
                [
                    0.4856231912042672,
                    1.9594645592706885
                ],
                [
                    0.48353840253483527,
                    1.9608442897529959
                ],
                [
                    0.4855304232217263,
                    1.958973240533599
                ],
                [
                    0.4857209959870609,
                    1.9604597648898763
                ],
                [
                    0.48520231040357925,
                    1.9591946345559768
                ],
                [
                    0.48569067238294517,
                    1.9593593390705166
                ],
                [
                    0.4855486460084918,
                    1.9597031866240804
                ],
                [
                    0.48558110312419844,
                    1.9594375667992174
                ],
                [
                    0.48568074720090987,
                    1.959546335228344
                ]
            ]
        },
        "optimization_iterations": 28,
        "qaoa_cut_value": 4,
        "termination_reason": "Return from COBYLA because the trust region radius reaches its lower bound.",
        "total_shots": 1024,