{
    "exact_max_cut_value": 15,
    "graph_metadata": {
        "density_edges": 0.75,
        "filepath": "data/generated_graphs/graph_n8_d0.75_id7.gpickle",
        "id": 7,
        "n_vertices": 8,
        "seed": 274341
    },
    "metrics": {
        "all_trajectories": [
            [
                [
                    3.6024728778005284,
                    1.984081497956295
                ],
                [
                    3.6024728778005284,
                    2.984081497956295
                ],
                [
                    3.6024728778005284,
                    2.984081497956295
                ],
                [
                    3.555589725312478,
                    3.0014587823466194
                ],
                [
                    3.555589725312478,
                    3.0014587823466194
                ],
                [
                    3.555589725312478,
                    3.0014587823466194
                ],
                [
                    3.555589725312478,
                    3.0014587823466194
                ],
                [
                    3.5323784307019426,
                    3.010745105758117
                ],
                [
                    3.5094756244045353,
                    3.0207681523859358
                ],
                [
                    3.5145491276047216,
                    3.0321922306978917
                ],
                [
                    3.5145491276047216,
                    3.0321922306978917
                ],
                [
                    3.5145491276047216,
                    3.0321922306978917
                ],
                [
                    3.5145491276047216,
                    3.0321922306978917
                ],
                [
                    3.5145491276047216,
                    3.0321922306978917
                ],
                [
                    3.5145491276047216,
                    3.0321922306978917
                ],
                [
                    3.5145491276047216,
                    3.0321922306978917
                ],
                [
                    3.5145491276047216,
                    3.0321922306978917
                ],
                [
                    3.5145491276047216,
                    3.0321922306978917
                ],
                [
                    3.514587622907793,
                    3.0322241385596413
                ]
            ]
        ],
        "approximation_ratio": 1.0,
        "circuit_depth": 12,
        "num_parameters": 0,
        "optimization_history": {
            "fun": [
                -11.6259765625,
                -10.724609375,
                -12.0458984375,
                -11.6689453125,
                -10.142578125,
                -11.6044921875,
                -12.3681640625,
                -12.25,
                -12.1435546875,
                -12.357421875,
                -12.0224609375,
                -12.4248046875,
                -12.48046875,
                -12.3740234375,
                -12.5029296875,
                -12.4189453125,
                -12.4443359375,
                -12.4521484375,
                -12.443359375,
                -12.4384765625,
                -12.494140625,
                -12.4697265625,
                -12.365234375,
                -12.4921875,
                -12.4638671875,
                -12.4365234375,
                -12.4228515625,
                -12.4599609375,
                -12.4423828125,
                -12.5048828125,
                -12.4619140625
            ],
            "params": [
                [
                    3.6024728778005284,
                    1.984081497956295
                ],
                [
                    4.602472877800528,
                    1.984081497956295
                ],
                [
                    3.6024728778005284,
                    2.984081497956295
                ],
                [
                    2.696013945076717,
                    3.406375475281581
                ],
                [
                    4.014642377622535,
                    3.267129733097369
                ],
                [
                    3.515586455848906,
                    2.749665735516043
                ],
                [
                    3.555589725312478,
                    3.0014587823466194
                ],
                [
                    3.4743376133063935,
                    3.0597519577151884
                ],
                [
                    3.584736312996762,
                    3.0420848383496617
                ],
                [
                    3.5198840020383813,
                    2.908050531504022
                ],
                [
                    3.6036508473726907,
                    2.9876700715180706
                ],
                [
                    3.5323784307019426,
                    3.010745105758117
                ],
                [
                    3.5094756244045353,
                    3.0207681523859358
                ],
                [
                    3.463779311156712,
                    3.0410621651866814
                ],
                [
                    3.5145491276047216,
                    3.0321922306978917
                ],
                [
                    3.5385541197435595,
                    3.0391750920322105
                ],
                [
                    3.5099794962799393,
                    3.034221631977966
                ],
                [
                    3.524197971438056,
                    3.0295654812465873
                ],
                [
                    3.5108515703187777,
                    3.0355579505491512
                ],
                [
                    3.5153905575675366,
                    3.0331166200193778
                ],
                [
                    3.5133256822088708,
                    3.030012051493475
                ],
                [
                    3.5155185230220742,
                    3.0319467260649087
                ],
                [
                    3.514671879921213,
                    3.032676928406568
                ],
                [
                    3.5141893510202347,
                    3.0312591922156975
                ],
                [
                    3.514156574748469,
                    3.0325019115901792
                ],
                [
                    3.5146265478277936,
                    3.032290368911955
                ],
                [
                    3.5144244918355736,
                    3.031975514466269
                ],
                [
                    3.514592470851046,
                    3.032167303544062
                ],
                [
                    3.5144853118812227,
                    3.032269221304035
                ],
                [
                    3.514587622907793,
                    3.0322241385596413
                ],
                [
                    3.5146562630639906,
                    3.0321514162868692
                ]
            ]
        },
        "optimization_iterations": 31,
        "qaoa_cut_value": 15,
        "termination_reason": "Return from COBYLA because the trust region radius reaches its lower bound.",
        "total_shots": 1024,