{
    "exact_max_cut_value": 6,
    "graph_metadata": {
        "density_edges": 0.25,
        "filepath": "data/generated_graphs/graph_n8_d0.25_id9.gpickle",
        "id": 9,
        "n_vertices": 8,
        "seed": 389703
    },
    "metrics": {
        "all_trajectories": [
            [
                [
                    2.3260040831005098,
                    4.528786408071084
                ],
                [
                    2.3260040831005098,
                    4.528786408071084
                ],
                [
                    2.763080607317457,
                    4.2859611376019
                ],
                [
                    2.763080607317457,
                    4.2859611376019
                ],
                [
                    2.763080607317457,
                    4.2859611376019
                ],
                [
                    2.7144185264747613,
                    4.1985998081244995
                ],
                [
                    2.7144185264747613,
                    4.1985998081244995
                ],
                [
                    2.7144185264747613,
                    4.1985998081244995
                ],
                [
                    2.7144185264747613,
                    4.1985998081244995
                ],
                [
                    2.7144185264747613,
                    4.1985998081244995
                ],
                [
                    2.7144185264747613,
                    4.1985998081244995
                ],
                [
                    2.7144185264747613,
                    4.1985998081244995
                ],
                [
                    2.7144185264747613,
                    4.1985998081244995
                ],
                [
                    2.7144185264747613,
                    4.1985998081244995
                ],
                [
                    2.7144185264747613,
                    4.1985998081244995
                ],
                [
                    2.7144185264747613,
                    4.1985998081244995
                ],
                [
                    2.7144185264747613,
                    4.1985998081244995
                ],
                [
                    2.7144185264747613,
                    4.1985998081244995
                ],
                [
                    2.7144185264747613,
                    4.1985998081244995
                ]
            ]
        ],
        "approximation_ratio": 1.0,
        "circuit_depth": 10,
        "num_parameters": 0,
        "optimization_history": {
            "fun": [
                -3.52734375,
                -3.4453125,
                -3.4775390625,
                -3.4765625,
                -3.5419921875,
                -3.1552734375,
                -3.474609375,
                -3.4658203125,
                -3.5556640625,
                -3.439453125,
                -3.431640625,
                -3.49609375,
                -3.5205078125,
                -3.5166015625,
                -3.5029296875,
                -3.45703125,
                -3.52734375,
                -3.494140625,
                -3.447265625,
                -3.4736328125,
                -3.4970703125,
                -3.515625,
                -3.458984375,
                -3.5,
                -3.4658203125,
                -3.4287109375,
                -3.49609375,
                -3.458984375,
                -3.4970703125
            ],
            "params": [
                [
                    2.3260040831005098,
                    4.528786408071084
                ],
                [
                    3.3260040831005098,
                    4.528786408071084
                ],
                [
                    2.3260040831005098,
                    5.528786408071084
                ],
                [
                    1.471216567878781,
                    4.00980827382932
                ],
                [
                    2.763080607317457,
                    4.2859611376019
                ],
                [
                    2.821357346436438,
                    3.7893689289662245
                ],
                [
                    2.887228659476376,
                    4.300530322381645
                ],
                [
                    2.597201651973484,
                    4.473001700512709
                ],
                [
                    2.7144185264747613,
                    4.1985998081244995
                ],
                [
                    2.7709755034601593,
                    4.116129762930664
                ],
                [
                    2.622644825142703,
                    4.238318666917448
                ],
                [
                    2.755219905436026,
                    4.169699159777806
                ],
                [
                    2.691353255515471,
                    4.208243110233969
                ],
                [
                    2.7124898660528673,
                    4.193986753932641
                ],
                [
                    2.7198492700873906,
                    4.206996654187986
                ],
                [
                    2.7186169495065045,
                    4.195884436318185
                ],
                [
                    2.704904002363718,
                    4.201677767016424
                ],
                [
                    2.714990506717573,
                    4.19363263200503
                ],
                [
                    2.715660320504629,
                    4.198742803185202
                ],
                [
                    2.711919391296811,
                    4.1986655604045495
                ],
                [
                    2.7153173469352776,
                    4.199038125109976
                ],
                [
                    2.714199367982023,
                    4.199049218354758
                ],
                [
                    2.7142414991092005,
                    4.197615602194908
                ],
                [
                    2.714060037489364,
                    4.198948356037058
                ],
                [
                    2.714432496486062,
                    4.198350198752111
                ],
                [
                    2.714468448349239,
                    4.198602602126759
                ],
                [
                    2.714318884925453,
                    4.1986082675365
                ],
                [
                    2.7144227561807615,
                    4.198649628899154
                ],
                [
                    2.7144397789927894,
                    4.198502092565465
                ]
            ]
        },
        "optimization_iterations": 29,
        "qaoa_cut_value": 6,
        "termination_reason": "Return from COBYLA because the trust region radius reaches its lower bound.",
        "total_shots": 1024,