{
    "exact_max_cut_value": 15,
    "graph_metadata": {
        "density_edges": 0.75,
        "filepath": "data/generated_graphs/graph_n8_d0.75_id2.gpickle",
        "id": 2,
        "n_vertices": 8,
        "seed": 909986
    },
    "metrics": {
        "all_trajectories": [
            [
                [
                    3.741603700556117,
                    0.5569077956452579
                ],
                [
                    4.741603700556118,
                    0.5569077956452579
                ],
                [
                    4.741603700556118,
                    0.5569077956452579
                ],
                [
                    4.741603700556118,
                    0.5569077956452579
                ],
                [
                    4.701536697952643,
                    0.5868182503788983
                ],
                [
                    4.701536697952643,
                    0.5868182503788983
                ],
                [
                    4.701536697952643,
                    0.5868182503788983
                ],
                [
                    4.701536697952643,
                    0.5868182503788983
                ],
                [
                    4.701536697952643,
                    0.5868182503788983
                ],
                [
                    4.701536697952643,
                    0.5868182503788983
                ],
                [
                    4.701536697952643,
                    0.5868182503788983
                ],
                [
                    4.701536697952643,
                    0.5868182503788983
                ],
                [
                    4.701536697952643,
                    0.5868182503788983
                ],
                [
                    4.701536697952643,
                    0.5868182503788983
                ],
                [
                    4.701536697952643,
                    0.5868182503788983
                ],
                [
                    4.701536697952643,
                    0.5868182503788983
                ],
                [
                    4.701536697952643,
                    0.5868182503788983
                ]
            ]
        ],
        "approximation_ratio": 1.0,
        "circuit_depth": 18,
        "num_parameters": 0,
        "optimization_history": {
            "fun": [
                -10.576171875,
                -10.7578125,
                -10.5869140625,
                -9.1845703125,
                -10.64453125,
                -10.7353515625,
                -10.5537109375,
                -10.525390625,
                -10.798828125,
                -10.4443359375,
                -10.6689453125,
                -10.6875,
                -10.7197265625,
                -10.70703125,
                -10.55078125,
                -10.54296875,
                -10.6416015625,
                -10.52734375,
                -10.60546875,
                -10.6416015625,
                -10.5810546875,
                -10.4541015625,
                -10.6259765625,
                -10.61328125,
                -10.583984375,
                -10.599609375
            ],
            "params": [
                [
                    3.741603700556117,
                    0.5569077956452579
                ],
                [
                    4.741603700556118,
                    0.5569077956452579
                ],
                [
                    4.741603700556118,
                    1.556907795645258
                ],
                [
                    5.469918638505421,
                    -0.12833475350059198
                ],
                [
                    4.242953720351192,
                    0.5201899901331174
                ],
                [
                    4.945180992114255,
                    0.41179995174337536
                ],
                [
                    4.770625269336494,
                    0.5976232539568854
                ],
                [
                    4.681782791088836,
                    0.4767737904383086
                ],
                [
                    4.701536697952643,
                    0.5868182503788983
                ],
                [
                    4.731277028278861,
                    0.682293444812256
                ],
                [
                    4.664265626890192,
                    0.5534885749850741
                ],
                [
                    4.710293587971885,
                    0.6102344173835752
                ],
                [
                    4.694308298874471,
                    0.5799080950429683
                ],
                [
                    4.698081620284678,
                    0.5904324499179844
                ],
                [
                    4.710743068695591,
                    0.582914055488349
                ],
                [
                    4.69910248029744,
                    0.5911856963610597
                ],
                [
                    4.703504167624056,
                    0.5852758292003383
                ],
                [
                    4.701845182188356,
                    0.5872117443131809
                ],
                [
                    4.700833277584682,
                    0.5861074763037258
                ],
                [
                    4.701181310915057,
                    0.587169960562879
                ],
                [
                    4.702510616820601,
                    0.5865913538416047
                ],
                [
                    4.701382247124619,
                    0.587293797371027
                ],
                [
                    4.701655584700675,
                    0.5868568630859043
                ],
                [
                    4.701358364928274,
                    0.5866430438367275
                ],
                [
                    4.701478906962176,
                    0.5868998604360042
                ],
                [
                    4.701520558541507,
                    0.5867195613754168
                ]
            ]
        },
        "optimization_iterations": 26,
        "qaoa_cut_value": 15,
        "termination_reason": "Return from COBYLA because the trust region radius reaches its lower bound.",
        "total_shots": 1024,