{
    "exact_max_cut_value": 3,
    "graph_metadata": {
        "density_edges": 0.1,
        "filepath": "data/generated_graphs/graph_n4_d0.10_id2.gpickle",
        "id": 2,
        "n_vertices": 4,
        "seed": 751202
    },
    "metrics": {
        "all_trajectories": [
            [
                [
                    1.4424011100199368,
                    0.9763062413783327
                ],
                [
                    1.274104647127916,
                    2.96204266688874
                ],
                [
                    1.274104647127916,
                    2.96204266688874
                ],
                [
                    1.274104647127916,
                    2.96204266688874
                ],
                [
                    1.274104647127916,
                    2.96204266688874
                ],
                [
                    1.2700448350343678,
                    2.9122077601890672
                ],
                [
                    1.2780561411310376,
                    2.8125291818754423
                ],
                [
                    1.3372181117319202,
                    2.731907464983402
                ],
                [
                    1.3372181117319202,
                    2.731907464983402
                ],
                [
                    1.3372181117319202,
                    2.731907464983402
                ],
                [
                    1.3372181117319202,
                    2.731907464983402
                ],
                [
                    1.3372181117319202,
                    2.731907464983402
                ],
                [
                    1.3372181117319202,
                    2.731907464983402
                ],
                [
                    1.3372181117319202,
                    2.731907464983402
                ],
                [
                    1.3372181117319202,
                    2.731907464983402
                ],
                [
                    1.3372181117319202,
                    2.731907464983402
                ],
                [
                    1.3372181117319202,
                    2.731907464983402
                ],
                [
                    1.3372181117319202,
                    2.731907464983402
                ],
                [
                    1.3372181117319202,
                    2.731907464983402
                ],
                [
                    1.3372181117319202,
                    2.731907464983402
                ],
                [
                    1.3372181117319202,
                    2.731907464983402
                ]
            ]
        ],
        "approximation_ratio": 1.0,
        "circuit_depth": 9,
        "num_parameters": 0,
        "optimization_history": {
            "fun": [
                -1.3876953125,
                -1.3671875,
                -1.5078125,
                -1.9931640625,
                -1.4326171875,
                -1.3271484375,
                -1.234375,
                -1.89453125,
                -2.1142578125,
                -2.20703125,
                -2.2958984375,
                -2.1083984375,
                -2.2626953125,
                -2.2353515625,
                -2.23828125,
                -2.26171875,
                -2.2509765625,
                -2.27734375,
                -2.263671875,
                -2.2548828125,
                -2.2236328125,
                -2.236328125,
                -2.2353515625,
                -2.2607421875,
                -2.2392578125,
                -2.2578125,
                -2.27734375,
                -2.2587890625,
                -2.26171875,
                -2.2587890625,
                -2.2607421875
            ],
            "params": [
                [
                    1.4424011100199368,
                    0.9763062413783327
                ],
                [
                    2.4424011100199365,
                    0.9763062413783327
                ],
                [
                    1.4424011100199368,
                    1.9763062413783326
                ],
                [
                    1.274104647127916,
                    2.96204266688874
                ],
                [
                    2.47514349857269,
                    4.561263001089197
                ],
                [
                    0.3355449241065581,
                    3.3071595258250603
                ],
                [
                    1.685867304668995,
                    3.245682427597122
                ],
                [
                    1.0249301136295528,
                    2.982341727356481
                ],
                [
                    1.2700448350343678,
                    2.9122077601890672
                ],
                [
                    1.2780561411310376,
                    2.8125291818754423
                ],
                [
                    1.3372181117319202,
                    2.731907464983402
                ],
                [
                    1.3926763091522498,
                    2.5397502680354664
                ],
                [
                    1.4267443657226622,
                    2.7764613632010122
                ],
                [
                    1.3436287088739676,
                    2.6823201254269953
                ],
                [
                    1.3212041093124176,
                    2.7511051660569206
                ],
                [
                    1.3410576519466237,
                    2.7351102654673025
                ],
                [
                    1.3319878834221208,
                    2.72338427826555
                ],
                [
                    1.3414797050908462,
                    2.7292923508285023
                ],
                [
                    1.3358221582211673,
                    2.7418095513189082
                ],
                [
                    1.3421648721773616,
                    2.7311797554978137
                ],
                [
                    1.337036184360523,
                    2.7306707748720416
                ],
                [
                    1.3372308859229944,
                    2.7344074323471976
                ],
                [
                    1.3367738009822185,
                    2.7310115922481883
                ],
                [
                    1.3367701753643133,
                    2.732129620358253
                ],
                [
                    1.3381868991850137,
                    2.732155357844793
                ],
                [
                    1.3369095175634529,
                    2.7323008727097977
                ],
                [
                    1.3371606516283943,
                    2.73166415790068
                ],
                [
                    1.3372667731484646,
                    2.731895972962697
                ],
                [
                    1.3371235588911385,
                    2.7319400189432246
                ],
                [
                    1.3372343887118314,
                    2.731954741403793
                ],
                [
                    1.337228094147718,
                    2.731807964473982
                ]
            ]
        },
        "optimization_iterations": 31,
        "qaoa_cut_value": 3,
        "termination_reason": "Return from COBYLA because the trust region radius reaches its lower bound.",
        "total_shots": 1024,