{
    "exact_max_cut_value": 3,
    "graph_metadata": {
        "density_edges": 0.5,
        "filepath": "data/generated_graphs/graph_n4_d0.50_id7.gpickle",
        "id": 7,
        "n_vertices": 4,
        "seed": 985244
    },
    "metrics": {
        "all_trajectories": [
            [
                [
                    0.7293723122779202,
                    0.036329214058262095,
                    1.8661540423867575,
                    5.212554520315621
                ],
                [
                    1.72937231227792,
                    0.036329214058262095,
                    2.8661540423867575,
                    5.212554520315621
                ],
                [
                    1.72937231227792,
                    0.036329214058262095,
                    2.8661540423867575,
                    5.212554520315621
                ],
                [
                    1.72937231227792,
                    0.036329214058262095,
                    2.8661540423867575,
                    5.212554520315621
                ],
                [
                    1.725027550676792,
                    0.04391124935581674,
                    2.7667580273320675,
                    5.219192892000289
                ],
                [
                    1.6972183881376466,
                    0.004519576720877834,
                    2.68493465424715,
                    5.25049596250303
                ],
                [
                    1.6972183881376466,
                    0.004519576720877834,
                    2.68493465424715,
                    5.25049596250303
                ],
                [
                    1.6479608841684334,
                    0.0056027692669670184,
                    2.6934491586122107,
                    5.250327998077013
                ],
                [
                    1.5724509461759275,
                    -0.0413092440226146,
                    2.652602452247074,
                    5.2710417339208036
                ],
                [
                    1.5724509461759275,
                    -0.0413092440226146,
                    2.652602452247074,
                    5.2710417339208036
                ],
                [
                    1.5724509461759275,
                    -0.0413092440226146,
                    2.652602452247074,
                    5.2710417339208036
                ],
                [
                    1.5724509461759275,
                    -0.0413092440226146,
                    2.652602452247074,
                    5.2710417339208036
                ],
                [
                    1.5724509461759275,
                    -0.0413092440226146,
                    2.652602452247074,
                    5.2710417339208036
                ],
                [
                    1.5724509461759275,
                    -0.0413092440226146,
                    2.652602452247074,
                    5.2710417339208036
                ],
                [
                    1.5724509461759275,
                    -0.0413092440226146,
                    2.652602452247074,
                    5.2710417339208036
                ],
                [
                    1.5724509461759275,
                    -0.0413092440226146,
                    2.652602452247074,
                    5.2710417339208036
                ],
                [
                    1.5724509461759275,
                    -0.0413092440226146,
                    2.652602452247074,
                    5.2710417339208036
                ],
                [
                    1.5724509461759275,
                    -0.0413092440226146,
                    2.652602452247074,
                    5.2710417339208036
                ],
                [
                    1.5724509461759275,
                    -0.0413092440226146,
                    2.652602452247074,
                    5.2710417339208036
                ],
                [
                    1.5724509461759275,
                    -0.0413092440226146,
                    2.652602452247074,
                    5.2710417339208036
                ],
                [
                    1.5724509461759275,
                    -0.0413092440226146,
                    2.652602452247074,
                    5.2710417339208036
                ],
                [
                    1.5724509461759275,
                    -0.0413092440226146,
                    2.652602452247074,
                    5.2710417339208036
                ]
            ]
        ],
        "approximation_ratio": 1.0,
        "circuit_depth": 17,
        "num_parameters": 0,
        "optimization_history": {
            "fun": [
                -1.5400390625,
                -1.55078125,
                -1.173828125,
                -2.1943359375,
                -2.181640625,
                -0.708984375,
                -2.091796875,
                -2.1806640625,
                -1.623046875,
                -2.1884765625,
                -2.2265625,
                -2.265625,
                -2.1328125,
                -2.24609375,
                -2.28515625,
                -2.302734375,
                -2.2021484375,
                -2.2802734375,
                -2.2783203125,
                -2.2373046875,
                -2.2392578125,
                -2.2177734375,
                -2.2529296875,
                -2.291015625,
                -2.2373046875,
                -2.2646484375,
                -2.26171875,
                -2.2734375,
                -2.1943359375,
                -2.2607421875,
                -2.2421875,
                -2.2451171875,
                -2.26171875,
                -2.2763671875,
                -2.24609375,
                -2.2734375,
                -2.2724609375,
                -2.2509765625,
                -2.265625,
                -2.251953125
            ],