{
    "exact_max_cut_value": 3,
    "graph_metadata": {
        "density_edges": 0.75,
        "filepath": "data/generated_graphs/graph_n4_d0.75_id6.gpickle",
        "id": 6,
        "n_vertices": 4,
        "seed": 948904
    },
    "metrics": {
        "all_trajectories": [
            [
                [
                    1.579977080905578,
                    0.628648068254745,
                    0.7132368830427176,
                    3.1245692020432494
                ],
                [
                    1.579977080905578,
                    1.628648068254745,
                    1.7132368830427176,
                    4.124569202043249
                ],
                [
                    1.579977080905578,
                    1.628648068254745,
                    1.7132368830427176,
                    4.124569202043249
                ],
                [
                    1.579977080905578,
                    1.6311440219651658,
                    1.7297866301676696,
                    4.171684763009617
                ],
                [
                    1.5898697548965455,
                    1.6207487639379388,
                    1.8284480053255716,
                    4.179431159837015
                ],
                [
                    1.5898697548965455,
                    1.6207487639379388,
                    1.8284480053255716,
                    4.179431159837015
                ],
                [
                    1.6216394253670827,
                    1.5497945341782415,
                    1.8430419418807924,
                    4.118249444159668
                ],
                [
                    1.6781789766748372,
                    1.5715187472568293,
                    1.8648806520751227,
                    4.041735338002162
                ],
                [
                    1.7305609858421775,
                    1.4884262228947245,
                    1.8805072031417067,
                    4.031363818707037
                ],
                [
                    1.7305609858421775,
                    1.4884262228947245,
                    1.8805072031417067,
                    4.031363818707037
                ],
                [
                    1.7305609858421775,
                    1.4884262228947245,
                    1.8805072031417067,
                    4.031363818707037
                ],
                [
                    1.7305609858421775,
                    1.4884262228947245,
                    1.8805072031417067,
                    4.031363818707037
                ],
                [
                    1.7343517330401508,
                    1.4917691530756234,
                    1.902169851101617,
                    4.042773671328859
                ],
                [
                    1.732968276521595,
                    1.4924311292256935,
                    1.907221257058723,
                    4.034280666354498
                ],
                [
                    1.732968276521595,
                    1.4924311292256935,
                    1.907221257058723,
                    4.034280666354498
                ],
                [
                    1.732968276521595,
                    1.4924311292256935,
                    1.907221257058723,
                    4.034280666354498
                ],
                [
                    1.732968276521595,
                    1.4924311292256935,
                    1.907221257058723,
                    4.034280666354498
                ],
                [
                    1.732968276521595,
                    1.4924311292256935,
                    1.907221257058723,
                    4.034280666354498
                ],
                [
                    1.732968276521595,
                    1.4924311292256935,
                    1.907221257058723,
                    4.034280666354498
                ],
                [
                    1.7333909700407237,
                    1.4922698779563552,
                    1.907434078863668,
                    4.034286590572882
                ],
                [
                    1.7333909700407237,
                    1.4922698779563552,
                    1.907434078863668,
                    4.034286590572882
                ],
                [
                    1.7333909700407237,
                    1.4922698779563552,
                    1.907434078863668,
                    4.034286590572882
                ],
                [
                    1.7333909700407237,
                    1.4922698779563552,
                    1.907434078863668,
                    4.034286590572882
                ],
                [
                    1.7333582484709043,
                    1.4922817644801039,
                    1.90740018571768,
                    4.034274789552724
                ]
            ]
        ],
        "approximation_ratio": 1.0,
        "circuit_depth": 17,
        "num_parameters": 0,
        "optimization_history": {
            "fun": [
                -1.13671875,
                -1.13671875,
                -1.2451171875,
                -1.9638671875,
                -2.572265625,
                -1.6494140625,
                -1.6337890625,
                -2.5361328125,
                -2.4150390625,
                -2.6298828125,
                -2.7939453125,
                -2.685546875,
                -2.7705078125,
                -2.802734375,
                -2.837890625,
                -2.8623046875,
                -2.8173828125,
                -2.7021484375,
                -2.84375,
                -2.7822265625,
                -2.8232421875,
                -2.8681640625,
                -2.87109375,
                -2.857421875,
                -2.8486328125,
                -2.85546875,
                -2.8369140625,
                -2.865234375,
                -2.8486328125,
                -2.869140625,
                -2.8359375,
                -2.8427734375,
                -2.8515625,
                -2.873046875,
                -2.8623046875,
                -2.86328125,
                -2.8525390625,
                -2.8671875,
                -2.8642578125,
                -2.853515625,
                -2.8818359375,
                -2.85546875
            ],