{
    "exact_max_cut_value": 3,
    "graph_metadata": {
        "density_edges": 0.5,
        "filepath": "data/generated_graphs/graph_n4_d0.50_id4.gpickle",
        "id": 4,
        "n_vertices": 4,
        "seed": 884035
    },
    "metrics": {
        "all_trajectories": [
            [
                [
                    4.522278857409061,
                    4.312021762078317,
                    0.7622372781864436,
                    3.1310762469080795
                ],
                [
                    4.522278857409061,
                    4.312021762078317,
                    0.7622372781864436,
                    4.13107624690808
                ],
                [
                    4.403192251604746,
                    4.333956364255452,
                    0.7841718803635784,
                    4.153010849085215
                ],
                [
                    4.212867435160526,
                    4.196775696529073,
                    0.7084923834220078,
                    4.111411060740924
                ],
                [
                    4.117761258622241,
                    4.376511271856891,
                    0.5954674603021708,
                    4.019894368822991
                ],
                [
                    4.126032765533773,
                    4.3749877402028945,
                    0.5591256954412015,
                    4.053189070375967
                ],
                [
                    4.167792598162092,
                    4.357496057387512,
                    0.49843679651224687,
                    3.987866677906524
                ],
                [
                    4.167792598162092,
                    4.357496057387512,
                    0.49843679651224687,
                    3.987866677906524
                ],
                [
                    4.167792598162092,
                    4.357496057387512,
                    0.49843679651224687,
                    3.987866677906524
                ],
                [
                    4.160462534691361,
                    4.355422327725142,
                    0.5032908580395594,
                    3.9792261975094894
                ],
                [
                    4.160462534691361,
                    4.355422327725142,
                    0.5032908580395594,
                    3.9792261975094894
                ],
                [
                    4.160462534691361,
                    4.355422327725142,
                    0.5032908580395594,
                    3.9792261975094894
                ],
                [
                    4.160462534691361,
                    4.355422327725142,
                    0.5032908580395594,
                    3.9792261975094894
                ],
                [
                    4.160462534691361,
                    4.355422327725142,
                    0.5032908580395594,
                    3.9792261975094894
                ],
                [
                    4.160462534691361,
                    4.355422327725142,
                    0.5032908580395594,
                    3.9792261975094894
                ],
                [
                    4.160462534691361,
                    4.355422327725142,
                    0.5032908580395594,
                    3.9792261975094894
                ],
                [
                    4.160462534691361,
                    4.355422327725142,
                    0.5032908580395594,
                    3.9792261975094894
                ],
                [
                    4.160462534691361,
                    4.355422327725142,
                    0.5032908580395594,
                    3.9792261975094894
                ],
                [
                    4.160462534691361,
                    4.355422327725142,
                    0.5032908580395594,
                    3.9792261975094894
                ],
                [
                    4.160462534691361,
                    4.355422327725142,
                    0.5032908580395594,
                    3.9792261975094894
                ]
            ]
        ],
        "approximation_ratio": 1.0,
        "circuit_depth": 7,
        "num_parameters": 0,
        "optimization_history": {
            "fun": [
                -1.841796875,
                -0.9423828125,
                -0.9375,
                -1.623046875,
                -2.0029296875,
                -1.0029296875,
                -1.072265625,
                -2.193359375,
                -2.2958984375,
                -2.62890625,
                -1.9541015625,
                -2.65234375,
                -2.7041015625,
                -2.6962890625,
                -2.654296875,
                -2.6748046875,
                -2.671875,
                -2.73828125,
                -2.728515625,
                -2.662109375,
                -2.7158203125,
                -2.71484375,
                -2.7265625,
                -2.71875,
                -2.7041015625,
                -2.71484375,
                -2.7197265625,
                -2.7119140625,
                -2.7255859375,
                -2.7216796875,
                -2.71484375,
                -2.6962890625,
                -2.7197265625,
                -2.658203125,
                -2.689453125,
                -2.7333984375,
                -2.6962890625
            ],