{
    "exact_max_cut_value": 6,
    "graph_metadata": {
        "density_edges": 0.1,
        "filepath": "data/generated_graphs/graph_n8_d0.10_id5.gpickle",
        "id": 5,
        "n_vertices": 8,
        "seed": 311837
    },
    "metrics": {
        "all_trajectories": [
            [
                [
                    1.2720171497420603,
                    4.290205072455497
                ],
                [
                    1.2720171497420603,
                    4.290205072455497
                ],
                [
                    1.2720171497420603,
                    4.290205072455497
                ],
                [
                    1.2615945638425812,
                    4.241303439526034
                ],
                [
                    1.1620678992382636,
                    4.231585258999841
                ],
                [
                    1.1620678992382636,
                    4.231585258999841
                ],
                [
                    1.1620678992382636,
                    4.231585258999841
                ],
                [
                    1.1866490056495833,
                    4.236142583609234
                ],
                [
                    1.1866490056495833,
                    4.236142583609234
                ],
                [
                    1.1866490056495833,
                    4.236142583609234
                ],
                [
                    1.1866490056495833,
                    4.236142583609234
                ],
                [
                    1.1866490056495833,
                    4.236142583609234
                ],
                [
                    1.1866490056495833,
                    4.236142583609234
                ],
                [
                    1.1866490056495833,
                    4.236142583609234
                ],
                [
                    1.1866490056495833,
                    4.236142583609234
                ],
                [
                    1.1866490056495833,
                    4.236142583609234
                ],
                [
                    1.1866490056495833,
                    4.236142583609234
                ],
                [
                    1.1866490056495833,
                    4.236142583609234
                ],
                [
                    1.1866490056495833,
                    4.236142583609234
                ]
            ]
        ],
        "approximation_ratio": 1.0,
        "circuit_depth": 7,
        "num_parameters": 0,
        "optimization_history": {
            "fun": [
                -4.3642578125,
                -2.4560546875,
                -1.515625,
                -2.6640625,
                -2.8349609375,
                -3.3642578125,
                -4.427734375,
                -4.5595703125,
                -4.51171875,
                -4.5498046875,
                -4.6142578125,
                -4.5341796875,
                -4.5517578125,
                -4.5498046875,
                -4.51171875,
                -4.5556640625,
                -4.587890625,
                -4.5107421875,
                -4.5419921875,
                -4.5703125,
                -4.5625,
                -4.5234375,
                -4.521484375,
                -4.5205078125,
                -4.5205078125,
                -4.48046875,
                -4.5087890625,
                -4.5341796875
            ],
            "params": [
                [
                    1.2720171497420603,
                    4.290205072455497
                ],
                [
                    2.2720171497420605,
                    4.290205072455497
                ],
                [
                    1.2720171497420603,
                    5.290205072455497
                ],
                [
                    0.7154779319189715,
                    3.4593837324401693
                ],
                [
                    1.023121534417669,
                    4.723853516096533
                ],
                [
                    1.5165253143893773,
                    4.238092142958102
                ],
                [
                    1.2615945638425812,
                    4.241303439526034
                ],
                [
                    1.1620678992382636,
                    4.231585258999841
                ],
                [
                    1.085796170299823,
                    4.166912054620121
                ],
                [
                    1.136130114097495,
                    4.274331385163405
                ],
                [
                    1.1866490056495833,
                    4.236142583609234
                ],
                [
                    1.2314652974681375,
                    4.258312382607741
                ],
                [
                    1.1809308597799588,
                    4.21180531162132
                ],
                [
                    1.1817815512520005,
                    4.237286212783159
                ],
                [
                    1.1966413205727096,
                    4.235750611062916
                ],
                [
                    1.1868449919227422,
                    4.241138741070797
                ],
                [
                    1.1797740308261078,
                    4.228880715999826
                ],
                [
                    1.1836280542010837,
                    4.240126783948801
                ],
                [
                    1.187645055734475,
                    4.236897821471358
                ],
                [
                    1.1852827806430781,
                    4.234048919540764
                ],
                [
                    1.185857602510425,
                    4.236753878195608
                ],
                [
                    1.1866022854358018,
                    4.235143675594638
                ],
                [
                    1.1870686475460464,
                    4.236414430401992
                ],
                [
                    1.186546757008801,
                    4.235914449404306
                ],
                [
                    1.1866033788085977,
                    4.23616303333739
                ],
                [
                    1.1867465082900113,
                    4.2361203747121525
                ],
                [
                    1.186660110098124,
                    4.2361913349294475
                ],
                [
                    1.186578027611121,
                    4.236072141306205
                ]
            ]
        },
        "optimization_iterations": 28,
        "qaoa_cut_value": 6,
        "termination_reason": "Return from COBYLA because the trust region radius reaches its lower bound.",
        "total_shots": 1024,