{
    "exact_max_cut_value": 3,
    "graph_metadata": {
        "density_edges": 0.75,
        "filepath": "data/generated_graphs/graph_n4_d0.75_id7.gpickle",
        "id": 7,
        "n_vertices": 4,
        "seed": 259139
    },
    "metrics": {
        "all_trajectories": [
            [
                [
                    1.5757687865833476,
                    1.162325294190407,
                    2.021581571048908,
                    3.9870804431431326
                ],
                [
                    2.575768786583348,
                    1.162325294190407,
                    2.021581571048908,
                    3.9870804431431326
                ],
                [
                    2.575768786583348,
                    1.162325294190407,
                    2.021581571048908,
                    3.9870804431431326
                ],
                [
                    2.575768786583348,
                    1.162325294190407,
                    2.021581571048908,
                    3.9870804431431326
                ],
                [
                    2.5306516284272544,
                    1.156759585289332,
                    1.9831853934999555,
                    3.906711304327441
                ],
                [
                    2.449597436547067,
                    1.1449659579753468,
                    1.9258181287063563,
                    3.907065230209062
                ],
                [
                    2.449597436547067,
                    1.1449659579753468,
                    1.9258181287063563,
                    3.907065230209062
                ],
                [
                    2.449597436547067,
                    1.1449659579753468,
                    1.9258181287063563,
                    3.907065230209062
                ],
                [
                    2.449597436547067,
                    1.1449659579753468,
                    1.9258181287063563,
                    3.907065230209062
                ],
                [
                    2.449597436547067,
                    1.1449659579753468,
                    1.9258181287063563,
                    3.907065230209062
                ],
                [
                    2.449597436547067,
                    1.1449659579753468,
                    1.9258181287063563,
                    3.907065230209062
                ],
                [
                    2.449597436547067,
                    1.1449659579753468,
                    1.9258181287063563,
                    3.907065230209062
                ],
                [
                    2.449597436547067,
                    1.1449659579753468,
                    1.9258181287063563,
                    3.907065230209062
                ],
                [
                    2.449597436547067,
                    1.1449659579753468,
                    1.9258181287063563,
                    3.907065230209062
                ],
                [
                    2.449597436547067,
                    1.1449659579753468,
                    1.9258181287063563,
                    3.907065230209062
                ],
                [
                    2.449597436547067,
                    1.1449659579753468,
                    1.9258181287063563,
                    3.907065230209062
                ],
                [
                    2.449597436547067,
                    1.1449659579753468,
                    1.9258181287063563,
                    3.907065230209062
                ],
                [
                    2.449597436547067,
                    1.1449659579753468,
                    1.9258181287063563,
                    3.907065230209062
                ],
                [
                    2.449597436547067,
                    1.1449659579753468,
                    1.9258181287063563,
                    3.907065230209062
                ]
            ]
        ],
        "approximation_ratio": 1.0,
        "circuit_depth": 17,
        "num_parameters": 0,
        "optimization_history": {
            "fun": [
                -2.140625,
                -2.205078125,
                -2.095703125,
                -1.484375,
                -1.0595703125,
                -1.5234375,
                -1.689453125,
                -2.068359375,
                -2.1689453125,
                -2.259765625,
                -2.2607421875,
                -2.099609375,
                -2.2109375,
                -2.244140625,
                -2.22265625,
                -2.240234375,
                -2.171875,
                -2.2353515625,
                -2.2587890625,
                -2.17578125,
                -2.2294921875,
                -2.1953125,
                -2.224609375,
                -2.1953125,
                -2.2333984375,
                -2.24609375,
                -2.2021484375,
                -2.201171875,
                -2.2255859375,
                -2.2294921875,
                -2.236328125,
                -2.1962890625,
                -2.2177734375,
                -2.2109375,
                -2.2158203125
            ],