{
    "exact_max_cut_value": 9,
    "graph_metadata": {
        "density_edges": 0.5,
        "filepath": "data/generated_graphs/graph_n8_d0.50_id0.gpickle",
        "id": 0,
        "n_vertices": 8,
        "seed": 561538
    },
    "metrics": {
        "all_trajectories": [
            [
                [
                    1.8562870788065617,
                    5.976002206696996
                ],
                [
                    1.8562870788065617,
                    5.976002206696996
                ],
                [
                    1.8562870788065617,
                    5.976002206696996
                ],
                [
                    1.8562870788065617,
                    5.976002206696996
                ],
                [
                    1.8562870788065617,
                    5.976002206696996
                ],
                [
                    1.8562870788065617,
                    5.976002206696996
                ],
                [
                    1.8562870788065617,
                    5.976002206696996
                ],
                [
                    1.8562870788065617,
                    5.976002206696996
                ],
                [
                    1.8562870788065617,
                    5.976002206696996
                ],
                [
                    1.8562870788065617,
                    5.976002206696996
                ],
                [
                    1.8562870788065617,
                    5.976002206696996
                ],
                [
                    1.8587626551430405,
                    5.975653606923235
                ],
                [
                    1.8587626551430405,
                    5.975653606923235
                ],
                [
                    1.8587626551430405,
                    5.975653606923235
                ],
                [
                    1.8587626551430405,
                    5.975653606923235
                ],
                [
                    1.8587626551430405,
                    5.975653606923235
                ],
                [
                    1.8587626551430405,
                    5.975653606923235
                ]
            ]
        ],
        "approximation_ratio": 1.0,
        "circuit_depth": 9,
        "num_parameters": 0,
        "optimization_history": {
            "fun": [
                -7.73828125,
                -3.7001953125,
                -5.6162109375,
                -5.9775390625,
                -6.0849609375,
                -6.5712890625,
                -7.5888671875,
                -7.6376953125,
                -7.65625,
                -7.5234375,
                -7.69921875,
                -7.6494140625,
                -7.6396484375,
                -7.666015625,
                -7.6884765625,
                -7.6728515625,
                -7.6484375,
                -7.7431640625,
                -7.73828125,
                -7.7158203125,
                -7.6943359375,
                -7.73828125,
                -7.7333984375,
                -7.71484375,
                -7.6904296875,
                -7.71484375,
                -7.669921875
            ],
            "params": [
                [
                    1.8562870788065617,
                    5.976002206696996
                ],
                [
                    2.8562870788065617,
                    5.976002206696996
                ],
                [
                    1.8562870788065617,
                    6.976002206696996
                ],
                [
                    0.9710764738538036,
                    5.51081172433609
                ],
                [
                    2.269057525012192,
                    5.693831055196343
                ],
                [
                    1.825446988350258,
                    6.224092691844345
                ],
                [
                    1.806668981777092,
                    5.969834188605735
                ],
                [
                    1.9201801398597473,
                    5.899075769438704
                ],
                [
                    1.9161827544239838,
                    6.056080343802779
                ],
                [
                    1.8063612714424304,
                    5.978725028586074
                ],
                [
                    1.8739737257770126,
                    5.958333519169546
                ],
                [
                    1.8598208163120515,
                    5.979539536091086
                ],
                [
                    1.8486271986261655,
                    5.969573658212153
                ],
                [
                    1.8530728045641403,
                    5.979832146787194
                ],
                [
                    1.8659147479966585,
                    5.973298878014416
                ],
                [
                    1.8560861487070923,
                    5.98099816777522
                ],
                [
                    1.8550380885370057,
                    5.975951974172128
                ],
                [
                    1.8587626551430405,
                    5.975653606923235
                ],
                [
                    1.858772503208165,
                    5.974653655416604
                ],
                [
                    1.859262630896356,
                    5.975658530955797
                ],
                [
                    1.8577657899314333,
                    5.975732725504411
                ],
                [
                    1.8592597282105452,
                    5.975707628822142
                ],
                [
                    1.8585357288880187,
                    5.975758509138568
                ],
                [
                    1.8587416746999739,
                    5.97560822167223
                ],
                [
                    1.8588107617960496,
                    5.975741275332233
                ],
                [
                    1.8588064893475396,
                    5.97562955359673
                ],
                [
                    1.8586657103980702,
                    5.9756290770144975
                ]
            ]
        },
        "optimization_iterations": 27,
        "qaoa_cut_value": 9,
        "termination_reason": "Return from COBYLA because the trust region radius reaches its lower bound.",
        "total_shots": 1024,