{
    "exact_max_cut_value": 3,
    "graph_metadata": {
        "density_edges": 0.1,
        "filepath": "data/generated_graphs/graph_n4_d0.10_id5.gpickle",
        "id": 5,
        "n_vertices": 4,
        "seed": 646911
    },
    "metrics": {
        "all_trajectories": [
            [
                [
                    0.07809639028136268,
                    1.736144516941246
                ],
                [
                    1.0780963902813627,
                    2.7361445169412457
                ],
                [
                    1.0780963902813627,
                    2.7361445169412457
                ],
                [
                    1.0780963902813627,
                    2.7361445169412457
                ],
                [
                    1.0780963902813627,
                    2.7361445169412457
                ],
                [
                    1.0780963902813627,
                    2.7361445169412457
                ],
                [
                    1.0780963902813627,
                    2.7361445169412457
                ],
                [
                    1.0780963902813627,
                    2.7361445169412457
                ],
                [
                    1.0780963902813627,
                    2.7361445169412457
                ],
                [
                    1.0780963902813627,
                    2.7361445169412457
                ],
                [
                    1.0780963902813627,
                    2.7361445169412457
                ],
                [
                    1.0780963902813627,
                    2.7361445169412457
                ],
                [
                    1.0780963902813627,
                    2.7361445169412457
                ],
                [
                    1.0780963902813627,
                    2.7361445169412457
                ],
                [
                    1.0780963902813627,
                    2.7361445169412457
                ],
                [
                    1.0780963902813627,
                    2.7361445169412457
                ],
                [
                    1.0780963902813627,
                    2.7361445169412457
                ]
            ]
        ],
        "approximation_ratio": 1.0,
        "circuit_depth": 9,
        "num_parameters": 0,
        "optimization_history": {
            "fun": [
                -1.45703125,
                -1.515625,
                -2.212890625,
                -0.9072265625,
                -1.9814453125,
                -2.140625,
                -1.833984375,
                -2.1875,
                -2.146484375,
                -2.1650390625,
                -2.15234375,
                -2.146484375,
                -2.173828125,
                -2.1806640625,
                -2.15234375,
                -2.171875,
                -2.2060546875,
                -2.193359375,
                -2.1640625,
                -2.1787109375,
                -2.201171875,
                -2.173828125,
                -2.19140625,
                -2.1669921875,
                -2.1572265625,
                -2.1650390625,
                -2.1884765625
            ],
            "params": [
                [
                    0.07809639028136268,
                    1.736144516941246
                ],
                [
                    1.0780963902813627,
                    1.736144516941246
                ],
                [
                    1.0780963902813627,
                    2.7361445169412457
                ],
                [
                    1.1618348580641376,
                    3.732632283556267
                ],
                [
                    1.4944591581506437,
                    2.459301518958217
                ],
                [
                    1.0088856407856055,
                    2.6320538249739256
                ],
                [
                    1.0560329763645164,
                    2.9851690253060528
                ],
                [
                    1.1700026032972515,
                    2.6967332494016434
                ],
                [
                    1.080538250734161,
                    2.836114699083368
                ],
                [
                    1.045639158537585,
                    2.698111266915371
                ],
                [
                    1.082434985399134,
                    2.7607651707181877
                ],
                [
                    1.0830205210367512,
                    2.7352767979176913
                ],
                [
                    1.0680965669457345,
                    2.73608507574151
                ],
                [
                    1.0781261108812306,
                    2.731144605273432
                ],
                [
                    1.0832284818917304,
                    2.7447271526496277
                ],
                [
                    1.0800343387939184,
                    2.731535356978445
                ],
                [
                    1.0792486802720629,
                    2.7366290040693846
                ],
                [
                    1.0760118039983215,
                    2.7375245531830004
                ],
                [
                    1.078097173769774,
                    2.7351445172481728
                ],
                [
                    1.0776198774087637,
                    2.7370236844350986
                ],
                [
                    1.0782164697266765,
                    2.735659150145087
                ],
                [
                    1.0779750485823232,
                    2.7361144970799174
                ],
                [
                    1.0783339036306987,
                    2.7362225387900265
                ],
                [
                    1.0780807859116066,
                    2.736192019611113
                ],
                [
                    1.0781186077577396,
                    2.7360470162553843
                ],
                [
                    1.078047639938432,
                    2.7361334082030573
                ],
                [
                    1.078169501269059,
                    2.7362127429148777
                ]
            ]
        },
        "optimization_iterations": 27,
        "qaoa_cut_value": 3,
        "termination_reason": "Return from COBYLA because the trust region radius reaches its lower bound.",
        "total_shots": 1024,