{
    "exact_max_cut_value": 3,
    "graph_metadata": {
        "density_edges": 0.5,
        "filepath": "data/generated_graphs/graph_n4_d0.50_id5.gpickle",
        "id": 5,
        "n_vertices": 4,
        "seed": 687730
    },
    "metrics": {
        "all_trajectories": [
            [
                [
                    3.9837484319379435,
                    1.5614627058017454,
                    3.745798489094945,
                    5.057489102249432
                ],
                [
                    3.0153480648224753,
                    1.4319441381834215,
                    3.538568780905627,
                    5.007674268550077
                ],
                [
                    3.0153480648224753,
                    1.4319441381834215,
                    3.538568780905627,
                    5.007674268550077
                ],
                [
                    3.0153480648224753,
                    1.47681652309703,
                    3.538568780905627,
                    4.891006067774694
                ],
                [
                    2.9965533140576577,
                    1.708315132448808,
                    3.4491875266020173,
                    4.914799818865994
                ],
                [
                    2.947777558923436,
                    1.70146442520422,
                    3.4409990658360727,
                    4.912164931464229
                ],
                [
                    2.87758481087507,
                    1.735284945102428,
                    3.502447966227504,
                    4.899788211546679
                ],
                [
                    2.731141215071073,
                    1.80066165910839,
                    3.6218094888936276,
                    4.894044918013985
                ],
                [
                    2.75959976493206,
                    1.8161035249986452,
                    3.6585275074318746,
                    4.904215799601244
                ],
                [
                    2.7549181020630464,
                    1.8466857542671806,
                    3.695487861633652,
                    4.816598783542565
                ],
                [
                    2.7549181020630464,
                    1.8466857542671806,
                    3.695487861633652,
                    4.816598783542565
                ],
                [
                    2.7549181020630464,
                    1.8466857542671806,
                    3.695487861633652,
                    4.816598783542565
                ],
                [
                    2.7549181020630464,
                    1.8466857542671806,
                    3.695487861633652,
                    4.816598783542565
                ],
                [
                    2.7549181020630464,
                    1.8466857542671806,
                    3.695487861633652,
                    4.816598783542565
                ],
                [
                    2.7549181020630464,
                    1.8466857542671806,
                    3.695487861633652,
                    4.816598783542565
                ],
                [
                    2.7549181020630464,
                    1.8466857542671806,
                    3.695487861633652,
                    4.816598783542565
                ],
                [
                    2.7549181020630464,
                    1.8466857542671806,
                    3.695487861633652,
                    4.816598783542565
                ],
                [
                    2.7549181020630464,
                    1.8466857542671806,
                    3.695487861633652,
                    4.816598783542565
                ],
                [
                    2.7549181020630464,
                    1.8466857542671806,
                    3.695487861633652,
                    4.816598783542565
                ],
                [
                    2.7549181020630464,
                    1.8466857542671806,
                    3.695487861633652,
                    4.816598783542565
                ],
                [
                    2.7549181020630464,
                    1.8466857542671806,
                    3.695487861633652,
                    4.816598783542565
                ],
                [
                    2.7549181020630464,
                    1.8466857542671806,
                    3.695487861633652,
                    4.816598783542565
                ],
                [
                    2.7549181020630464,
                    1.8466857542671806,
                    3.695487861633652,
                    4.816598783542565
                ]
            ]
        ],
        "approximation_ratio": 1.0,
        "circuit_depth": 7,
        "num_parameters": 0,
        "optimization_history": {
            "fun": [
                -1.7236328125,
                -0.7744140625,
                -1.5966796875,
                -1.5205078125,
                -1.6748046875,
                -1.7763671875,
                -1.2890625,
                -1.19140625,
                -1.8486328125,
                -1.9306640625,
                -1.5576171875,
                -1.9970703125,
                -2.2275390625,
                -2.49609375,
                -2.2431640625,
                -2.533203125,
                -2.5537109375,
                -2.4091796875,
                -2.48828125,
                -2.5419921875,
                -2.5068359375,
                -2.5048828125,
                -2.525390625,
                -2.5185546875,
                -2.51171875,
                -2.52734375,
                -2.53125,
                -2.5224609375,
                -2.521484375,
                -2.509765625,
                -2.52734375,
                -2.5,
                -2.5224609375,
                -2.4892578125,
                -2.529296875,
                -2.5302734375,
                -2.5029296875,
                -2.513671875,
                -2.53125,
                -2.5234375,
                -2.546875
            ],