{
    "exact_max_cut_value": 4,
    "graph_metadata": {
        "density_edges": 0.5,
        "filepath": "data/generated_graphs/graph_n4_d0.50_id8.gpickle",
        "id": 8,
        "n_vertices": 4,
        "seed": 806847
    },
    "metrics": {
        "all_trajectories": [
            [
                [
                    2.9507731306872995,
                    5.329900518128153,
                    6.00985524425558,
                    5.105748418648196
                ],
                [
                    2.9113007005949467,
                    4.504095730669717,
                    5.46347371192459,
                    4.971749905966261
                ],
                [
                    2.851116399534698,
                    5.0146026592963455,
                    4.63039628145904,
                    4.76744004184068
                ],
                [
                    2.5744873145624623,
                    4.957057337568223,
                    4.434722815799078,
                    3.8283570954875636
                ],
                [
                    2.5744873145624623,
                    4.957057337568223,
                    4.434722815799078,
                    3.8283570954875636
                ],
                [
                    3.079180078860693,
                    5.646930413258992,
                    4.866090373194828,
                    3.53977022203627
                ],
                [
                    3.079180078860693,
                    5.646930413258992,
                    4.866090373194828,
                    3.53977022203627
                ],
                [
                    3.079180078860693,
                    5.646930413258992,
                    4.866090373194828,
                    3.53977022203627
                ],
                [
                    3.064543600926235,
                    5.6429482545376075,
                    4.855618064341607,
                    3.4932917681799447
                ],
                [
                    3.064543600926235,
                    5.6429482545376075,
                    4.855618064341607,
                    3.4932917681799447
                ],
                [
                    3.064543600926235,
                    5.6429482545376075,
                    4.855618064341607,
                    3.4932917681799447
                ],
                [
                    3.064543600926235,
                    5.6429482545376075,
                    4.855618064341607,
                    3.4932917681799447
                ],
                [
                    3.064543600926235,
                    5.6429482545376075,
                    4.855618064341607,
                    3.4932917681799447
                ],
                [
                    3.064543600926235,
                    5.6429482545376075,
                    4.855618064341607,
                    3.4932917681799447
                ],
                [
                    3.064543600926235,
                    5.6429482545376075,
                    4.855618064341607,
                    3.4932917681799447
                ],
                [
                    3.064543600926235,
                    5.6429482545376075,
                    4.855618064341607,
                    3.4932917681799447
                ],
                [
                    3.064543600926235,
                    5.6429482545376075,
                    4.855618064341607,
                    3.4932917681799447
                ],
                [
                    3.064543600926235,
                    5.6429482545376075,
                    4.855618064341607,
                    3.4932917681799447
                ],
                [
                    3.064543600926235,
                    5.6429482545376075,
                    4.855618064341607,
                    3.4932917681799447
                ],
                [
                    3.064543600926235,
                    5.6429482545376075,
                    4.855618064341607,
                    3.4932917681799447
                ],
                [
                    3.064543600926235,
                    5.6429482545376075,
                    4.855618064341607,
                    3.4932917681799447
                ],
                [
                    3.064543600926235,
                    5.6429482545376075,
                    4.855618064341607,
                    3.4932917681799447
                ],
                [
                    3.064543600926235,
                    5.6429482545376075,
                    4.855618064341607,
                    3.4932917681799447
                ]
            ]
        ],
        "approximation_ratio": 1.0,
        "circuit_depth": 10,
        "num_parameters": 0,
        "optimization_history": {
            "fun": [
                -2.5302734375,
                -2.4931640625,
                -1.75390625,
                -2.0166015625,
                -2.404296875,
                -2.5693359375,
                -2.615234375,
                -2.630859375,
                -1.0625,
                -2.4384765625,
                -3.1181640625,
                -2.6533203125,
                -2.7861328125,
                -2.98828125,
                -2.9296875,
                -3.1875,
                -3.0576171875,
                -3.0478515625,
                -3.1103515625,
                -3.0263671875,
                -3.111328125,
                -3.0810546875,
                -3.01953125,
                -3.1337890625,
                -3.0576171875,
                -3.0458984375,
                -3.123046875,
                -3.13671875,
                -3.068359375,
                -3.1044921875,
                -3.119140625,
                -3.095703125,
                -3.06640625,
                -3.1337890625,
                -3.0888671875,
                -3.083984375,
                -3.0673828125,
                -3.09765625,
                -3.1259765625,
                -3.0546875,
                -3.138671875
            ],