{
    "exact_max_cut_value": 4,
    "graph_metadata": {
        "density_edges": 0.75,
        "filepath": "data/generated_graphs/graph_n4_d0.75_id3.gpickle",
        "id": 3,
        "n_vertices": 4,
        "seed": 273448
    },
    "metrics": {
        "all_trajectories": [
            [
                [
                    5.3052454536778795,
                    4.265557053833705
                ],
                [
                    6.3052454536778795,
                    5.265557053833705
                ],
                [
                    6.3052454536778795,
                    5.265557053833705
                ],
                [
                    6.3227591703791655,
                    5.2187246961383345
                ],
                [
                    6.344977483555126,
                    5.12122420096208
                ],
                [
                    6.419621658871204,
                    4.9356756976229725
                ],
                [
                    6.419621658871204,
                    4.9356756976229725
                ],
                [
                    6.51662959886383,
                    4.959954486274533
                ],
                [
                    6.51662959886383,
                    4.959954486274533
                ],
                [
                    6.51662959886383,
                    4.959954486274533
                ],
                [
                    6.51662959886383,
                    4.959954486274533
                ],
                [
                    6.511642713644981,
                    4.96031639208275
                ],
                [
                    6.511642713644981,
                    4.96031639208275
                ],
                [
                    6.511642713644981,
                    4.96031639208275
                ],
                [
                    6.511642713644981,
                    4.96031639208275
                ],
                [
                    6.511642713644981,
                    4.96031639208275
                ],
                [
                    6.511642713644981,
                    4.96031639208275
                ],
                [
                    6.511642713644981,
                    4.96031639208275
                ],
                [
                    6.511642713644981,
                    4.96031639208275
                ],
                [
                    6.511642713644981,
                    4.96031639208275
                ],
                [
                    6.511642713644981,
                    4.96031639208275
                ]
            ]
        ],
        "approximation_ratio": 1.0,
        "circuit_depth": 7,
        "num_parameters": 0,
        "optimization_history": {
            "fun": [
                -1.21875,
                -2.85546875,
                -3.029296875,
                -2.5654296875,
                -2.83984375,
                -2.9951171875,
                -3.080078125,
                -3.271484375,
                -3.4833984375,
                -3.0556640625,
                -3.6728515625,
                -3.662109375,
                -3.6416015625,
                -3.615234375,
                -3.6552734375,
                -3.7001953125,
                -3.6767578125,
                -3.6796875,
                -3.6552734375,
                -3.6591796875,
                -3.65234375,
                -3.666015625,
                -3.6708984375,
                -3.66015625,
                -3.64453125,
                -3.693359375,
                -3.6396484375,
                -3.69140625,
                -3.6640625,
                -3.66015625,
                -3.63671875,
                -3.6875
            ],
            "params": [
                [
                    5.3052454536778795,
                    4.265557053833705
                ],
                [
                    6.3052454536778795,
                    4.265557053833705
                ],
                [
                    6.3052454536778795,
                    5.265557053833705
                ],
                [
                    7.299652942607621,
                    5.371168350390683
                ],
                [
                    5.834570397858207,
                    5.43427276688127
                ],
                [
                    6.53940724215473,
                    5.353125637340136
                ],
                [
                    6.3227591703791655,
                    5.2187246961383345
                ],
                [
                    6.344977483555126,
                    5.12122420096208
                ],
                [
                    6.419621658871204,
                    4.9356756976229725
                ],
                [
                    6.412715583364364,
                    4.7357949678837254
                ],
                [
                    6.51662959886383,
                    4.959954486274533
                ],
                [
                    6.615385816160146,
                    4.944231587517539
                ],
                [
                    6.530261667618901,
                    5.059020962448146
                ],
                [
                    6.493244338451243,
                    4.915760260458987
                ],
                [
                    6.518439127904914,
                    4.98488891236878
                ],
                [
                    6.511642713644981,
                    4.96031639208275
                ],
                [
                    6.501658069591569,
                    4.9597624217526075
                ],
                [
                    6.511919698810052,
                    4.955324070056045
                ],
                [
                    6.516115503405424,
                    4.969260337060156
                ],
                [
                    6.513593702459731,
                    4.955712736725893
                ],
                [
                    6.512102479910972,
                    4.962773751433894
                ],
                [
                    6.511151241774752,
                    4.960408345335948
                ],
                [
                    6.512539666402822,
                    4.959874265686569
                ],
                [
                    6.51142165044689,
                    4.959867915703829
                ],
                [
                    6.511749748245149,
                    4.961310647379124
                ],
                [
                    6.5112656284059165,
                    4.95998805274231
                ],
                [
                    6.511560628809871,
                    4.960410663392516
                ],
                [
                    6.511812137606415,
                    4.960132556500525
                ],
                [
                    6.511679480761425,
                    4.960350276875037
                ],
                [
                    6.511565973270093,
                    4.960252275666271
                ],
                [
                    6.5116106554367414,
                    4.960354762270193
                ],
                [
                    6.511726943042023,
                    4.960262490239795
                ]
            ]
        },
        "optimization_iterations": 32,
        "qaoa_cut_value": 4,
        "termination_reason": "Return from COBYLA because the trust region radius reaches its lower bound.",
        "total_shots": 1024,