{
    "exact_max_cut_value": 4,
    "graph_metadata": {
        "density_edges": 0.75,
        "filepath": "data/generated_graphs/graph_n4_d0.75_id9.gpickle",
        "id": 9,
        "n_vertices": 4,
        "seed": 702169
    },
    "metrics": {
        "all_trajectories": [
            [
                [
                    1.0561222600885554,
                    2.2190687753988625,
                    5.854526093207788,
                    4.22792396265023
                ],
                [
                    2.0561222600885554,
                    2.2190687753988625,
                    5.854526093207788,
                    4.22792396265023
                ],
                [
                    2.0561222600885554,
                    2.2190687753988625,
                    5.854526093207788,
                    4.22792396265023
                ],
                [
                    2.0561222600885554,
                    2.169393654026195,
                    5.860216639456678,
                    4.22792396265023
                ],
                [
                    2.0561222600885554,
                    2.169393654026195,
                    5.860216639456678,
                    4.22792396265023
                ],
                [
                    2.0561222600885554,
                    2.169393654026195,
                    5.860216639456678,
                    4.22792396265023
                ],
                [
                    2.0561222600885554,
                    2.169393654026195,
                    5.860216639456678,
                    4.22792396265023
                ],
                [
                    2.0561222600885554,
                    2.169393654026195,
                    5.860216639456678,
                    4.22792396265023
                ],
                [
                    2.057079355600845,
                    2.169458791738312,
                    5.870170314100129,
                    4.227860038076429
                ],
                [
                    2.057079355600845,
                    2.169458791738312,
                    5.870170314100129,
                    4.227860038076429
                ],
                [
                    2.057079355600845,
                    2.169458791738312,
                    5.870170314100129,
                    4.227860038076429
                ],
                [
                    2.057079355600845,
                    2.169458791738312,
                    5.870170314100129,
                    4.227860038076429
                ],
                [
                    2.057079355600845,
                    2.169458791738312,
                    5.870170314100129,
                    4.227860038076429
                ],
                [
                    2.057079355600845,
                    2.169458791738312,
                    5.870170314100129,
                    4.227860038076429
                ],
                [
                    2.0568947033795335,
                    2.170352279930234,
                    5.8702354686045535,
                    4.227455887982264
                ],
                [
                    2.0568947033795335,
                    2.170352279930234,
                    5.8702354686045535,
                    4.227455887982264
                ],
                [
                    2.0568947033795335,
                    2.170352279930234,
                    5.8702354686045535,
                    4.227455887982264
                ],
                [
                    2.0568947033795335,
                    2.170352279930234,
                    5.8702354686045535,
                    4.227455887982264
                ],
                [
                    2.0568947033795335,
                    2.170352279930234,
                    5.8702354686045535,
                    4.227455887982264
                ]
            ]
        ],
        "approximation_ratio": 1.0,
        "circuit_depth": 17,
        "num_parameters": 0,
        "optimization_history": {
            "fun": [
                -3.494140625,
                -3.80078125,
                -3.634765625,
                -2.3515625,
                -1.87890625,
                -0.638671875,
                -1.5703125,
                -3.791015625,
                -2.935546875,
                -3.869140625,
                -3.826171875,
                -3.794921875,
                -3.609375,
                -3.84375,
                -3.853515625,
                -3.82421875,
                -3.810546875,
                -3.888671875,
                -3.849609375,
                -3.85546875,
                -3.853515625,
                -3.87109375,
                -3.873046875,
                -3.841796875,
                -3.822265625,
                -3.845703125,
                -3.88671875,
                -3.896484375,
                -3.853515625,
                -3.833984375,
                -3.83984375,
                -3.861328125,
                -3.873046875,
                -3.84765625,
                -3.84765625,
                -3.859375
            ],