{
    "exact_max_cut_value": 7,
    "graph_metadata": {
        "density_edges": 0.25,
        "filepath": "data/generated_graphs/graph_n8_d0.25_id0.gpickle",
        "id": 0,
        "n_vertices": 8,
        "seed": 679912
    },
    "metrics": {
        "all_trajectories": [
            [
                [
                    2.71544914061757,
                    2.8168940495885253
                ],
                [
                    2.71544914061757,
                    2.8168940495885253
                ],
                [
                    2.71544914061757,
                    2.8168940495885253
                ],
                [
                    2.665709735510507,
                    2.8117958558303915
                ],
                [
                    2.5879499326126636,
                    2.7489196834493645
                ],
                [
                    2.5879499326126636,
                    2.7489196834493645
                ],
                [
                    2.5162041507095676,
                    2.818579878533167
                ],
                [
                    2.4227300729505026,
                    2.78304684056718
                ],
                [
                    2.323911558430784,
                    2.7983733270567908
                ],
                [
                    2.323911558430784,
                    2.7983733270567908
                ],
                [
                    2.323905537694381,
                    2.848373326694298
                ],
                [
                    2.311486040479237,
                    2.846956962008553
                ],
                [
                    2.287843017347639,
                    2.8388324646580254
                ],
                [
                    2.287843017347639,
                    2.8388324646580254
                ],
                [
                    2.287843017347639,
                    2.8388324646580254
                ],
                [
                    2.287843017347639,
                    2.8388324646580254
                ],
                [
                    2.283792862473258,
                    2.841764400109827
                ],
                [
                    2.283792862473258,
                    2.841764400109827
                ],
                [
                    2.283792862473258,
                    2.841764400109827
                ],
                [
                    2.2847839223150674,
                    2.8416309820077834
                ],
                [
                    2.2847839223150674,
                    2.8416309820077834
                ],
                [
                    2.2847839223150674,
                    2.8416309820077834
                ],
                [
                    2.2847839223150674,
                    2.8416309820077834
                ],
                [
                    2.2847839223150674,
                    2.8416309820077834
                ]
            ]
        ],
        "approximation_ratio": 1.0,
        "circuit_depth": 11,
        "num_parameters": 0,
        "optimization_history": {
            "fun": [
                -3.919921875,
                -2.8564453125,
                -3.392578125,
                -3.5419921875,
                -3.548828125,
                -3.6875,
                -3.9912109375,
                -4.125,
                -3.8125,
                -4.1845703125,
                -4.248046875,
                -4.2724609375,
                -4.1279296875,
                -4.318359375,
                -4.28125,
                -4.3603515625,
                -4.4140625,
                -4.365234375,
                -4.341796875,
                -4.3017578125,
                -4.349609375,
                -4.4072265625,
                -4.462890625,
                -4.3515625,
                -4.4013671875,
                -4.2724609375,
                -4.4140625,
                -4.498046875,
                -4.41015625,
                -4.3583984375,
                -4.4052734375,
                -4.3232421875,
                -4.369140625,
                -4.2939453125
            ],