{
    "exact_max_cut_value": 4,
    "graph_metadata": {
        "density_edges": 0.75,
        "filepath": "data/generated_graphs/graph_n4_d0.75_id9.gpickle",
        "id": 9,
        "n_vertices": 4,
        "seed": 702169
    },
    "metrics": {
        "all_trajectories": [
            [
                [
                    0.17432302292355817,
                    2.274088254251232,
                    2.32564832063121,
                    0.39457769915461033
                ],
                [
                    1.1743230229235582,
                    2.274088254251232,
                    2.32564832063121,
                    0.39457769915461033
                ],
                [
                    1.1743230229235582,
                    2.274088254251232,
                    2.32564832063121,
                    0.39457769915461033
                ],
                [
                    1.1743230229235582,
                    2.274088254251232,
                    2.32564832063121,
                    0.39457769915461033
                ],
                [
                    1.1743230229235582,
                    2.274088254251232,
                    2.32564832063121,
                    0.39457769915461033
                ],
                [
                    1.1743230229235582,
                    2.274088254251232,
                    2.32564832063121,
                    0.39457769915461033
                ],
                [
                    1.1743230229235582,
                    2.274088254251232,
                    2.32564832063121,
                    0.39457769915461033
                ],
                [
                    1.171337392571221,
                    2.272462272865739,
                    2.330434744221393,
                    0.40561320300122167
                ],
                [
                    1.1879270427541073,
                    2.2866425598474107,
                    2.3352126546472816,
                    0.4168325853322181
                ],
                [
                    1.1957635560239144,
                    2.2799427602165374,
                    2.340662603521136,
                    0.43894592524166326
                ],
                [
                    1.1957635560239144,
                    2.2799427602165374,
                    2.340662603521136,
                    0.43894592524166326
                ],
                [
                    1.1957635560239144,
                    2.2799427602165374,
                    2.340662603521136,
                    0.43894592524166326
                ],
                [
                    1.1957635560239144,
                    2.2799427602165374,
                    2.340662603521136,
                    0.43894592524166326
                ],
                [
                    1.196486724256946,
                    2.2863384938961127,
                    2.337304878444376,
                    0.43206862193909057
                ],
                [
                    1.196486724256946,
                    2.2863384938961127,
                    2.337304878444376,
                    0.43206862193909057
                ],
                [
                    1.196486724256946,
                    2.2863384938961127,
                    2.337304878444376,
                    0.43206862193909057
                ],
                [
                    1.196486724256946,
                    2.2863384938961127,
                    2.337304878444376,
                    0.43206862193909057
                ],
                [
                    1.196486724256946,
                    2.2863384938961127,
                    2.337304878444376,
                    0.43206862193909057
                ],
                [
                    1.196486724256946,
                    2.2863384938961127,
                    2.337304878444376,
                    0.43206862193909057
                ],
                [
                    1.196486724256946,
                    2.2863384938961127,
                    2.337304878444376,
                    0.43206862193909057
                ],
                [
                    1.196486724256946,
                    2.2863384938961127,
                    2.337304878444376,
                    0.43206862193909057
                ],
                [
                    1.196486724256946,
                    2.2863384938961127,
                    2.337304878444376,
                    0.43206862193909057
                ],
                [
                    1.196486724256946,
                    2.2863384938961127,
                    2.337304878444376,
                    0.43206862193909057
                ]
            ]
        ],
        "approximation_ratio": 1.0,
        "circuit_depth": 8,
        "num_parameters": 0,
        "optimization_history": {
            "fun": [
                -0.962890625,
                -3.927734375,
                -2.263671875,
                -2.00390625,
                -0.615234375,
                -1.865234375,
                -2.298828125,
                -2.923828125,
                -3.810546875,
                -3.884765625,
                -3.916015625,
                -3.849609375,
                -3.86328125,
                -3.7890625,
                -3.9375,
                -3.94921875,
                -3.958984375,
                -3.9375,
                -3.9296875,
                -3.939453125,
                -3.943359375,
                -3.91796875,
                -3.9296875,
                -3.986328125,
                -3.978515625,
                -3.97265625,
                -3.94921875,
                -3.94921875,
                -3.95703125,
                -3.958984375,
                -3.96875,
                -3.9609375,
                -3.958984375,
                -3.94921875,
                -3.9609375,
                -3.9609375,
                -3.94140625,
                -3.9609375,
                -3.974609375,
                -3.95703125,
                -3.94921875
            ],