{
    "exact_max_cut_value": 4,
    "graph_metadata": {
        "density_edges": 0.5,
        "filepath": "data/generated_graphs/graph_n4_d0.50_id8.gpickle",
        "id": 8,
        "n_vertices": 4,
        "seed": 806847
    },
    "metrics": {
        "all_trajectories": [
            [
                [
                    1.776370060051862,
                    5.379905141348428
                ],
                [
                    2.776370060051862,
                    6.379905141348428
                ],
                [
                    2.782088184794539,
                    6.504774285052656
                ],
                [
                    2.782088184794539,
                    6.504774285052656
                ],
                [
                    2.782088184794539,
                    6.504774285052656
                ],
                [
                    2.782088184794539,
                    6.504774285052656
                ],
                [
                    2.782088184794539,
                    6.504774285052656
                ],
                [
                    2.782088184794539,
                    6.504774285052656
                ],
                [
                    2.782088184794539,
                    6.504774285052656
                ],
                [
                    2.782088184794539,
                    6.504774285052656
                ],
                [
                    2.7815890292426593,
                    6.504803332170026
                ],
                [
                    2.7815890292426593,
                    6.504803332170026
                ],
                [
                    2.7813380845138993,
                    6.504370866283385
                ],
                [
                    2.7813380845138993,
                    6.504370866283385
                ],
                [
                    2.7813380845138993,
                    6.504370866283385
                ],
                [
                    2.7813380845138993,
                    6.504370866283385
                ],
                [
                    2.7813380845138993,
                    6.504370866283385
                ]
            ]
        ],
        "approximation_ratio": 1.0,
        "circuit_depth": 6,
        "num_parameters": 0,
        "optimization_history": {
            "fun": [
                -2.529296875,
                -2.837890625,
                -2.93359375,
                -0.9658203125,
                -2.1943359375,
                -3.212890625,
                -3.0498046875,
                -3.2021484375,
                -3.1650390625,
                -3.1103515625,
                -3.20703125,
                -3.1728515625,
                -3.1650390625,
                -3.185546875,
                -3.138671875,
                -3.1845703125,
                -3.1904296875,
                -3.2158203125,
                -3.2060546875,
                -3.224609375,
                -3.189453125,
                -3.1845703125,
                -3.2080078125,
                -3.181640625,
                -3.1904296875,
                -3.193359375,
                -3.2138671875
            ],
            "params": [
                [
                    1.776370060051862,
                    5.379905141348428
                ],
                [
                    2.776370060051862,
                    5.379905141348428
                ],
                [
                    2.776370060051862,
                    6.379905141348428
                ],
                [
                    3.731493186339489,
                    6.676114212159148
                ],
                [
                    2.2768934852349494,
                    6.402777640319135
                ],
                [
                    2.782088184794539,
                    6.504774285052656
                ],
                [
                    2.9294403143079615,
                    6.7067330677977
                ],
                [
                    2.732140527312848,
                    6.507061534949727
                ],
                [
                    2.7962029042008765,
                    6.603773147147533
                ],
                [
                    2.7996585603020407,
                    6.457963154917555
                ],
                [
                    2.785526664531123,
                    6.52953669319688
                ],
                [
                    2.788171106706247,
                    6.496837153264909
                ],
                [
                    2.7781196189006656,
                    6.501732824096803
                ],
                [
                    2.7870626245588697,
                    6.513449246091822
                ],
                [
                    2.7770966292757397,
                    6.505064756226344
                ],
                [
                    2.782015567001117,
                    6.503526396172957
                ],
                [
                    2.7835774204621293,
                    6.506782313221378
                ],
                [
                    2.7815890292426593,
                    6.504803332170026
                ],
                [
                    2.7813953130452407,
                    6.505784389780392
                ],
                [
                    2.7813380845138993,
                    6.504370866283385
                ],
                [
                    2.7809533283700523,
                    6.503447848022584
                ],
                [
                    2.781023473532617,
                    6.504759479111862
                ],
                [
                    2.7814193992716394,
                    6.504134460043676
                ],
                [
                    2.7812908032659576,
                    6.504354603331837
                ],
                [
                    2.7814298600530596,
                    6.504410580895455
                ],
                [
                    2.7813182272078643,
                    6.504416754052965
                ],
                [
                    2.78132889393197,
                    6.504271289512983
                ]
            ]
        },
        "optimization_iterations": 27,
        "qaoa_cut_value": 4,
        "termination_reason": "Return from COBYLA because the trust region radius reaches its lower bound.",
        "total_shots": 1024,