{
    "exact_max_cut_value": 3,
    "graph_metadata": {
        "density_edges": 0.5,
        "filepath": "data/generated_graphs/graph_n4_d0.50_id5.gpickle",
        "id": 5,
        "n_vertices": 4,
        "seed": 687730
    },
    "metrics": {
        "all_trajectories": [
            [
                [
                    4.79781564623458,
                    6.161453307494123
                ],
                [
                    5.79781564623458,
                    7.161453307494123
                ],
                [
                    5.79781564623458,
                    7.161453307494123
                ],
                [
                    5.731720567358,
                    6.920348681764341
                ],
                [
                    5.538895307735864,
                    6.4590262140135755
                ],
                [
                    5.538895307735864,
                    6.4590262140135755
                ],
                [
                    5.535255842042158,
                    6.558959963515255
                ],
                [
                    5.472658882047197,
                    6.636944709455658
                ],
                [
                    5.472658882047197,
                    6.636944709455658
                ],
                [
                    5.37594735026312,
                    6.611510881195299
                ],
                [
                    5.37594735026312,
                    6.611510881195299
                ],
                [
                    5.334738660649498,
                    6.702625336142515
                ],
                [
                    5.334738660649498,
                    6.702625336142515
                ],
                [
                    5.334738660649498,
                    6.702625336142515
                ],
                [
                    5.334738660649498,
                    6.702625336142515
                ],
                [
                    5.334738660649498,
                    6.702625336142515
                ],
                [
                    5.334738660649498,
                    6.702625336142515
                ],
                [
                    5.334738660649498,
                    6.702625336142515
                ],
                [
                    5.334738660649498,
                    6.702625336142515
                ],
                [
                    5.334738660649498,
                    6.702625336142515
                ],
                [
                    5.334738660649498,
                    6.702625336142515
                ],
                [
                    5.334738660649498,
                    6.702625336142515
                ],
                [
                    5.334738660649498,
                    6.702625336142515
                ],
                [
                    5.334738660649498,
                    6.702625336142515
                ],
                [
                    5.334738660649498,
                    6.702625336142515
                ]
            ]
        ],
        "approximation_ratio": 1.0,
        "circuit_depth": 8,
        "num_parameters": 0,
        "optimization_history": {
            "fun": [
                -1.177734375,
                -1.3271484375,
                -1.5791015625,
                -1.498046875,
                -1.5732421875,
                -1.8310546875,
                -1.8525390625,
                -1.5869140625,
                -1.7607421875,
                -1.9453125,
                -2.029296875,
                -2.0087890625,
                -2.068359375,
                -2.0634765625,
                -2.0107421875,
                -2.1875,
                -2.0615234375,
                -2.0771484375,
                -2.091796875,
                -2.12109375,
                -2.130859375,
                -2.1376953125,
                -2.091796875,
                -2.1494140625,
                -2.0849609375,
                -2.1298828125,
                -2.1845703125,
                -2.0947265625,
                -2.1103515625,
                -2.1162109375,
                -2.1640625,
                -2.1142578125,
                -2.1201171875,
                -2.1337890625,
                -2.0751953125
            ],