{
    "exact_max_cut_value": 4,
    "graph_metadata": {
        "density_edges": 0.75,
        "filepath": "data/generated_graphs/graph_n4_d0.75_id2.gpickle",
        "id": 2,
        "n_vertices": 4,
        "seed": 363457
    },
    "metrics": {
        "all_trajectories": [
            [
                [
                    4.769370327423337,
                    0.22933984199565471,
                    4.2131239985782,
                    5.1711639692708005
                ],
                [
                    4.769370327423337,
                    0.22933984199565471,
                    4.2131239985782,
                    5.1711639692708005
                ],
                [
                    4.769370327423337,
                    0.22933984199565471,
                    4.2131239985782,
                    5.1711639692708005
                ],
                [
                    4.799952525304086,
                    0.18978318424019344,
                    4.2131239985782,
                    5.1711639692708005
                ],
                [
                    4.798442422322186,
                    0.18861568751945762,
                    4.2161336554378925,
                    5.121291145950098
                ],
                [
                    4.798442422322186,
                    0.18861568751945762,
                    4.2161336554378925,
                    5.121291145950098
                ],
                [
                    4.794285326646666,
                    0.1842972797541645,
                    4.118833706534524,
                    5.099002362822274
                ],
                [
                    4.794285326646666,
                    0.1842972797541645,
                    4.118833706534524,
                    5.099002362822274
                ],
                [
                    4.794285326646666,
                    0.1842972797541645,
                    4.118833706534524,
                    5.099002362822274
                ],
                [
                    4.794285326646666,
                    0.1842972797541645,
                    4.118833706534524,
                    5.099002362822274
                ],
                [
                    4.792614512239412,
                    0.186473619176412,
                    4.128435009153137,
                    5.098466719320035
                ],
                [
                    4.792614512239412,
                    0.186473619176412,
                    4.128435009153137,
                    5.098466719320035
                ],
                [
                    4.792614512239412,
                    0.186473619176412,
                    4.128435009153137,
                    5.098466719320035
                ],
                [
                    4.792614512239412,
                    0.186473619176412,
                    4.128435009153137,
                    5.098466719320035
                ],
                [
                    4.792614512239412,
                    0.186473619176412,
                    4.128435009153137,
                    5.098466719320035
                ],
                [
                    4.792614512239412,
                    0.186473619176412,
                    4.128435009153137,
                    5.098466719320035
                ],
                [
                    4.792614512239412,
                    0.186473619176412,
                    4.128435009153137,
                    5.098466719320035
                ],
                [
                    4.792614512239412,
                    0.186473619176412,
                    4.128435009153137,
                    5.098466719320035
                ],
                [
                    4.792614512239412,
                    0.186473619176412,
                    4.128435009153137,
                    5.098466719320035
                ],
                [
                    4.792614512239412,
                    0.186473619176412,
                    4.128435009153137,
                    5.098466719320035
                ],
                [
                    4.792614512239412,
                    0.186473619176412,
                    4.128435009153137,
                    5.098466719320035
                ]
            ]
        ],
        "approximation_ratio": 1.0,
        "circuit_depth": 21,
        "num_parameters": 0,
        "optimization_history": {
            "fun": [
                -3.8798828125,
                -3.3203125,
                -3.447265625,
                -2.6298828125,
                -3.7470703125,
                -3.2724609375,
                -2.9619140625,
                -3.3525390625,
                -3.880859375,
                -3.830078125,
                -3.8994140625,
                -3.7060546875,
                -3.923828125,
                -3.7783203125,
                -3.869140625,
                -3.8876953125,
                -3.9052734375,
                -3.8779296875,
                -3.9443359375,
                -3.935546875,
                -3.9130859375,
                -3.9111328125,
                -3.890625,
                -3.9287109375,
                -3.8876953125,
                -3.8876953125,
                -3.884765625,
                -3.87109375,
                -3.9365234375,
                -3.9296875,
                -3.912109375,
                -3.892578125,
                -3.919921875,
                -3.931640625,
                -3.9013671875,
                -3.8984375,
                -3.919921875,
                -3.8671875
            ],