{
    "exact_max_cut_value": 2,
    "graph_metadata": {
        "density_edges": 0.1,
        "filepath": "data/generated_graphs/graph_n4_d0.10_id4.gpickle",
        "id": 4,
        "n_vertices": 4,
        "seed": 604751
    },
    "metrics": {
        "all_trajectories": [
            [
                [
                    0.7300823055885645,
                    4.510674915942905
                ],
                [
                    0.7300823055885645,
                    5.510674915942905
                ],
                [
                    0.7300823055885645,
                    5.510674915942905
                ],
                [
                    0.4822056207380715,
                    5.5431887454240565
                ],
                [
                    0.4822056207380715,
                    5.5431887454240565
                ],
                [
                    0.4325258543372117,
                    5.54883859589606
                ],
                [
                    0.4325258543372117,
                    5.54883859589606
                ],
                [
                    0.4325258543372117,
                    5.54883859589606
                ],
                [
                    0.4092320624573673,
                    5.539761192089988
                ],
                [
                    0.4092320624573673,
                    5.539761192089988
                ],
                [
                    0.4092320624573673,
                    5.539761192089988
                ],
                [
                    0.4092320624573673,
                    5.539761192089988
                ],
                [
                    0.4092320624573673,
                    5.539761192089988
                ],
                [
                    0.4092320624573673,
                    5.539761192089988
                ],
                [
                    0.4092320624573673,
                    5.539761192089988
                ],
                [
                    0.4092320624573673,
                    5.539761192089988
                ],
                [
                    0.4092320624573673,
                    5.539761192089988
                ],
                [
                    0.4092320624573673,
                    5.539761192089988
                ],
                [
                    0.4092320624573673,
                    5.539761192089988
                ]
            ]
        ],
        "approximation_ratio": 1.0,
        "circuit_depth": 3,
        "num_parameters": 0,
        "optimization_history": {
            "fun": [
                -0.892578125,
                -0.724609375,
                -1.21484375,
                -0.775390625,
                -0.0439453125,
                -1.927734375,
                -0.9375,
                -1.8671875,
                -1.298828125,
                -1.974609375,
                -1.9736328125,
                -1.974609375,
                -1.9677734375,
                -1.9990234375,
                -1.9951171875,
                -1.9921875,
                -1.9931640625,
                -1.9970703125,
                -1.9921875,
                -1.9921875,
                -1.9970703125,
                -1.9931640625,
                -1.9931640625,
                -1.9951171875,
                -1.9921875,
                -1.994140625,
                -1.9970703125,
                -1.9931640625,
                -1.99609375,
                -1.9970703125,
                -1.990234375,
                -1.9951171875
            ],
            "params": [
                [
                    0.7300823055885645,
                    4.510674915942905
                ],
                [
                    1.7300823055885646,
                    4.510674915942905
                ],
                [
                    0.7300823055885645,
                    5.510674915942905
                ],
                [
                    0.26788368260969625,
                    6.397451343751199
                ],
                [
                    1.2198589866619949,
                    5.611267175469647
                ],
                [
                    0.4822056207380715,
                    5.5431887454240565
                ],
                [
                    -0.014592043270526489,
                    5.599687250144095
                ],
                [
                    0.49633024691808114,
                    5.667388161426206
                ],
                [
                    0.7167814022103429,
                    5.4567352738530825
                ],
                [
                    0.4325258543372117,
                    5.54883859589606
                ],
                [
                    0.339065481989408,
                    5.5132695250534045
                ],
                [
                    0.4506806619493563,
                    5.502251012136371
                ],
                [
                    0.4441727502771339,
                    5.553377297799097
                ],
                [
                    0.4092320624573673,
                    5.539761192089988
                ],
                [
                    0.3626444786976786,
                    5.521606384477844
                ],
                [
                    0.40366633719490413,
                    5.564133773042829
                ],
                [
                    0.4141065786479355,
                    5.540874337142481
                ],
                [
                    0.40024393201429376,
                    5.535377870160413
                ],
                [
                    0.4114237234221549,
                    5.535267126868451
                ],
                [
                    0.4061639087299278,
                    5.549278882603175
                ],
                [
                    0.41252592124882925,
                    5.535999477818288
                ],
                [
                    0.41017249102529224,
                    5.540584656787853
                ],
                [
                    0.40722093221481787,
                    5.538276148269927
                ],
                [
                    0.40893505369335503,
                    5.540163418138498
                ],
                [
                    0.4100321856687094,
                    5.539161356406928
                ],
                [
                    0.40953198029889715,
                    5.540161253695659
                ],
                [
                    0.4082818173861828,
                    5.539449688791948
                ],
                [
                    0.40917304646972646,
                    5.540257696987449
                ],
                [
                    0.40935618868173257,
                    5.539775946086898
                ],
                [
                    0.4090232150930029,
                    5.539623777467774
                ],
                [
                    0.40922616085860325,
                    5.539810842579734
                ],
                [
                    0.4092306381292161,
                    5.539661202234056
                ]
            ]
        },
        "optimization_iterations": 32,
        "qaoa_cut_value": 2,
        "termination_reason": "Return from COBYLA because the trust region radius reaches its lower bound.",
        "total_shots": 1024,