{
    "exact_max_cut_value": 3,
    "graph_metadata": {
        "density_edges": 0.5,
        "filepath": "data/generated_graphs/graph_n4_d0.50_id6.gpickle",
        "id": 6,
        "n_vertices": 4,
        "seed": 587759
    },
    "metrics": {
        "all_trajectories": [
            [
                [
                    6.242366205674343,
                    1.5400079918625984
                ],
                [
                    7.242366205674343,
                    2.5400079918625984
                ],
                [
                    7.242366205674343,
                    2.5400079918625984
                ],
                [
                    7.27704079983842,
                    2.787591659578295
                ],
                [
                    7.27704079983842,
                    2.787591659578295
                ],
                [
                    7.344145414936876,
                    2.713450101512066
                ],
                [
                    7.344145414936876,
                    2.713450101512066
                ],
                [
                    7.344145414936876,
                    2.713450101512066
                ],
                [
                    7.344145414936876,
                    2.713450101512066
                ],
                [
                    7.344145414936876,
                    2.713450101512066
                ],
                [
                    7.344145414936876,
                    2.713450101512066
                ],
                [
                    7.344145414936876,
                    2.713450101512066
                ],
                [
                    7.344145414936876,
                    2.713450101512066
                ],
                [
                    7.344145414936876,
                    2.713450101512066
                ],
                [
                    7.344145414936876,
                    2.713450101512066
                ],
                [
                    7.344268483684672,
                    2.7144424996596435
                ],
                [
                    7.344268483684672,
                    2.7144424996596435
                ],
                [
                    7.344268483684672,
                    2.7144424996596435
                ],
                [
                    7.344268483684672,
                    2.7144424996596435
                ],
                [
                    7.344268483684672,
                    2.7144424996596435
                ]
            ]
        ],
        "approximation_ratio": 1.0,
        "circuit_depth": 9,
        "num_parameters": 0,
        "optimization_history": {
            "fun": [
                -1.5009765625,
                -1.5478515625,
                -2.0537109375,
                -0.83984375,
                -1.779296875,
                -1.9228515625,
                -2.10546875,
                -1.9384765625,
                -2.0947265625,
                -2.19921875,
                -2.13671875,
                -2.1279296875,
                -2.189453125,
                -2.16015625,
                -2.193359375,
                -2.166015625,
                -2.1513671875,
                -2.177734375,
                -2.1728515625,
                -2.1220703125,
                -2.1787109375,
                -2.181640625,
                -2.1376953125,
                -2.224609375,
                -2.12890625,
                -2.1640625,
                -2.169921875,
                -2.1572265625,
                -2.185546875,
                -2.1298828125,
                -2.1484375
            ],
            "params": [
                [
                    6.242366205674343,
                    1.5400079918625984
                ],
                [
                    7.242366205674343,
                    1.5400079918625984
                ],
                [
                    7.242366205674343,
                    2.5400079918625984
                ],
                [
                    7.334635005870943,
                    3.53574212731758
                ],
                [
                    7.648721031380591,
                    2.2486735523858257
                ],
                [
                    7.1695325958051495,
                    2.4384192854360367
                ],
                [
                    7.27704079983842,
                    2.787591659578295
                ],
                [
                    7.060583350171608,
                    2.912676320843135
                ],
                [
                    7.302057732091388,
                    2.8308831495116573
                ],
                [
                    7.344145414936876,
                    2.713450101512066
                ],
                [
                    7.489875827147451,
                    2.576473289763011
                ],
                [
                    7.266998989008981,
                    2.6498228356070173
                ],
                [
                    7.391528170987651,
                    2.6974853143530484
                ],
                [
                    7.3481366117266305,
                    2.7252957905247595
                ],
                [
                    7.334700738884504,
                    2.6903027886169206
                ],
                [
                    7.340772817238063,
                    2.722864217761718
                ],
                [
                    7.348852473061703,
                    2.715136400361472
                ],
                [
                    7.336356811825471,
                    2.7071781272158004
                ],
                [
                    7.348699107662469,
                    2.7113851844287713
                ],
                [
                    7.343218706806959,
                    2.7157719998823535
                ],
                [
                    7.343681035262819,
                    2.713264759886082
                ],
                [
                    7.345110434431358,
                    2.713187923375542
                ],
                [
                    7.344014325868614,
                    2.712967591764825
                ],
                [
                    7.344268483684672,
                    2.7144424996596435
                ],
                [
                    7.3438934598290455,
                    2.715369514820097
                ],
                [
                    7.344768393120306,
                    2.7144329835593948
                ],
                [
                    7.344031546822411,
                    2.714522255056337
                ],
                [
                    7.344284434764011,
                    2.7144898870320957
                ],
                [
                    7.344252178653835,
                    2.714343837884019
                ],
                [
                    7.344317814572484,
                    2.7144343471442247
                ],
                [
                    7.344175147106761,
                    2.714478392322178
                ]
            ]
        },
        "optimization_iterations": 31,
        "qaoa_cut_value": 3,
        "termination_reason": "Return from COBYLA because the trust region radius reaches its lower bound.",
        "total_shots": 1024,