{
    "exact_max_cut_value": 3,
    "graph_metadata": {
        "density_edges": 0.75,
        "filepath": "data/generated_graphs/graph_n4_d0.75_id7.gpickle",
        "id": 7,
        "n_vertices": 4,
        "seed": 259139
    },
    "metrics": {
        "all_trajectories": [
            [
                [
                    5.301822100645153,
                    4.312367337520874
                ],
                [
                    6.301822100645153,
                    5.312367337520874
                ],
                [
                    6.309950572075337,
                    5.437102769344429
                ],
                [
                    6.559484340347603,
                    5.452363781494453
                ],
                [
                    6.559484340347603,
                    5.452363781494453
                ],
                [
                    6.608678672881956,
                    5.461303448518428
                ],
                [
                    6.608678672881956,
                    5.461303448518428
                ],
                [
                    6.608678672881956,
                    5.461303448518428
                ],
                [
                    6.608678672881956,
                    5.461303448518428
                ],
                [
                    6.608678672881956,
                    5.461303448518428
                ],
                [
                    6.608678672881956,
                    5.461303448518428
                ],
                [
                    6.608678672881956,
                    5.461303448518428
                ],
                [
                    6.608678672881956,
                    5.461303448518428
                ],
                [
                    6.608678672881956,
                    5.461303448518428
                ],
                [
                    6.608678672881956,
                    5.461303448518428
                ],
                [
                    6.608678672881956,
                    5.461303448518428
                ],
                [
                    6.608678672881956,
                    5.461303448518428
                ],
                [
                    6.608678672881956,
                    5.461303448518428
                ],
                [
                    6.608612700048223,
                    5.461378598935654
                ],
                [
                    6.608612700048223,
                    5.461378598935654
                ]
            ]
        ],
        "approximation_ratio": 1.0,
        "circuit_depth": 5,
        "num_parameters": 0,
        "optimization_history": {
            "fun": [
                -0.939453125,
                -1.5107421875,
                -1.5537109375,
                -0.8994140625,
                -0.7529296875,
                -1.5791015625,
                -2.2138671875,
                -1.623046875,
                -2.1240234375,
                -2.2470703125,
                -2.2158203125,
                -2.2109375,
                -2.2265625,
                -2.197265625,
                -2.234375,
                -2.2373046875,
                -2.1669921875,
                -2.2197265625,
                -2.2041015625,
                -2.1943359375,
                -2.2333984375,
                -2.24609375,
                -2.19921875,
                -2.173828125,
                -2.2216796875,
                -2.21484375,
                -2.2470703125,
                -2.1787109375,
                -2.2744140625,
                -2.2119140625,
                -2.2216796875,
                -2.19921875
            ],
            "params": [
                [
                    5.301822100645153,
                    4.312367337520874
                ],
                [
                    6.301822100645153,
                    4.312367337520874
                ],
                [
                    6.301822100645153,
                    5.312367337520874
                ],
                [
                    7.299005496908053,
                    5.387369165615862
                ],
                [
                    5.802880373350934,
                    5.344881223241609
                ],
                [
                    6.309950572075337,
                    5.437102769344429
                ],
                [
                    6.559484340347603,
                    5.452363781494453
                ],
                [
                    7.059428641881872,
                    5.459826714122582
                ],
                [
                    6.514786005227731,
                    5.698335444166217
                ],
                [
                    6.608678672881956,
                    5.461303448518428
                ],
                [
                    6.703718458647533,
                    5.43019976510901
                ],
                [
                    6.593126831177247,
                    5.413783555635639
                ],
                [
                    6.5995050568144515,
                    5.560881783352095
                ],
                [
                    6.565733040120592,
                    5.435697343255697
                ],
                [
                    6.615080199197639,
                    5.450567040328087
                ],
                [
                    6.614573536041977,
                    5.485598521852843
                ],
                [
                    6.598683114767111,
                    5.461601471961738
                ],
                [
                    6.616714852579401,
                    5.467254903455699
                ],
                [
                    6.6037737208821925,
                    5.460333167177777
                ],
                [
                    6.608436102546793,
                    5.462529686518368
                ],
                [
                    6.60964357604956,
                    5.4589971610521415
                ],
                [
                    6.6092990230129285,
                    5.462087773524406
                ],
                [
                    6.608286510378967,
                    5.461613623583914
                ],
                [
                    6.609456627284028,
                    5.460675127781625
                ],
                [
                    6.608282410697753,
                    5.461608368641364
                ],
                [
                    6.608602442851222,
                    5.461204382972377
                ],
                [
                    6.60886654892502,
                    5.461468380602761
                ],
                [
                    6.608711659298822,
                    5.461265873309815
                ],
                [
                    6.608612700048223,
                    5.461378598935654
                ],
                [
                    6.60854672721449,
                    5.46145374935288
                ],
                [
                    6.60857512483961,
                    5.461345612518787
                ],
                [
                    6.608710984424244,
                    5.461397042943631
                ]
            ]
        },
        "optimization_iterations": 32,
        "qaoa_cut_value": 3,
        "termination_reason": "Return from COBYLA because the trust region radius reaches its lower bound.",
        "total_shots": 1024,