{
    "exact_max_cut_value": 3,
    "graph_metadata": {
        "density_edges": 0.1,
        "filepath": "data/generated_graphs/graph_n4_d0.10_id3.gpickle",
        "id": 3,
        "n_vertices": 4,
        "seed": 909845
    },
    "metrics": {
        "all_trajectories": [
            [
                [
                    3.25589629780747,
                    0.8380594174605672,
                    3.7639041773528343,
                    2.0045275293073095
                ],
                [
                    3.25589629780747,
                    1.8380594174605673,
                    3.7639041773528343,
                    2.0045275293073095
                ],
                [
                    3.218507002305984,
                    1.9103889279721757,
                    3.576631155779889,
                    2.4609257084031433
                ],
                [
                    3.17468834225594,
                    1.9951560301650553,
                    3.3571551598087086,
                    2.388643272018507
                ],
                [
                    3.054077369737436,
                    1.9951560301650553,
                    3.3889542557488017,
                    2.3968170597288307
                ],
                [
                    3.054077369737436,
                    1.9951560301650553,
                    3.3889542557488017,
                    2.3968170597288307
                ],
                [
                    3.054077369737436,
                    1.9951560301650553,
                    3.3889542557488017,
                    2.3968170597288307
                ],
                [
                    3.054077369737436,
                    1.9951560301650553,
                    3.3889542557488017,
                    2.3968170597288307
                ],
                [
                    3.054077369737436,
                    1.9951560301650553,
                    3.3889542557488017,
                    2.3968170597288307
                ],
                [
                    3.054077369737436,
                    1.9951560301650553,
                    3.3889542557488017,
                    2.3968170597288307
                ],
                [
                    3.054077369737436,
                    1.9951560301650553,
                    3.3889542557488017,
                    2.3968170597288307
                ],
                [
                    3.054077369737436,
                    1.9951560301650553,
                    3.3889542557488017,
                    2.3968170597288307
                ],
                [
                    3.054077369737436,
                    1.9951560301650553,
                    3.3889542557488017,
                    2.3968170597288307
                ],
                [
                    3.054077369737436,
                    1.9951560301650553,
                    3.3889542557488017,
                    2.3968170597288307
                ],
                [
                    3.054077369737436,
                    1.9951560301650553,
                    3.3889542557488017,
                    2.3968170597288307
                ],
                [
                    3.054077369737436,
                    1.9951560301650553,
                    3.3889542557488017,
                    2.3968170597288307
                ],
                [
                    3.054077369737436,
                    1.9951560301650553,
                    3.3889542557488017,
                    2.3968170597288307
                ],
                [
                    3.054077369737436,
                    1.9951560301650553,
                    3.3889542557488017,
                    2.3968170597288307
                ],
                [
                    3.054077369737436,
                    1.9951560301650553,
                    3.3889542557488017,
                    2.3968170597288307
                ]
            ]
        ],
        "approximation_ratio": 1.0,
        "circuit_depth": 9,
        "num_parameters": 0,
        "optimization_history": {
            "fun": [
                -1.515625,
                -1.2919921875,
                -1.9482421875,
                -0.828125,
                -0.7001953125,
                -0.8515625,
                -2.029296875,
                -2.265625,
                -1.9775390625,
                -2.462890625,
                -2.056640625,
                -2.4228515625,
                -2.400390625,
                -2.3486328125,
                -2.3125,
                -2.4169921875,
                -2.38671875,
                -2.384765625,
                -2.4287109375,
                -2.3876953125,
                -2.341796875,
                -2.4052734375,
                -2.43359375,
                -2.369140625,
                -2.376953125,
                -2.37109375,
                -2.3974609375,
                -2.390625,
                -2.3876953125,
                -2.3876953125,
                -2.388671875,
                -2.4033203125,
                -2.3544921875,
                -2.400390625,
                -2.3671875,
                -2.4091796875
            ],