{
    "exact_max_cut_value": 3,
    "graph_metadata": {
        "density_edges": 0.1,
        "filepath": "data/generated_graphs/graph_n4_d0.10_id3.gpickle",
        "id": 3,
        "n_vertices": 4,
        "seed": 909845
    },
    "metrics": {
        "all_trajectories": [
            [
                [
                    4.013986763899792,
                    2.1311514794629933
                ],
                [
                    3.314523716331663,
                    3.8458202454565167
                ],
                [
                    3.314523716331663,
                    3.8458202454565167
                ],
                [
                    3.314523716331663,
                    3.8458202454565167
                ],
                [
                    3.314523716331663,
                    3.8458202454565167
                ],
                [
                    3.5608016714408968,
                    3.8887989474752427
                ],
                [
                    3.8000267460441357,
                    3.9614031049393628
                ],
                [
                    4.2409884967196145,
                    3.72570682910706
                ],
                [
                    4.2409884967196145,
                    3.72570682910706
                ],
                [
                    4.361478091228293,
                    3.692431348417307
                ],
                [
                    4.51047559155835,
                    3.491683384802742
                ],
                [
                    4.594496806003539,
                    3.5459091676293246
                ],
                [
                    4.594496806003539,
                    3.5459091676293246
                ],
                [
                    4.594496806003539,
                    3.5459091676293246
                ],
                [
                    4.594496806003539,
                    3.5459091676293246
                ],
                [
                    4.594496806003539,
                    3.5459091676293246
                ],
                [
                    4.586207998532046,
                    3.551503420993316
                ],
                [
                    4.586207998532046,
                    3.551503420993316
                ],
                [
                    4.586207998532046,
                    3.551503420993316
                ],
                [
                    4.586207998532046,
                    3.551503420993316
                ],
                [
                    4.586207998532046,
                    3.551503420993316
                ],
                [
                    4.586207998532046,
                    3.551503420993316
                ],
                [
                    4.586207998532046,
                    3.551503420993316
                ],
                [
                    4.586207998532046,
                    3.551503420993316
                ],
                [
                    4.586207998532046,
                    3.551503420993316
                ],
                [
                    4.586207998532046,
                    3.551503420993316
                ]
            ]
        ],
        "approximation_ratio": 1.0,
        "circuit_depth": 9,
        "num_parameters": 0,
        "optimization_history": {
            "fun": [
                -1.4267578125,
                -1.3818359375,
                -1.47265625,
                -1.59765625,
                -1.5107421875,
                -1.4873046875,
                -1.31640625,
                -1.59375,
                -1.6416015625,
                -1.708984375,
                -2.05078125,
                -1.12890625,
                -1.5537109375,
                -2.2099609375,
                -2.2412109375,
                -2.26953125,
                -2.2646484375,
                -2.26171875,
                -2.263671875,
                -2.23828125,
                -2.2587890625,
                -2.3125,
                -2.2626953125,
                -2.275390625,
                -2.2900390625,
                -2.2626953125,
                -2.244140625,
                -2.26953125,
                -2.283203125,
                -2.3076171875,
                -2.2626953125,
                -2.279296875,
                -2.2587890625,
                -2.265625,
                -2.259765625,
                -2.2646484375
            ],