{
    "exact_max_cut_value": 10,
    "graph_metadata": {
        "density_edges": 0.5,
        "filepath": "data/generated_graphs/graph_n8_d0.50_id9.gpickle",
        "id": 9,
        "n_vertices": 8,
        "seed": 450518
    },
    "metrics": {
        "all_trajectories": [
            [
                [
                    5.607871183868705,
                    2.733107413182622
                ],
                [
                    6.607871183868705,
                    2.733107413182622
                ],
                [
                    6.607871183868705,
                    2.733107413182622
                ],
                [
                    6.661407584431495,
                    2.9773078509684305
                ],
                [
                    6.661407584431495,
                    2.9773078509684305
                ],
                [
                    6.619282833147986,
                    2.886613279304507
                ],
                [
                    6.619282833147986,
                    2.886613279304507
                ],
                [
                    6.619282833147986,
                    2.886613279304507
                ],
                [
                    6.631538263420509,
                    2.884152704405153
                ],
                [
                    6.6305540334607675,
                    2.879250532296144
                ],
                [
                    6.6305540334607675,
                    2.879250532296144
                ],
                [
                    6.6305540334607675,
                    2.879250532296144
                ],
                [
                    6.6305540334607675,
                    2.879250532296144
                ],
                [
                    6.6305540334607675,
                    2.879250532296144
                ],
                [
                    6.6305540334607675,
                    2.879250532296144
                ],
                [
                    6.6305540334607675,
                    2.879250532296144
                ],
                [
                    6.6305540334607675,
                    2.879250532296144
                ],
                [
                    6.630640237652102,
                    2.879301215995657
                ],
                [
                    6.630647462029251,
                    2.879400954696144
                ]
            ]
        ],
        "approximation_ratio": 1.0,
        "circuit_depth": 9,
        "num_parameters": 0,
        "optimization_history": {
            "fun": [
                -4.6845703125,
                -7.984375,
                -5.6337890625,
                -6.0224609375,
                -6.3017578125,
                -8.015625,
                -7.91015625,
                -7.806640625,
                -8.357421875,
                -7.7333984375,
                -8.0947265625,
                -8.306640625,
                -8.373046875,
                -8.3291015625,
                -8.3837890625,
                -8.37109375,
                -8.326171875,
                -8.365234375,
                -8.357421875,
                -8.3544921875,
                -8.3466796875,
                -8.3388671875,
                -8.35546875,
                -8.357421875,
                -8.3974609375,
                -8.4111328125,
                -8.3603515625
            ],
            "params": [
                [
                    5.607871183868705,
                    2.733107413182622
                ],
                [
                    6.607871183868705,
                    2.733107413182622
                ],
                [
                    6.607871183868705,
                    3.733107413182622
                ],
                [
                    7.422353164684706,
                    2.1529185620952846
                ],
                [
                    6.174543852510572,
                    2.483653161068054
                ],
                [
                    6.661407584431495,
                    2.9773078509684305
                ],
                [
                    6.759652231830116,
                    2.958653380793146
                ],
                [
                    6.670734819519137,
                    3.026430174667741
                ],
                [
                    6.619282833147986,
                    2.886613279304507
                ],
                [
                    6.52328672385037,
                    2.7111574529557645
                ],
                [
                    6.550575725363742,
                    2.959272300354369
                ],
                [
                    6.609440533550571,
                    2.8375915582144158
                ],
                [
                    6.631538263420509,
                    2.884152704405153
                ],
                [
                    6.653664726214467,
                    2.8957896990441316
                ],
                [
                    6.6305540334607675,
                    2.879250532296144
                ],
                [
                    6.633783140148235,
                    2.8697862378163133
                ],
                [
                    6.634716779051632,
                    2.882020288448902
                ],
                [
                    6.629861594422578,
                    2.88029121869386
                ],
                [
                    6.630371623541665,
                    2.876757195852458
                ],
                [
                    6.631534273780415,
                    2.879448342598551
                ],
                [
                    6.629982196412085,
                    2.878430165067548
                ],
                [
                    6.63103549160434,
                    2.879385432466594
                ],
                [
                    6.63058775850338,
                    2.8791301677602505
                ],
                [
                    6.630402594424485,
                    2.8794494448857146
                ],
                [
                    6.630640237652102,
                    2.879301215995657
                ],
                [
                    6.630647462029251,
                    2.879400954696144
                ],
                [
                    6.630700223972282,
                    2.879485902782453
                ]
            ]
        },
        "optimization_iterations": 27,
        "qaoa_cut_value": 10,
        "termination_reason": "Return from COBYLA because the trust region radius reaches its lower bound.",
        "total_shots": 1024,