{
    "exact_max_cut_value": 3,
    "graph_metadata": {
        "density_edges": 0.25,
        "filepath": "data/generated_graphs/graph_n4_d0.25_id6.gpickle",
        "id": 6,
        "n_vertices": 4,
        "seed": 381302
    },
    "metrics": {
        "all_trajectories": [
            [
                [
                    1.7083012316326076,
                    5.184847734805983
                ],
                [
                    2.708301231632608,
                    5.184847734805983
                ],
                [
                    2.811466933882773,
                    5.114265599111246
                ],
                [
                    2.7268674118822087,
                    4.87901483741795
                ],
                [
                    2.7268674118822087,
                    4.87901483741795
                ],
                [
                    2.6293859880222703,
                    4.901316675957384
                ],
                [
                    2.6293859880222703,
                    4.901316675957384
                ],
                [
                    2.6293859880222703,
                    4.901316675957384
                ],
                [
                    2.6293859880222703,
                    4.901316675957384
                ],
                [
                    2.627795298758286,
                    4.926266018787716
                ],
                [
                    2.627795298758286,
                    4.926266018787716
                ],
                [
                    2.627795298758286,
                    4.926266018787716
                ],
                [
                    2.627795298758286,
                    4.926266018787716
                ],
                [
                    2.627795298758286,
                    4.926266018787716
                ],
                [
                    2.627795298758286,
                    4.926266018787716
                ],
                [
                    2.627795298758286,
                    4.926266018787716
                ],
                [
                    2.627795298758286,
                    4.926266018787716
                ],
                [
                    2.627795298758286,
                    4.926266018787716
                ],
                [
                    2.627795298758286,
                    4.926266018787716
                ],
                [
                    2.627821177775228,
                    4.926169425431412
                ],
                [
                    2.627821177775228,
                    4.926169425431412
                ]
            ]
        ],
        "approximation_ratio": 1.0,
        "circuit_depth": 4,
        "num_parameters": 0,
        "optimization_history": {
            "fun": [
                -1.47265625,
                -1.60546875,
                -1.2421875,
                -1.46875,
                -1.185546875,
                -1.6328125,
                -1.6572265625,
                -1.486328125,
                -1.673828125,
                -1.58984375,
                -1.6591796875,
                -1.599609375,
                -1.6376953125,
                -1.685546875,
                -1.673828125,
                -1.611328125,
                -1.6337890625,
                -1.607421875,
                -1.6474609375,
                -1.666015625,
                -1.6181640625,
                -1.658203125,
                -1.626953125,
                -1.646484375,
                -1.5986328125,
                -1.64453125,
                -1.6796875,
                -1.634765625,
                -1.6416015625,
                -1.6923828125,
                -1.6435546875,
                -1.64453125
            ],
            "params": [
                [
                    1.7083012316326076,
                    5.184847734805983
                ],
                [
                    2.708301231632608,
                    5.184847734805983
                ],
                [
                    2.708301231632608,
                    6.184847734805983
                ],
                [
                    3.051665515020642,
                    4.245645430244595
                ],
                [
                    2.9906297744115546,
                    5.597510543806644
                ],
                [
                    2.811466933882773,
                    5.114265599111246
                ],
                [
                    2.7268674118822087,
                    4.87901483741795
                ],
                [
                    2.9013597400115834,
                    4.699982920084781
                ],
                [
                    2.6293859880222703,
                    4.901316675957384
                ],
                [
                    2.5317051322280713,
                    4.879905220815033
                ],
                [
                    2.644675669801181,
                    5.000140891770613
                ],
                [
                    2.5864510316261424,
                    4.875692673161907
                ],
                [
                    2.6357919887211394,
                    4.890582936858352
                ],
                [
                    2.627795298758286,
                    4.926266018787716
                ],
                [
                    2.651003955033869,
                    4.935558934039769
                ],
                [
                    2.6259367157078755,
                    4.930907750042833
                ],
                [
                    2.631217596901262,
                    4.916869855984711
                ],
                [
                    2.6230972173567833,
                    4.9245548697162285
                ],
                [
                    2.6356387080244046,
                    4.932469318803366
                ],
                [
                    2.623162491542778,
                    4.928146736018971
                ],
                [
                    2.6273251194504725,
                    4.925107816983839
                ],
                [
                    2.628900614502236,
                    4.928508400803827
                ],
                [
                    2.628243775161508,
                    4.926044955638926
                ],
                [
                    2.626861140785177,
                    4.9266228785378665
                ],
                [
                    2.627616868883211,
                    4.925798939801162
                ],
                [
                    2.628348290922007,
                    4.927099205241556
                ],
                [
                    2.6279384930595953,
                    4.925786962014387
                ],
                [
                    2.628016012093849,
                    4.926383430982588
                ],
                [
                    2.627771816319312,
                    4.926310161454829
                ],
                [
                    2.627821177775228,
                    4.926169425431412
                ],
                [
                    2.6277387968056503,
                    4.926112738785264
                ],
                [
                    2.627920249125118,
                    4.926183022035065
                ]
            ]
        },
        "optimization_iterations": 32,
        "qaoa_cut_value": 3,
        "termination_reason": "Return from COBYLA because the trust region radius reaches its lower bound.",
        "total_shots": 1024,