{
    "exact_max_cut_value": 3,
    "graph_metadata": {
        "density_edges": 0.5,
        "filepath": "data/generated_graphs/graph_n4_d0.50_id1.gpickle",
        "id": 1,
        "n_vertices": 4,
        "seed": 558382
    },
    "metrics": {
        "all_trajectories": [
            [
                [
                    2.2789496045418915,
                    3.286647582726127
                ],
                [
                    3.2789496045418915,
                    3.286647582726127
                ],
                [
                    2.8537538778985363,
                    3.0235723196468527
                ],
                [
                    1.9117722158809602,
                    2.6879079807268464
                ],
                [
                    1.9117722158809602,
                    2.6879079807268464
                ],
                [
                    1.9117722158809602,
                    2.6879079807268464
                ],
                [
                    1.9117722158809602,
                    2.6879079807268464
                ],
                [
                    1.8752842813463175,
                    2.935230908562896
                ],
                [
                    1.8752842813463175,
                    2.935230908562896
                ],
                [
                    1.7753218075056272,
                    2.9379702193611226
                ],
                [
                    1.7753218075056272,
                    2.9379702193611226
                ],
                [
                    1.762193865534239,
                    2.838835678763025
                ],
                [
                    1.762193865534239,
                    2.838835678763025
                ],
                [
                    1.7232580195819642,
                    2.870204451451492
                ],
                [
                    1.7232580195819642,
                    2.870204451451492
                ],
                [
                    1.7232580195819642,
                    2.870204451451492
                ],
                [
                    1.7232580195819642,
                    2.870204451451492
                ],
                [
                    1.7209878227570057,
                    2.865749543329437
                ],
                [
                    1.7164623583680414,
                    2.8568321349579304
                ],
                [
                    1.7164623583680414,
                    2.8568321349579304
                ],
                [
                    1.7164623583680414,
                    2.8568321349579304
                ],
                [
                    1.7164623583680414,
                    2.8568321349579304
                ],
                [
                    1.7164931454851489,
                    2.8569532842601166
                ],
                [
                    1.7164931454851489,
                    2.8569532842601166
                ]
            ]
        ],
        "approximation_ratio": 1.0,
        "circuit_depth": 10,
        "num_parameters": 0,
        "optimization_history": {
            "fun": [
                -1.439453125,
                -1.9228515625,
                -1.822265625,
                -1.7841796875,
                -2.0693359375,
                -2.2958984375,
                -2.037109375,
                -0.8427734375,
                -2.08203125,
                -1.5166015625,
                -2.498046875,
                -1.9638671875,
                -2.515625,
                -2.35546875,
                -2.58984375,
                -2.4560546875,
                -2.6005859375,
                -2.564453125,
                -2.599609375,
                -2.5693359375,
                -2.5625,
                -2.619140625,
                -2.62109375,
                -2.61328125,
                -2.6162109375,
                -2.619140625,
                -2.5888671875,
                -2.607421875,
                -2.5810546875,
                -2.6279296875,
                -2.626953125,
                -2.5986328125,
                -2.5830078125
            ],