{
    "exact_max_cut_value": 5,
    "graph_metadata": {
        "density_edges": 0.1,
        "filepath": "data/generated_graphs/graph_n8_d0.10_id3.gpickle",
        "id": 3,
        "n_vertices": 8,
        "seed": 741317
    },
    "metrics": {
        "all_trajectories": [
            [
                [
                    2.619987475446813,
                    3.53360379475494
                ],
                [
                    2.619987475446813,
                    3.53360379475494
                ],
                [
                    2.619987475446813,
                    3.53360379475494
                ],
                [
                    2.6140826682180753,
                    3.783534051529888
                ],
                [
                    2.627899895455272,
                    3.8315869830895304
                ],
                [
                    2.726608202374188,
                    3.8155660547393686
                ],
                [
                    2.726608202374188,
                    3.8155660547393686
                ],
                [
                    2.728499312122656,
                    3.765601830499226
                ],
                [
                    2.728499312122656,
                    3.765601830499226
                ],
                [
                    2.728499312122656,
                    3.765601830499226
                ],
                [
                    2.728499312122656,
                    3.765601830499226
                ],
                [
                    2.728499312122656,
                    3.765601830499226
                ],
                [
                    2.728499312122656,
                    3.765601830499226
                ],
                [
                    2.728499312122656,
                    3.765601830499226
                ],
                [
                    2.728499312122656,
                    3.765601830499226
                ],
                [
                    2.728499312122656,
                    3.765601830499226
                ],
                [
                    2.728499312122656,
                    3.765601830499226
                ],
                [
                    2.728499312122656,
                    3.765601830499226
                ]
            ]
        ],
        "approximation_ratio": 1.0,
        "circuit_depth": 5,
        "num_parameters": 0,
        "optimization_history": {
            "fun": [
                -3.814453125,
                -1.03125,
                -2.6533203125,
                -2.4609375,
                -2.7529296875,
                -3.3916015625,
                -3.978515625,
                -2.6318359375,
                -4.0107421875,
                -4.1748046875,
                -4.1162109375,
                -4.259765625,
                -4.2216796875,
                -4.15234375,
                -4.2587890625,
                -4.2353515625,
                -4.24609375,
                -4.21484375,
                -4.2041015625,
                -4.2109375,
                -4.1953125,
                -4.2548828125,
                -4.2080078125,
                -4.2080078125,
                -4.1904296875,
                -4.2275390625,
                -4.2421875,
                -4.197265625,
                -4.162109375
            ],
            "params": [
                [
                    2.619987475446813,
                    3.53360379475494
                ],
                [
                    3.619987475446813,
                    3.53360379475494
                ],
                [
                    2.619987475446813,
                    4.53360379475494
                ],
                [
                    1.697083096925505,
                    3.148574564557805
                ],
                [
                    3.04965097465603,
                    3.2778905228129243
                ],
                [
                    2.556059157461309,
                    3.4261879199526355
                ],
                [
                    2.6140826682180753,
                    3.783534051529888
                ],
                [
                    2.3738180104198636,
                    3.8526201877158703
                ],
                [
                    2.627899895455272,
                    3.8315869830895304
                ],
                [
                    2.726608202374188,
                    3.8155660547393686
                ],
                [
                    2.8260212507407294,
                    3.8263848261331894
                ],
                [
                    2.728499312122656,
                    3.765601830499226
                ],
                [
                    2.717074304517565,
                    3.7169246366480637
                ],
                [
                    2.7163300136598654,
                    3.7684580824004987
                ],
                [
                    2.75324722001273,
                    3.762060495289957
                ],
                [
                    2.729411280121654,
                    3.775560159393614
                ],
                [
                    2.723520147675462,
                    3.766057814498725
                ],
                [
                    2.7353202196233997,
                    3.758289155142949
                ],
                [
                    2.7235969864499725,
                    3.764618365706289
                ],
                [
                    2.7308973303383377,
                    3.7648950712493683
                ],
                [
                    2.7283579602726844,
                    3.7651222268560898
                ],
                [
                    2.728635131242421,
                    3.7665925641499647
                ],
                [
                    2.7280039452972864,
                    3.7656697400591086
                ],
                [
                    2.7294825459756273,
                    3.76541948140992
                ],
                [
                    2.727999767794497,
                    3.765623172106573
                ],
                [
                    2.728493976720819,
                    3.7654769444171863
                ],
                [
                    2.728627027293568,
                    3.7658167463783947
                ],
                [
                    2.72844935768984,
                    3.765603964659961
                ],
                [
                    2.728598023647284,
                    3.7656178315899886
                ]
            ]
        },
        "optimization_iterations": 29,
        "qaoa_cut_value": 5,
        "termination_reason": "Return from COBYLA because the trust region radius reaches its lower bound.",
        "total_shots": 1024,