{
    "exact_max_cut_value": 3,
    "graph_metadata": {
        "density_edges": 0.5,
        "filepath": "data/generated_graphs/graph_n4_d0.50_id2.gpickle",
        "id": 2,
        "n_vertices": 4,
        "seed": 961290
    },
    "metrics": {
        "all_trajectories": [
            [
                [
                    2.141764934835522,
                    4.714146635305854
                ],
                [
                    2.141764934835522,
                    5.714146635305854
                ],
                [
                    2.141764934835522,
                    5.714146635305854
                ],
                [
                    2.038169540273146,
                    5.941672445326312
                ],
                [
                    2.038169540273146,
                    5.941672445326312
                ],
                [
                    2.038169540273146,
                    5.941672445326312
                ],
                [
                    1.9384059590560199,
                    5.934800192221699
                ],
                [
                    1.9287638795403836,
                    5.8352661261809
                ],
                [
                    1.9287638795403836,
                    5.8352661261809
                ],
                [
                    1.9287638795403836,
                    5.8352661261809
                ],
                [
                    1.9287638795403836,
                    5.8352661261809
                ],
                [
                    1.9287638795403836,
                    5.8352661261809
                ],
                [
                    1.9287638795403836,
                    5.8352661261809
                ],
                [
                    1.9287638795403836,
                    5.8352661261809
                ],
                [
                    1.9216833820156713,
                    5.828204500673799
                ],
                [
                    1.9216833820156713,
                    5.828204500673799
                ],
                [
                    1.9216833820156713,
                    5.828204500673799
                ],
                [
                    1.9216833820156713,
                    5.828204500673799
                ],
                [
                    1.9221270390568568,
                    5.827973917869135
                ],
                [
                    1.9221270390568568,
                    5.827973917869135
                ],
                [
                    1.9221270390568568,
                    5.827973917869135
                ],
                [
                    1.9221270390568568,
                    5.827973917869135
                ],
                [
                    1.9221270390568568,
                    5.827973917869135
                ]
            ]
        ],
        "approximation_ratio": 1.0,
        "circuit_depth": 5,
        "num_parameters": 0,
        "optimization_history": {
            "fun": [
                -1.5234375,
                -1.4736328125,
                -2.044921875,
                -0.7177734375,
                -1.96875,
                -1.9521484375,
                -2.2314453125,
                -1.240234375,
                -1.7998046875,
                -2.19140625,
                -2.2451171875,
                -2.330078125,
                -2.2822265625,
                -2.216796875,
                -2.265625,
                -2.2900390625,
                -2.3271484375,
                -2.2607421875,
                -2.294921875,
                -2.3330078125,
                -2.2734375,
                -2.3203125,
                -2.296875,
                -2.3115234375,
                -2.3154296875,
                -2.3427734375,
                -2.3017578125,
                -2.2724609375,
                -2.30859375,
                -2.3203125,
                -2.32421875,
                -2.296875,
                -2.3134765625,
                -2.30078125
            ],