{
    "exact_max_cut_value": 8,
    "graph_metadata": {
        "density_edges": 0.25,
        "filepath": "data/generated_graphs/graph_n8_d0.25_id4.gpickle",
        "id": 4,
        "n_vertices": 8,
        "seed": 609352
    },
    "metrics": {
        "all_trajectories": [
            [
                [
                    3.2660939351514635,
                    5.716753157640994
                ],
                [
                    2.6235388022756196,
                    4.950513703413462
                ],
                [
                    1.6676242436562783,
                    4.656868753483126
                ],
                [
                    1.6676242436562783,
                    4.656868753483126
                ],
                [
                    1.6676242436562783,
                    4.656868753483126
                ],
                [
                    1.6676242436562783,
                    4.656868753483126
                ],
                [
                    1.6676242436562783,
                    4.656868753483126
                ],
                [
                    1.6676242436562783,
                    4.656868753483126
                ],
                [
                    1.6676242436562783,
                    4.656868753483126
                ],
                [
                    1.6676242436562783,
                    4.656868753483126
                ],
                [
                    1.6676242436562783,
                    4.656868753483126
                ],
                [
                    1.6676242436562783,
                    4.656868753483126
                ],
                [
                    1.6676242436562783,
                    4.656868753483126
                ],
                [
                    1.6676242436562783,
                    4.656868753483126
                ],
                [
                    1.6676242436562783,
                    4.656868753483126
                ],
                [
                    1.6676242436562783,
                    4.656868753483126
                ],
                [
                    1.6676242436562783,
                    4.656868753483126
                ],
                [
                    1.6677241909691323,
                    4.656865507770066
                ],
                [
                    1.6677241909691323,
                    4.656865507770066
                ]
            ]
        ],
        "approximation_ratio": 1.0,
        "circuit_depth": 12,
        "num_parameters": 0,
        "optimization_history": {
            "fun": [
                -4.849609375,
                -4.6416015625,
                -4.6015625,
                -5.0322265625,
                -5.0791015625,
                -4.5576171875,
                -4.998046875,
                -5.05859375,
                -4.93359375,
                -4.9169921875,
                -5.005859375,
                -5.0234375,
                -4.9814453125,
                -4.900390625,
                -5.046875,
                -4.919921875,
                -4.98828125,
                -5.052734375,
                -4.9912109375,
                -4.962890625,
                -5.064453125,
                -5.0390625,
                -4.95703125,
                -5.0537109375,
                -5.0439453125,
                -4.9873046875,
                -5.08203125,
                -4.9248046875,
                -4.9697265625
            ],
            "params": [
                [
                    3.2660939351514635,
                    5.716753157640994
                ],
                [
                    4.2660939351514635,
                    5.716753157640994
                ],
                [
                    3.2660939351514635,
                    6.716753157640994
                ],
                [
                    2.6235388022756196,
                    4.950513703413462
                ],
                [
                    1.6676242436562783,
                    4.656868753483126
                ],
                [
                    1.7892994442209171,
                    3.664298783371419
                ],
                [
                    1.4798703522935104,
                    5.120278373881902
                ],
                [
                    1.5517718385565842,
                    4.609930280642434
                ],
                [
                    1.8984247601978648,
                    4.560790027616591
                ],
                [
                    1.6488488545200015,
                    4.703209715523004
                ],
                [
                    1.7098109733971498,
                    4.566202994600455
                ],
                [
                    1.6593011270225726,
                    4.706171144190897
                ],
                [
                    1.679949841333221,
                    4.658949532641552
                ],
                [
                    1.6438066777663378,
                    4.649271151553678
                ],
                [
                    1.6776227116556122,
                    4.657043789668803
                ],
                [
                    1.6677117617491168,
                    4.651869519483459
                ],
                [
                    1.6664431285752903,
                    4.666798756865072
                ],
                [
                    1.6660941945729053,
                    4.652108611699264
                ],
                [
                    1.6664342082103127,
                    4.6572512657539695
                ],
                [
                    1.6700548648530738,
                    4.656283876916928
                ],
                [
                    1.667741218969518,
                    4.657354877722485
                ],
                [
                    1.6666769857855381,
                    4.656548281134364
                ],
                [
                    1.6684172472328629,
                    4.656259536504108
                ],
                [
                    1.667574527343217,
                    4.657366275631594
                ],
                [
                    1.6677486241933952,
                    4.656881182561391
                ],
                [
                    1.667383857762966,
                    4.656800090375881
                ],
                [
                    1.6677241909691323,
                    4.656865507770066
                ],
                [
                    1.6677740307991065,
                    4.656778812952758
                ],
                [
                    1.6677290043139281,
                    4.656965391861451
                ]
            ]
        },
        "optimization_iterations": 29,
        "qaoa_cut_value": 8,
        "termination_reason": "Return from COBYLA because the trust region radius reaches its lower bound.",
        "total_shots": 1024,