{
    "exact_max_cut_value": 4,
    "graph_metadata": {
        "density_edges": 0.75,
        "filepath": "data/generated_graphs/graph_n4_d0.75_id9.gpickle",
        "id": 9,
        "n_vertices": 4,
        "seed": 702169
    },
    "metrics": {
        "all_trajectories": [
            [
                [
                    5.859935811439622,
                    5.611677717094251
                ],
                [
                    7.221028263402242,
                    4.679147695520884
                ],
                [
                    7.221028263402242,
                    4.679147695520884
                ],
                [
                    6.791047188149943,
                    4.423968787840652
                ],
                [
                    6.791047188149943,
                    4.423968787840652
                ],
                [
                    7.245012678324905,
                    4.214408930687125
                ],
                [
                    7.297402642613286,
                    4.327900303230866
                ],
                [
                    7.297402642613286,
                    4.327900303230866
                ],
                [
                    7.297402642613286,
                    4.327900303230866
                ],
                [
                    7.297402642613286,
                    4.327900303230866
                ],
                [
                    7.297402642613286,
                    4.327900303230866
                ],
                [
                    7.297402642613286,
                    4.327900303230866
                ],
                [
                    7.297402642613286,
                    4.327900303230866
                ],
                [
                    7.297402642613286,
                    4.327900303230866
                ],
                [
                    7.297402642613286,
                    4.327900303230866
                ],
                [
                    7.297402642613286,
                    4.327900303230866
                ],
                [
                    7.297402642613286,
                    4.327900303230866
                ],
                [
                    7.297402642613286,
                    4.327900303230866
                ],
                [
                    7.297402642613286,
                    4.327900303230866
                ],
                [
                    7.297281246780393,
                    4.327681755634776
                ],
                [
                    7.297281246780393,
                    4.327681755634776
                ],
                [
                    7.297281246780393,
                    4.327681755634776
                ]
            ]
        ],
        "approximation_ratio": 1.0,
        "circuit_depth": 9,
        "num_parameters": 0,
        "optimization_history": {
            "fun": [
                -1.892578125,
                -2.09375,
                -1.57421875,
                -2.154296875,
                -1.828125,
                -2.3828125,
                -1.98828125,
                -2.505859375,
                -1.642578125,
                -2.693359375,
                -2.55078125,
                -2.6484375,
                -2.603515625,
                -2.55859375,
                -2.689453125,
                -2.6171875,
                -2.6484375,
                -2.6640625,
                -2.6328125,
                -2.693359375,
                -2.640625,
                -2.611328125,
                -2.57421875,
                -2.6640625,
                -2.677734375,
                -2.615234375,
                -2.638671875,
                -2.642578125,
                -2.662109375,
                -2.728515625,
                -2.6875,
                -2.68359375,
                -2.67578125,
                -2.625,
                -2.630859375
            ],
            "params": [
                [
                    5.859935811439622,
                    5.611677717094251
                ],
                [
                    6.859935811439622,
                    5.611677717094251
                ],
                [
                    6.859935811439622,
                    6.611677717094251
                ],
                [
                    7.221028263402242,
                    4.679147695520884
                ],
                [
                    8.2189564349394,
                    4.743485588340772
                ],
                [
                    6.791047188149943,
                    4.423968787840652
                ],
                [
                    5.914537834146809,
                    3.9425839601351984
                ],
                [
                    7.245012678324905,
                    4.214408930687125
                ],
                [
                    7.506171285157549,
                    3.7880332957392167
                ],
                [
                    7.297402642613286,
                    4.327900303230866
                ],
                [
                    7.437548335680503,
                    4.534924902529378
                ],
                [
                    7.338807562472988,
                    4.299871164617422
                ],
                [
                    7.197446111523394,
                    4.330848504797165
                ],
                [
                    7.295928541830136,
                    4.27792203768592
                ],
                [
                    7.33180858272387,
                    4.421795091611835
                ],
                [
                    7.343611854230126,
                    4.308802953630722
                ],
                [
                    7.27371656246003,
                    4.335898403441137
                ],
                [
                    7.295803022571232,
                    4.323163087200214
                ],
                [
                    7.303239097889085,
                    4.33602038881007
                ],
                [
                    7.301462685402888,
                    4.324982075592967
                ],
                [
                    7.291566187337487,
                    4.319780217651662
                ],
                [
                    7.300320870251185,
                    4.331960346020468
                ],
                [
                    7.296673085703811,
                    4.326885292533465
                ],
                [
                    7.298861756432236,
                    4.329930324625667
                ],
                [
                    7.2968189970857065,
                    4.327088294672945
                ],
                [
                    7.296996638334326,
                    4.328192125994656
                ],
                [
                    7.29826869622777,
                    4.327400352096414
                ],
                [
                    7.297089069736906,
                    4.32828975419209
                ],
                [
                    7.297500005353593,
                    4.327978696449961
                ],
                [
                    7.297281246780393,
                    4.327681755634776
                ],
                [
                    7.297243947700716,
                    4.327434553736209
                ],
                [
                    7.29723180640068,
                    4.327689215450712
                ],
                [
                    7.297381199157423,
                    4.327684841461426
                ],
                [
                    7.297279703867068,
                    4.327731731823291
                ],
                [
                    7.297259565340457,
                    4.327584134350405
