{
    "exact_max_cut_value": 14,
    "graph_metadata": {
        "density_edges": 0.75,
        "filepath": "data/generated_graphs/graph_n8_d0.75_id5.gpickle",
        "id": 5,
        "n_vertices": 8,
        "seed": 347175
    },
    "metrics": {
        "all_trajectories": [
            [
                [
                    5.087250571833284,
                    2.9525662928999346
                ],
                [
                    5.087250571833284,
                    2.9525662928999346
                ],
                [
                    5.087250571833284,
                    2.9525662928999346
                ],
                [
                    5.087250571833284,
                    2.9525662928999346
                ],
                [
                    5.087250571833284,
                    2.9525662928999346
                ],
                [
                    5.001318493056031,
                    3.003709990820793
                ],
                [
                    5.001318493056031,
                    3.003709990820793
                ],
                [
                    4.974723504924566,
                    2.961369624664048
                ],
                [
                    4.957084991049808,
                    2.9436528860169395
                ],
                [
                    4.948226621726254,
                    2.952472142954319
                ],
                [
                    4.948226621726254,
                    2.952472142954319
                ],
                [
                    4.948226621726254,
                    2.952472142954319
                ],
                [
                    4.948226621726254,
                    2.952472142954319
                ],
                [
                    4.948226621726254,
                    2.952472142954319
                ],
                [
                    4.948226621726254,
                    2.952472142954319
                ],
                [
                    4.948226621726254,
                    2.952472142954319
                ],
                [
                    4.948226621726254,
                    2.952472142954319
                ],
                [
                    4.948226621726254,
                    2.952472142954319
                ],
                [
                    4.948226621726254,
                    2.952472142954319
                ],
                [
                    4.948226621726254,
                    2.952472142954319
                ]
            ]
        ],
        "approximation_ratio": 1.0,
        "circuit_depth": 13,
        "num_parameters": 0,
        "optimization_history": {
            "fun": [
                -11.0830078125,
                -7.275390625,
                -9.533203125,
                -8.6201171875,
                -7.244140625,
                -10.9990234375,
                -10.1240234375,
                -10.4111328125,
                -11.107421875,
                -10.1630859375,
                -11.15625,
                -11.2060546875,
                -11.10546875,
                -11.2548828125,
                -11.1123046875,
                -11.0654296875,
                -11.12890625,
                -11.244140625,
                -11.0888671875,
                -11.0947265625,
                -11.232421875,
                -11.0791015625,
                -11.2197265625,
                -11.1728515625,
                -11.185546875,
                -11.1083984375,
                -11.091796875,
                -11.1875
            ],
            "params": [
                [
                    5.087250571833284,
                    2.9525662928999346
                ],
                [
                    6.087250571833284,
                    2.9525662928999346
                ],
                [
                    5.087250571833284,
                    3.9525662928999346
                ],
                [
                    4.16103529315169,
                    2.575571256411684
                ],
                [
                    5.539574361218784,
                    2.7394860508408874
                ],
                [
                    5.033980511318522,
                    2.83948534555356
                ],
                [
                    4.8712374820613915,
                    3.0784167797770237
                ],
                [
                    5.183626454161848,
                    2.9258887872933226
                ],
                [
                    5.001318493056031,
                    3.003709990820793
                ],
                [
                    5.019048990130984,
                    3.102125586502957
                ],
                [
                    4.974723504924566,
                    2.961369624664048
                ],
                [
                    4.957084991049808,
                    2.9436528860169395
                ],
                [
                    4.938412926794786,
                    2.897270195102587
                ],
                [
                    4.948226621726254,
                    2.952472142954319
                ],
                [
                    4.924430285851463,
                    2.9601359800438027
                ],
                [
                    4.953809143633478,
                    2.9607688561080536
                ],
                [
                    4.939946275251549,
                    2.946865373629758
                ],
                [
                    4.950638666355866,
                    2.956851873620097
                ],
                [
                    4.947131689059809,
                    2.9530751541117217
                ],
                [
                    4.950396693962912,
                    2.951230858745249
                ],
                [
                    4.94797836488444,
                    2.952038128506987
                ],
                [
                    4.947800976702684,
                    2.9533770331763405
                ],
                [
                    4.9491696774560054,
                    2.9521395081837634
                ],
                [
                    4.948003181841942,
                    2.9520248459410277
                ],
                [
                    4.948114797472931,
                    2.9525280029253964
                ],
                [
                    4.9484727728936555,
                    2.9524284439521926
                ],
                [
                    4.948194837463859,
                    2.9523773286059107
                ],
                [
                    4.948296549759193,
                    2.9525436277094017
                ]
            ]
        },
        "optimization_iterations": 28,
        "qaoa_cut_value": 14,
        "termination_reason": "Return from COBYLA because the trust region radius reaches its lower bound.",
        "total_shots": 1024,