{
    "exact_max_cut_value": 9,
    "graph_metadata": {
        "density_edges": 0.25,
        "filepath": "data/generated_graphs/graph_n8_d0.25_id5.gpickle",
        "id": 5,
        "n_vertices": 8,
        "seed": 110981
    },
    "metrics": {
        "all_trajectories": [
            [
                [
                    1.1443967092405496,
                    1.8390320149287203
                ],
                [
                    1.1443967092405496,
                    2.83903201492872
                ],
                [
                    1.1443967092405496,
                    2.83903201492872
                ],
                [
                    1.1443967092405496,
                    2.83903201492872
                ],
                [
                    1.1195784993057296,
                    2.93590335463057
                ],
                [
                    1.1195784993057296,
                    2.93590335463057
                ],
                [
                    1.0700352907579633,
                    2.9291601738683077
                ],
                [
                    1.0700352907579633,
                    2.9291601738683077
                ],
                [
                    1.0700352907579633,
                    2.9291601738683077
                ],
                [
                    1.0700352907579633,
                    2.9291601738683077
                ],
                [
                    1.0700352907579633,
                    2.9291601738683077
                ],
                [
                    1.0700352907579633,
                    2.9291601738683077
                ],
                [
                    1.0700352907579633,
                    2.9291601738683077
                ],
                [
                    1.0700352907579633,
                    2.9291601738683077
                ],
                [
                    1.0700352907579633,
                    2.9291601738683077
                ],
                [
                    1.0700352907579633,
                    2.9291601738683077
                ],
                [
                    1.0700352907579633,
                    2.9291601738683077
                ]
            ]
        ],
        "approximation_ratio": 1.0,
        "circuit_depth": 13,
        "num_parameters": 0,
        "optimization_history": {
            "fun": [
                -5.546875,
                -5.51953125,
                -6.3359375,
                -5.3896484375,
                -5.5439453125,
                -5.84765625,
                -5.900390625,
                -6.28515625,
                -6.568359375,
                -6.419921875,
                -6.62109375,
                -6.408203125,
                -6.4833984375,
                -6.564453125,
                -6.5888671875,
                -6.6201171875,
                -6.5234375,
                -6.54296875,
                -6.494140625,
                -6.4921875,
                -6.619140625,
                -6.533203125,
                -6.4853515625,
                -6.5869140625,
                -6.4765625,
                -6.4697265625,
                -6.599609375,
                -6.4697265625
            ],
            "params": [
                [
                    1.1443967092405496,
                    1.8390320149287203
                ],
                [
                    2.1443967092405494,
                    1.8390320149287203
                ],
                [
                    1.1443967092405496,
                    2.83903201492872
                ],
                [
                    1.109764032199259,
                    3.8384321238345342
                ],
                [
                    0.7068509039086857,
                    2.597053362489108
                ],
                [
                    1.2048913723504526,
                    2.729645563595754
                ],
                [
                    1.114485410662277,
                    3.0872361934136148
                ],
                [
                    1.100642128707363,
                    2.8148341496847586
                ],
                [
                    1.1195784993057296,
                    2.93590335463057
                ],
                [
                    1.1134232939384778,
                    3.0357137421004468
                ],
                [
                    1.0700352907579633,
                    2.9291601738683077
                ],
                [
                    1.057901668851685,
                    2.9073021039755775
                ],
                [
                    1.0656636767794172,
                    2.9315868982495634
                ],
                [
                    1.0798220895067188,
                    2.927106258034745
                ],
                [
                    1.0710622486747448,
                    2.9340535732426853
                ],
                [
                    1.0620320524624662,
                    2.9231644940248294
                ],
                [
                    1.0670889346375443,
                    2.9331998502924375
                ],
                [
                    1.0715441944505293,
                    2.9271668827088027
                ],
                [
                    1.0704339489898644,
                    2.929461954606821
                ],
                [
                    1.069170217214708,
                    2.9286585288097657
                ],
                [
                    1.0697844682286923,
                    2.9295927106399353
                ],
                [
                    1.0709151617781432,
                    2.92963538643953
                ],
                [
                    1.0696142956560781,
                    2.928890427461124
                ],
                [
                    1.0702533382035422,
                    2.929282465779228
                ],
                [
                    1.0700597491401473,
                    2.929116564379192
                ],
                [
                    1.0699823080006696,
                    2.929244984406742
                ],
                [
                    1.0699928854887462,
                    2.929133682489661
                ],
                [
                    1.0701094198637826,
                    2.9290930554977193
                ]
            ]
        },
        "optimization_iterations": 28,
        "qaoa_cut_value": 9,
        "termination_reason": "Return from COBYLA because the trust region radius reaches its lower bound.",
        "total_shots": 1024,