{
    "exact_max_cut_value": 3,
    "graph_metadata": {
        "density_edges": 0.1,
        "filepath": "data/generated_graphs/graph_n4_d0.10_id7.gpickle",
        "id": 7,
        "n_vertices": 4,
        "seed": 651392
    },
    "metrics": {
        "all_trajectories": [
            [
                [
                    3.899559064427623,
                    1.74897421794917
                ],
                [
                    4.899559064427622,
                    2.7489742179491703
                ],
                [
                    4.899559064427622,
                    2.7489742179491703
                ],
                [
                    5.148965234961516,
                    2.7661951964236486
                ],
                [
                    5.148965234961516,
                    2.7661951964236486
                ],
                [
                    5.063932174432432,
                    2.713570310513489
                ],
                [
                    5.063932174432432,
                    2.713570310513489
                ],
                [
                    5.063932174432432,
                    2.713570310513489
                ],
                [
                    5.088728471211491,
                    2.716755222764219
                ],
                [
                    5.088728471211491,
                    2.716755222764219
                ],
                [
                    5.088728471211491,
                    2.716755222764219
                ],
                [
                    5.088728471211491,
                    2.716755222764219
                ],
                [
                    5.088728471211491,
                    2.716755222764219
                ],
                [
                    5.088728471211491,
                    2.716755222764219
                ],
                [
                    5.088728471211491,
                    2.716755222764219
                ],
                [
                    5.088679406395298,
                    2.7166402547520945
                ],
                [
                    5.088679406395298,
                    2.7166402547520945
                ]
            ]
        ],
        "approximation_ratio": 1.0,
        "circuit_depth": 5,
        "num_parameters": 0,
        "optimization_history": {
            "fun": [
                -1.505859375,
                -1.8740234375,
                -2.0400390625,
                -1.580078125,
                -0.9072265625,
                -2.26171875,
                -1.830078125,
                -2.228515625,
                -2.30859375,
                -2.287109375,
                -2.27734375,
                -2.328125,
                -2.279296875,
                -2.298828125,
                -2.3271484375,
                -2.3173828125,
                -2.302734375,
                -2.283203125,
                -2.3232421875,
                -2.326171875,
                -2.2744140625,
                -2.3037109375,
                -2.2919921875,
                -2.3515625,
                -2.31640625,
                -2.34375,
                -2.3154296875
            ],
            "params": [
                [
                    3.899559064427623,
                    1.74897421794917
                ],
                [
                    4.899559064427622,
                    1.74897421794917
                ],
                [
                    4.899559064427622,
                    2.7489742179491703
                ],
                [
                    5.8111635888774,
                    3.160042571149335
                ],
                [
                    4.418899373938897,
                    2.8866922702853954
                ],
                [
                    5.148965234961516,
                    2.7661951964236486
                ],
                [
                    5.39460640126047,
                    2.812675487077747
                ],
                [
                    5.1396691768306955,
                    2.8153234296834393
                ],
                [
                    5.063932174432432,
                    2.713570310513489
                ],
                [
                    5.0471277801306655,
                    2.614992359976106
                ],
                [
                    5.018414717487939,
                    2.734262364865492
                ],
                [
                    5.088728471211491,
                    2.716755222764219
                ],
                [
                    5.138427931085967,
                    2.722229132535616
                ],
                [
                    5.087359993768642,
                    2.729180087732838
                ],
                [
                    5.081697302668583,
                    2.692764335558423
                ],
                [
                    5.093698417198938,
                    2.7173026137413587
                ],
                [
                    5.082818864449466,
                    2.708688219112414
                ],
                [
                    5.093578286457144,
                    2.715538961245044
                ],
                [
                    5.089032536591285,
                    2.7179676765756327
                ],
                [
                    5.086262183428414,
                    2.7163460472871344
                ],
                [
                    5.089213452736057,
                    2.7166335966123016
                ],
                [
                    5.087750309129121,
                    2.7169630663126245
                ],
                [
                    5.089188343259989,
                    2.7165589634994456
                ],
                [
                    5.088679406395298,
                    2.7166402547520945
                ],
                [
                    5.08850515017397,
                    2.71646099301795
                ],
                [
                    5.088725393600147,
                    2.716620628825617
                ],
                [
                    5.088590371704337,
                    2.7165947264773043
                ]
            ]
        },
        "optimization_iterations": 27,
        "qaoa_cut_value": 3,
        "termination_reason": "Return from COBYLA because the trust region radius reaches its lower bound.",
        "total_shots": 1024,