{
    "exact_max_cut_value": 15,
    "graph_metadata": {
        "density_edges": 0.75,
        "filepath": "data/generated_graphs/graph_n8_d0.75_id8.gpickle",
        "id": 8,
        "n_vertices": 8,
        "seed": 822658
    },
    "metrics": {
        "all_trajectories": [
            [
                [
                    5.165757649752578,
                    4.8866140078468545
                ],
                [
                    6.165757649752578,
                    4.8866140078468545
                ],
                [
                    6.165757649752578,
                    4.8866140078468545
                ],
                [
                    6.165757649752578,
                    4.8866140078468545
                ],
                [
                    6.165757649752578,
                    4.8866140078468545
                ],
                [
                    6.165757649752578,
                    4.8866140078468545
                ],
                [
                    6.165757649752578,
                    4.8866140078468545
                ],
                [
                    6.165757649752578,
                    4.8866140078468545
                ],
                [
                    6.165757649752578,
                    4.8866140078468545
                ],
                [
                    6.165757649752578,
                    4.8866140078468545
                ],
                [
                    6.165757649752578,
                    4.8866140078468545
                ],
                [
                    6.165757649752578,
                    4.8866140078468545
                ],
                [
                    6.165757649752578,
                    4.8866140078468545
                ],
                [
                    6.165866151066794,
                    4.886551939619769
                ],
                [
                    6.165866151066794,
                    4.886551939619769
                ]
            ]
        ],
        "approximation_ratio": 1.0,
        "circuit_depth": 17,
        "num_parameters": 0,
        "optimization_history": {
            "fun": [
                -10.9912109375,
                -11.134765625,
                -10.8759765625,
                -11.0283203125,
                -10.982421875,
                -10.9638671875,
                -10.9072265625,
                -11.03515625,
                -10.904296875,
                -10.9609375,
                -10.939453125,
                -10.966796875,
                -10.89453125,
                -10.9130859375,
                -11.125,
                -11.01953125,
                -11.0341796875,
                -10.9013671875,
                -11.0634765625,
                -11.0146484375,
                -10.9677734375,
                -11.158203125,
                -11.0390625,
                -10.94921875,
                -10.935546875
            ],
            "params": [
                [
                    5.165757649752578,
                    4.8866140078468545
                ],
                [
                    6.165757649752578,
                    4.8866140078468545
                ],
                [
                    6.165757649752578,
                    5.8866140078468545
                ],
                [
                    6.650840124039378,
                    4.012145601819629
                ],
                [
                    6.456011895281133,
                    5.293741104651586
                ],
                [
                    5.922858733719315,
                    4.8274522246598535
                ],
                [
                    6.177590006389979,
                    4.838034224640202
                ],
                [
                    6.156788350177724,
                    4.986210953910158
                ],
                [
                    6.215556122784229,
                    4.891098657634282
                ],
                [
                    6.0703024295177945,
                    4.856809630149461
                ],
                [
                    6.212309764146803,
                    4.8683684427575775
                ],
                [
                    6.161196258480259,
                    4.8749759792482985
                ],
                [
                    6.168020465608542,
                    4.911511390528615
                ],
                [
                    6.175541202287912,
                    4.884544684337015
                ],
                [
                    6.159321412905376,
                    4.894267428993421
                ],
                [
                    6.1697752899797305,
                    4.889590342338334
                ],
                [
                    6.166501733375448,
                    4.885609597790067
                ],
                [
                    6.163773900299691,
                    4.888135434186895
                ],
                [
                    6.1661594137752935,
                    4.8869116412960025
                ],
                [
                    6.164765300550359,
                    4.886490545055478
                ],
                [
                    6.1660059226609185,
                    4.887048013103716
                ],
                [
                    6.165866151066794,
                    4.886551939619769
                ],
                [
                    6.165864136420496,
                    4.8863019477375005
                ],
                [
                    6.165890978357628,
                    4.886595340145456
                ],
                [
                    6.165820436339171,
                    4.886463000518816
                ]
            ]
        },
        "optimization_iterations": 25,
        "qaoa_cut_value": 15,
        "termination_reason": "Return from COBYLA because the trust region radius reaches its lower bound.",
        "total_shots": 1024,
        "trajectory_params": [
            [
                5.165757649752578,
                4.8866140078468545
            ],
            [
                6.165757649752578,
                4.8866140078468545
            ],
            [
                6.165757649752578,
                4.8866140078468545
            ],
            [
                6.165757649752578,
                4.8866140078468545
            ],
            [
                6.165757649752578,
                4.8866140078468545
            ],
            [
                6.165757649752578,
                4.8866140078468545
            ],
            [
                6.165757649752578,
                4.8866140078468545
            ],
            [
                6.165757649752578,
                4.8866140078468545
            ],
            [
                6.165757649752578,
                4.8866140078468545
            ],
            [
                6.165757649752578,
                4.8866140078468545
            ],
            [
                6.165757649752578,
                4.8866140078468545
            ],
            [
                6.165757649752578,
                4.8866140078468545
            ],
            [
                6.165757649752578,
                4.8866140078468545
            ],
            [
                6.165866151066794,
                4.886551939619769
            ],
            [
                6.165866151066794,
                4.886551939619769
            ]
        ]
    },
    "qaoa_config": {
        "encoding": "binary",
        "mixer": "grover",
        "optimizer": "COBYLA",
        "p_value": 1
    },
    "qaoa_results": {
        "best_measured_bitstring": "10101100",
        "best_measured_cut_value": 15,
        "optimal_params": [
            6.165866151066794,
            4.886551939619769
        ],