{
    "exact_max_cut_value": 3,
    "graph_metadata": {
        "density_edges": 0.5,
        "filepath": "data/generated_graphs/graph_n4_d0.50_id5.gpickle",
        "id": 5,
        "n_vertices": 4,
        "seed": 687730
    },
    "metrics": {
        "all_trajectories": [
            [
                [
                    0.34724097160002737,
                    3.4527085123838352
                ],
                [
                    1.3472409716000273,
                    3.4527085123838352
                ],
                [
                    1.3472409716000273,
                    3.4527085123838352
                ],
                [
                    1.3472409716000273,
                    3.4527085123838352
                ],
                [
                    1.2477405763271148,
                    3.4626920658861793
                ],
                [
                    1.2477405763271148,
                    3.4626920658861793
                ],
                [
                    1.2346670535472855,
                    3.5618337977760617
                ],
                [
                    1.2346670535472855,
                    3.5618337977760617
                ],
                [
                    1.2346670535472855,
                    3.5618337977760617
                ],
                [
                    1.2346670535472855,
                    3.5618337977760617
                ],
                [
                    1.2346670535472855,
                    3.5618337977760617
                ],
                [
                    1.2346670535472855,
                    3.5618337977760617
                ],
                [
                    1.2346670535472855,
                    3.5618337977760617
                ],
                [
                    1.2346670535472855,
                    3.5618337977760617
                ],
                [
                    1.2346670535472855,
                    3.5618337977760617
                ],
                [
                    1.2346670535472855,
                    3.5618337977760617
                ],
                [
                    1.2346670535472855,
                    3.5618337977760617
                ],
                [
                    1.2346670535472855,
                    3.5618337977760617
                ],
                [
                    1.2346670535472855,
                    3.5618337977760617
                ]
            ]
        ],
        "approximation_ratio": 1.0,
        "circuit_depth": 4,
        "num_parameters": 0,
        "optimization_history": {
            "fun": [
                -0.7587890625,
                -2.138671875,
                -1.3447265625,
                -1.7392578125,
                -1.51953125,
                -1.9921875,
                -1.94921875,
                -2.2685546875,
                -2.2333984375,
                -2.380859375,
                -2.330078125,
                -2.263671875,
                -2.3359375,
                -2.36328125,
                -2.3291015625,
                -2.353515625,
                -2.36328125,
                -2.34375,
                -2.3681640625,
                -2.3642578125,
                -2.359375,
                -2.3330078125,
                -2.34375,
                -2.369140625,
                -2.3720703125,
                -2.337890625,
                -2.375,
                -2.3505859375
            ],
            "params": [
                [
                    0.34724097160002737,
                    3.4527085123838352
                ],
                [
                    1.3472409716000273,
                    3.4527085123838352
                ],
                [
                    1.3472409716000273,
                    4.452708512383835
                ],
                [
                    2.214008075326472,
                    2.9539953805157535
                ],
                [
                    0.9691258233302884,
                    3.125555742796058
                ],
                [
                    1.4099214825365016,
                    3.694723291991905
                ],
                [
                    1.3956439275216412,
                    3.4401724101965403
                ],
                [
                    1.2477405763271148,
                    3.4626920658861793
                ],
                [
                    1.1496001637546012,
                    3.4434967690638634
                ],
                [
                    1.2346670535472855,
                    3.5618337977760617
                ],
                [
                    1.246171905126671,
                    3.6611697851629916
                ],
                [
                    1.282672533840184,
                    3.5478526010515994
                ],
                [
                    1.2311717543661698,
                    3.549832427702837
                ],
                [
                    1.2274105292268875,
                    3.5857574859279224
                ],
                [
                    1.244461862452565,
                    3.563849168339768
                ],
                [
                    1.227131711833255,
                    3.5684078851844245
                ],
                [
                    1.2326784952233183,
                    3.5572462455101816
                ],
                [
                    1.2370453420285263,
                    3.5626043455682184
                ],
                [
                    1.2345129439888542,
                    3.56230945547231
                ],
                [
                    1.2344530124906907,
                    3.560856973111093
                ],
                [
                    1.234178641214801,
                    3.5619408183043593
                ],
                [
                    1.2356553740149263,
                    3.5619861875829457
                ],
                [
                    1.2342272603499602,
                    3.5620716673697186
                ],
                [
                    1.2349170217022756,
                    3.5618298076017747
                ],
                [
                    1.2346678515821428,
                    3.56188379140706
                ],
                [
                    1.2346397483860128,
                    3.5617375978375594
                ],
                [
                    1.2346189535780343,
                    3.561847450356698
                ],
                [
                    1.2347187084572704,
                    3.5619194235331353
                ]
            ]
        },
        "optimization_iterations": 28,
        "qaoa_cut_value": 3,
        "termination_reason": "Return from COBYLA because the trust region radius reaches its lower bound.",
        "total_shots": 1024,