{
    "exact_max_cut_value": 5,
    "graph_metadata": {
        "density_edges": 0.1,
        "filepath": "data/generated_graphs/graph_n8_d0.10_id6.gpickle",
        "id": 6,
        "n_vertices": 8,
        "seed": 243449
    },
    "metrics": {
        "all_trajectories": [
            [
                [
                    1.1094516914997736,
                    2.682869673513583
                ],
                [
                    1.1094516914997736,
                    2.682869673513583
                ],
                [
                    1.1094516914997736,
                    2.682869673513583
                ],
                [
                    1.0594553686651227,
                    2.6834760587157045
                ],
                [
                    0.9963733128582632,
                    2.7610689336152743
                ],
                [
                    0.9963733128582632,
                    2.7610689336152743
                ],
                [
                    1.0223126204410904,
                    2.8038141359439974
                ],
                [
                    1.0223126204410904,
                    2.8038141359439974
                ],
                [
                    1.0223126204410904,
                    2.8038141359439974
                ],
                [
                    1.0223126204410904,
                    2.8038141359439974
                ],
                [
                    1.0223126204410904,
                    2.8038141359439974
                ],
                [
                    1.0223126204410904,
                    2.8038141359439974
                ],
                [
                    1.0223126204410904,
                    2.8038141359439974
                ],
                [
                    1.0223126204410904,
                    2.8038141359439974
                ],
                [
                    1.0223126204410904,
                    2.8038141359439974
                ],
                [
                    1.0223126204410904,
                    2.8038141359439974
                ],
                [
                    1.0223126204410904,
                    2.8038141359439974
                ],
                [
                    1.0223126204410904,
                    2.8038141359439974
                ]
            ]
        ],
        "approximation_ratio": 1.0,
        "circuit_depth": 9,
        "num_parameters": 0,
        "optimization_history": {
            "fun": [
                -3.1884765625,
                -3.16796875,
                -1.947265625,
                -2.5166015625,
                -2.34375,
                -2.7138671875,
                -3.267578125,
                -3.3173828125,
                -3.1982421875,
                -3.375,
                -3.2392578125,
                -3.2744140625,
                -3.3369140625,
                -3.3173828125,
                -3.3193359375,
                -3.3603515625,
                -3.326171875,
                -3.37109375,
                -3.3544921875,
                -3.31640625,
                -3.326171875,
                -3.330078125,
                -3.33203125,
                -3.3544921875,
                -3.29296875,
                -3.328125
            ],
            "params": [
                [
                    1.1094516914997736,
                    2.682869673513583
                ],
                [
                    2.109451691499774,
                    2.682869673513583
                ],
                [
                    1.1094516914997736,
                    3.682869673513583
                ],
                [
                    1.0929315229814476,
                    1.6830061408091812
                ],
                [
                    1.0942069278395186,
                    3.1826372166583363
                ],
                [
                    1.106419765489165,
                    2.4328880593403275
                ],
                [
                    1.0594553686651227,
                    2.6834760587157045
                ],
                [
                    0.9963733128582632,
                    2.7610689336152743
                ],
                [
                    0.9038255664437063,
                    2.723188666541416
                ],
                [
                    1.0223126204410904,
                    2.8038141359439974
                ],
                [
                    1.0652434240344835,
                    2.89412994908226
                ],
                [
                    0.9723194418604091,
                    2.8029882452732036
                ],
                [
                    1.0225190931087889,
                    2.791315841298827
                ],
                [
                    1.0357409149931103,
                    2.8249015944306004
                ],
                [
                    1.0128105205417208,
                    2.8069302388791395
                ],
                [
                    1.0314027213345103,
                    2.8079818770285
                ],
                [
                    1.0187841528241688,
                    2.807356722044057
                ],
                [
                    1.0214269739160755,
                    2.802932019039767
                ],
                [
                    1.0245327664488106,
                    2.8026648093131374
                ],
                [
                    1.0218605426855616,
                    2.804706114476786
                ],
                [
                    1.0230527466227335,
                    2.8031416679259875
                ],
                [
                    1.0219830144675346,
                    2.804190114536734
                ],
                [
                    1.0224066150892746,
                    2.8038965374373865
                ],
                [
                    1.022172414355612,
                    2.803607152240304
                ],
                [
                    1.022279659843735,
                    2.803851733803271
                ],
                [
                    1.022361720173291,
                    2.8037270198358555
                ]
            ]
        },
        "optimization_iterations": 26,
        "qaoa_cut_value": 5,
        "termination_reason": "Return from COBYLA because the trust region radius reaches its lower bound.",
        "total_shots": 1024,