{
    "exact_max_cut_value": 7,
    "graph_metadata": {
        "density_edges": 0.25,
        "filepath": "data/generated_graphs/graph_n8_d0.25_id0.gpickle",
        "id": 0,
        "n_vertices": 8,
        "seed": 679912
    },
    "metrics": {
        "all_trajectories": [
            [
                [
                    2.5788628219256804,
                    4.6440999689382645
                ],
                [
                    3.5788628219256804,
                    5.6440999689382645
                ],
                [
                    3.5788628219256804,
                    5.6440999689382645
                ],
                [
                    3.5641354402138274,
                    5.691881808876817
                ],
                [
                    3.5641354402138274,
                    5.691881808876817
                ],
                [
                    3.5641354402138274,
                    5.691881808876817
                ],
                [
                    3.5641354402138274,
                    5.691881808876817
                ],
                [
                    3.5641354402138274,
                    5.691881808876817
                ],
                [
                    3.5641354402138274,
                    5.691881808876817
                ],
                [
                    3.5641354402138274,
                    5.691881808876817
                ],
                [
                    3.5641354402138274,
                    5.691881808876817
                ],
                [
                    3.5641354402138274,
                    5.691881808876817
                ],
                [
                    3.5641354402138274,
                    5.691881808876817
                ],
                [
                    3.5641354402138274,
                    5.691881808876817
                ],
                [
                    3.5641354402138274,
                    5.691881808876817
                ],
                [
                    3.5641354402138274,
                    5.691881808876817
                ]
            ]
        ],
        "approximation_ratio": 1.0,
        "circuit_depth": 7,
        "num_parameters": 0,
        "optimization_history": {
            "fun": [
                -3.2978515625,
                -3.7353515625,
                -4.8828125,
                -3.5927734375,
                -3.146484375,
                -4.15234375,
                -5.0712890625,
                -5.044921875,
                -4.990234375,
                -4.8984375,
                -4.9990234375,
                -4.962890625,
                -5.0078125,
                -4.9658203125,
                -5.0009765625,
                -4.9482421875,
                -5.0576171875,
                -5.0537109375,
                -4.9951171875,
                -5.0322265625,
                -4.9453125,
                -4.9912109375,
                -4.927734375,
                -5.0224609375,
                -4.9345703125
            ],
            "params": [
                [
                    2.5788628219256804,
                    4.6440999689382645
                ],
                [
                    3.5788628219256804,
                    4.6440999689382645
                ],
                [
                    3.5788628219256804,
                    5.6440999689382645
                ],
                [
                    3.935122684655393,
                    6.578486885695882
                ],
                [
                    3.086185815624276,
                    5.729360554567768
                ],
                [
                    3.817772021618439,
                    5.717736877497528
                ],
                [
                    3.5641354402138274,
                    5.691881808876817
                ],
                [
                    3.4823096972309733,
                    5.749367005104228
                ],
                [
                    3.624893323078197,
                    5.771307747145367
                ],
                [
                    3.5492641390326427,
                    5.6441445655423035
                ],
                [
                    3.579918875047767,
                    5.711269515931618
                ],
                [
                    3.5680129816247876,
                    5.6887251219100285
                ],
                [
                    3.555613986763248,
                    5.69711486067186
                ],
                [
                    3.5615189143163057,
                    5.687621082151527
                ],
                [
                    3.57160206837646,
                    5.698533835927347
                ],
                [
                    3.564388112098044,
                    5.686888197266076
                ],
                [
                    3.565383843116513,
                    5.6919449768478705
                ],
                [
                    3.563005944091097,
                    5.694112108970691
                ],
                [
                    3.563517533123879,
                    5.691095557753961
                ],
                [
                    3.56398681974468,
                    5.692870703186715
                ],
                [
                    3.564029137492175,
                    5.69139323981172
                ],
                [
                    3.5640132979475534,
                    5.691908384557229
                ],
                [
                    3.564382228276515,
                    5.691921754491279
                ],
                [
                    3.5641248099416623,
                    5.691832951970307
                ],
                [
                    3.564206814120844,
                    5.691951850046118
                ]
            ]
        },
        "optimization_iterations": 25,
        "qaoa_cut_value": 7,
        "termination_reason": "Return from COBYLA because the trust region radius reaches its lower bound.",
        "total_shots": 1024,
        "trajectory_params": [
            [
                2.5788628219256804,
                4.6440999689382645
            ],
            [
                3.5788628219256804,
                5.6440999689382645
            ],
            [
                3.5788628219256804,
                5.6440999689382645
            ],
            [
                3.5641354402138274,
                5.691881808876817
            ],
            [
                3.5641354402138274,
                5.691881808876817
            ],
            [
                3.5641354402138274,
                5.691881808876817
            ],
            [
                3.5641354402138274,
                5.691881808876817
            ],
            [
                3.5641354402138274,
                5.691881808876817
            ],
            [
                3.5641354402138274,
                5.691881808876817
            ],
            [
                3.5641354402138274,
                5.691881808876817
            ],
            [
                3.5641354402138274,
                5.691881808876817
            ],
            [
                3.5641354402138274,
                5.691881808876817
            ],
            [
                3.5641354402138274,
                5.691881808876817
            ],
            [
                3.5641354402138274,
                5.691881808876817
            ],
            [
                3.5641354402138274,
                5.691881808876817
            ],
            [
                3.5641354402138274,
                5.691881808876817
            ]
        ]
    },
    "qaoa_config": {
        "encoding": "binary",
        "mixer": "standard",
        "optimizer": "COBYLA",
        "p_value": 1
    },