{
    "exact_max_cut_value": 3,
    "graph_metadata": {
        "density_edges": 0.75,
        "filepath": "data/generated_graphs/graph_n4_d0.75_id6.gpickle",
        "id": 6,
        "n_vertices": 4,
        "seed": 948904
    },
    "metrics": {
        "all_trajectories": [
            [
                [
                    0.43543337222828105,
                    0.6253272252132029
                ],
                [
                    0.43543337222828105,
                    1.625327225213203
                ],
                [
                    0.43543337222828105,
                    1.625327225213203
                ],
                [
                    0.43543337222828105,
                    1.625327225213203
                ],
                [
                    0.48666578783804015,
                    1.7112064403399663
                ],
                [
                    0.49963233289310127,
                    1.8103622203496816
                ],
                [
                    0.49963233289310127,
                    1.8103622203496816
                ],
                [
                    0.49963233289310127,
                    1.8103622203496816
                ],
                [
                    0.49963233289310127,
                    1.8103622203496816
                ],
                [
                    0.49963233289310127,
                    1.8103622203496816
                ],
                [
                    0.49963233289310127,
                    1.8103622203496816
                ],
                [
                    0.49963233289310127,
                    1.8103622203496816
                ],
                [
                    0.49963233289310127,
                    1.8103622203496816
                ],
                [
                    0.49963233289310127,
                    1.8103622203496816
                ],
                [
                    0.49963233289310127,
                    1.8103622203496816
                ],
                [
                    0.49963233289310127,
                    1.8103622203496816
                ],
                [
                    0.4996825643951103,
                    1.8098647499523655
                ],
                [
                    0.4996825643951103,
                    1.8098647499523655
                ],
                [
                    0.4996825643951103,
                    1.8098647499523655
                ]
            ]
        ],
        "approximation_ratio": 1.0,
        "circuit_depth": 9,
        "num_parameters": 0,
        "optimization_history": {
            "fun": [
                -1.75390625,
                -1.134765625,
                -2.0419921875,
                -1.93359375,
                -2.037109375,
                -1.9521484375,
                -1.9765625,
                -2.0947265625,
                -2.123046875,
                -2.0263671875,
                -2.095703125,
                -2.0634765625,
                -2.02734375,
                -2.0615234375,
                -2.091796875,
                -2.12109375,
                -2.099609375,
                -2.06640625,
                -2.0595703125,
                -2.08984375,
                -2.064453125,
                -2.0185546875,
                -2.0478515625,
                -2.05859375,
                -2.1279296875,
                -2.046875,
                -2.0947265625,
                -2.048828125,
                -2.0654296875,
                -2.0693359375
            ],
            "params": [
                [
                    0.43543337222828105,
                    0.6253272252132029
                ],
                [
                    1.435433372228281,
                    0.6253272252132029
                ],
                [
                    0.43543337222828105,
                    1.625327225213203
                ],
                [
                    -0.4712241429078663,
                    2.047194680994218
                ],
                [
                    0.76581264062844,
                    2.000626491148237
                ],
                [
                    0.6085474452565145,
                    1.444962268196671
                ],
                [
                    0.39936038082497466,
                    1.5907044106075563
                ],
                [
                    0.48666578783804015,
                    1.7112064403399663
                ],
                [
                    0.49963233289310127,
                    1.8103622203496816
                ],
                [
                    0.421675951572014,
                    1.8729945012543496
                ],
                [
                    0.5992814637387278,
                    1.8187318512681392
                ],
                [
                    0.4656185981761936,
                    1.847010083187886
                ],
                [
                    0.4904703671835502,
                    1.8018587866704547
                ],
                [
                    0.5203533601835207,
                    1.8243493225524143
                ],
                [
                    0.5024297533336478,
                    1.8062180148915978
                ],
                [
                    0.49138986845095184,
                    1.8160245325911517
                ],
                [
                    0.49680117677236624,
                    1.806240988128607
                ],
                [
                    0.5056328746082273,
                    1.818361814034678
                ],
                [
                    0.49694455164848095,
                    1.806146080885543
                ],
                [
                    0.5010794063868131,
                    1.8124008420173279
                ],
                [
                    0.5000400572266305,
                    1.8100728056509392
                ],
                [
                    0.49875688792431383,
                    1.8108455381608832
                ],
                [
                    0.4993906739875005,
                    1.809924497865288
                ],
                [
                    0.5005287736340934,
                    1.8108053839739666
                ],
                [
                    0.4996825643951103,
                    1.8098647499523655
                ],
                [
                    0.4994402976823065,
                    1.8098030503586289
                ],
                [
                    0.4996949043138576,
                    1.8098162966098048
                ],
                [
                    0.4997029031538737,
                    1.8099626597827807
                ],
                [
                    0.49973151931031795,
                    1.8098545805729838
                ],
                [
                    0.4995889529244282,
                    1.8098295804690492
                ]
            ]
        },
        "optimization_iterations": 30,
        "qaoa_cut_value": 3,
        "termination_reason": "Return from COBYLA because the trust region radius reaches its lower bound.",
        "total_shots": 1024,