{
    "exact_max_cut_value": 4,
    "graph_metadata": {
        "density_edges": 0.5,
        "filepath": "data/generated_graphs/graph_n4_d0.50_id8.gpickle",
        "id": 8,
        "n_vertices": 4,
        "seed": 806847
    },
    "metrics": {
        "all_trajectories": [
            [
                [
                    1.452068203256738,
                    0.1566251422764717,
                    5.001336894858211,
                    2.499333071744178
                ],
                [
                    2.4520682032567382,
                    1.1566251422764717,
                    5.001336894858211,
                    2.499333071744178
                ],
                [
                    2.4520682032567382,
                    1.1566251422764717,
                    5.001336894858211,
                    2.499333071744178
                ],
                [
                    2.4523381704801412,
                    1.206494507066177,
                    5.004938779527325,
                    2.499333071744178
                ],
                [
                    2.449216688621941,
                    1.217655287117055,
                    5.103871800475515,
                    2.4905041020574115
                ],
                [
                    2.449216688621941,
                    1.217655287117055,
                    5.103871800475515,
                    2.4905041020574115
                ],
                [
                    2.449216688621941,
                    1.217655287117055,
                    5.103871800475515,
                    2.4905041020574115
                ],
                [
                    2.4427377992002968,
                    1.2306287712008768,
                    5.133114980314766,
                    2.4526286596774454
                ],
                [
                    2.4427377992002968,
                    1.2306287712008768,
                    5.133114980314766,
                    2.4526286596774454
                ],
                [
                    2.4427377992002968,
                    1.2306287712008768,
                    5.133114980314766,
                    2.4526286596774454
                ],
                [
                    2.447399796204173,
                    1.2253016677142403,
                    5.130247847578342,
                    2.4288238848990478
                ],
                [
                    2.447399796204173,
                    1.2253016677142403,
                    5.130247847578342,
                    2.4288238848990478
                ],
                [
                    2.447399796204173,
                    1.2253016677142403,
                    5.130247847578342,
                    2.4288238848990478
                ],
                [
                    2.447399796204173,
                    1.2253016677142403,
                    5.130247847578342,
                    2.4288238848990478
                ],
                [
                    2.447399796204173,
                    1.2253016677142403,
                    5.130247847578342,
                    2.4288238848990478
                ],
                [
                    2.447399796204173,
                    1.2253016677142403,
                    5.130247847578342,
                    2.4288238848990478
                ],
                [
                    2.447399796204173,
                    1.2253016677142403,
                    5.130247847578342,
                    2.4288238848990478
                ],
                [
                    2.447423067626725,
                    1.225548509260346,
                    5.130325007501876,
                    2.429251171732696
                ],
                [
                    2.447423067626725,
                    1.225548509260346,
                    5.130325007501876,
                    2.429251171732696
                ],
                [
                    2.4480382705635857,
                    1.2259990075111018,
                    5.1301668462962455,
                    2.4298785166980674
                ],
                [
                    2.4480382705635857,
                    1.2259990075111018,
                    5.1301668462962455,
                    2.4298785166980674
                ],
                [
                    2.4480382705635857,
                    1.2259990075111018,
                    5.1301668462962455,
                    2.4298785166980674
                ],
                [
                    2.4480382705635857,
                    1.2259990075111018,
                    5.1301668462962455,
                    2.4298785166980674
                ],
                [
                    2.4480382705635857,
                    1.2259990075111018,
                    5.1301668462962455,
                    2.4298785166980674
                ]
            ]
        ],
        "approximation_ratio": 1.0,
        "circuit_depth": 19,
        "num_parameters": 0,
        "optimization_history": {
            "fun": [
                -2.8232421875,
                -2.9013671875,
                -3.0625,
                -2.599609375,
                -2.826171875,
                -2.3447265625,
                -2.02734375,
                -3.02734375,
                -2.4345703125,
                -3.0869140625,
                -3.197265625,
                -3.099609375,
                -3.0908203125,
                -3.2685546875,
                -3.2373046875,
                -3.189453125,
                -3.1240234375,
                -3.24609375,
                -3.28515625,
                -3.2734375,
                -3.2275390625,
                -3.259765625,
                -3.23046875,
                -3.189453125,
                -3.265625,
                -3.2607421875,
                -3.24609375,
                -3.26171875,
                -3.23046875,
                -3.2724609375,
                -3.2880859375,
                -3.2412109375,
                -3.25390625,
                -3.3154296875,
                -3.25390625,
                -3.232421875,
                -3.21875,
                -3.20703125,
                -3.216796875,
                -3.2216796875,
                -3.2373046875,
                -3.201171875
            ],