{
    "exact_max_cut_value": 4,
    "graph_metadata": {
        "density_edges": 0.75,
        "filepath": "data/generated_graphs/graph_n4_d0.75_id5.gpickle",
        "id": 5,
        "n_vertices": 4,
        "seed": 736123
    },
    "metrics": {
        "all_trajectories": [
            [
                [
                    2.1638553297028853,
                    3.7274957083260873,
                    5.660277205823573,
                    5.696969694012555
                ],
                [
                    2.1638553297028853,
                    4.727495708326087,
                    5.660277205823573,
                    5.696969694012555
                ],
                [
                    1.8506846352084172,
                    5.021005462359019,
                    5.916280142028502,
                    5.681521812221348
                ],
                [
                    1.8506846352084172,
                    5.021005462359019,
                    5.916280142028502,
                    5.681521812221348
                ],
                [
                    1.8506846352084172,
                    5.021005462359019,
                    5.916280142028502,
                    5.681521812221348
                ],
                [
                    1.7959041304103334,
                    4.854571179695792,
                    6.094601698996958,
                    5.681136885228142
                ],
                [
                    1.7970674063603245,
                    4.853798054377742,
                    6.093991559609575,
                    5.631160122665579
                ],
                [
                    1.7970674063603245,
                    4.853798054377742,
                    6.093991559609575,
                    5.631160122665579
                ],
                [
                    1.846100244981591,
                    4.865715800317159,
                    6.011226833134703,
                    5.606588836170891
                ],
                [
                    1.846100244981591,
                    4.865715800317159,
                    6.011226833134703,
                    5.606588836170891
                ],
                [
                    1.83782131072611,
                    4.862759122623257,
                    6.002951606992723,
                    5.609827344609493
                ],
                [
                    1.8231699975308482,
                    4.869699537171894,
                    6.00563184004587,
                    5.590986271966774
                ],
                [
                    1.8172346771991283,
                    4.868474002919155,
                    6.0124818012836325,
                    5.5950295465550735
                ],
                [
                    1.8172346771991283,
                    4.868474002919155,
                    6.0124818012836325,
                    5.5950295465550735
                ],
                [
                    1.8172346771991283,
                    4.868474002919155,
                    6.0124818012836325,
                    5.5950295465550735
                ],
                [
                    1.8172346771991283,
                    4.868474002919155,
                    6.0124818012836325,
                    5.5950295465550735
                ],
                [
                    1.8172346771991283,
                    4.868474002919155,
                    6.0124818012836325,
                    5.5950295465550735
                ],
                [
                    1.8172346771991283,
                    4.868474002919155,
                    6.0124818012836325,
                    5.5950295465550735
                ],
                [
                    1.8172346771991283,
                    4.868474002919155,
                    6.0124818012836325,
                    5.5950295465550735
                ],
                [
                    1.8172346771991283,
                    4.868474002919155,
                    6.0124818012836325,
                    5.5950295465550735
                ],
                [
                    1.8172346771991283,
                    4.868474002919155,
                    6.0124818012836325,
                    5.5950295465550735
                ],
                [
                    1.8172346771991283,
                    4.868474002919155,
                    6.0124818012836325,
                    5.5950295465550735
                ],
                [
                    1.8172346771991283,
                    4.868474002919155,
                    6.0124818012836325,
                    5.5950295465550735
                ]
            ]
        ],
        "approximation_ratio": 1.0,
        "circuit_depth": 12,
        "num_parameters": 0,
        "optimization_history": {
            "fun": [
                -2.5205078125,
                -2.302734375,
                -2.724609375,
                -0.9169921875,
                -2.7138671875,
                -2.59765625,
                -3.1142578125,
                -2.638671875,
                -0.9462890625,
                -2.4873046875,
                -3.84765625,
                -3.142578125,
                -3.90234375,
                -3.8427734375,
                -3.779296875,
                -3.9638671875,
                -3.8564453125,
                -3.83984375,
                -3.9677734375,
                -3.9765625,
                -3.98828125,
                -3.98046875,
                -3.98828125,
                -3.978515625,
                -3.9794921875,
                -3.984375,
                -3.9755859375,
                -3.9833984375,
                -3.9599609375,
                -3.97265625,
                -3.9794921875,
                -3.970703125,
                -3.96875,
                -3.9873046875,
                -3.97265625,
                -3.97265625,
                -3.9716796875,
                -3.98046875,
                -3.970703125,
                -3.98046875
            ],