{
    "exact_max_cut_value": 3,
    "graph_metadata": {
        "density_edges": 0.25,
        "filepath": "data/generated_graphs/graph_n4_d0.25_id5.gpickle",
        "id": 5,
        "n_vertices": 4,
        "seed": 863747
    },
    "metrics": {
        "all_trajectories": [
            [
                [
                    0.7258794747432912,
                    1.1396637632419915,
                    1.8114728647171887,
                    1.7847938523988982
                ],
                [
                    0.7258794747432912,
                    2.1396637632419915,
                    2.8114728647171887,
                    1.7847938523988982
                ],
                [
                    0.7258794747432912,
                    2.1396637632419915,
                    2.8114728647171887,
                    1.7847938523988982
                ],
                [
                    0.9305594248109355,
                    2.0728605602675914,
                    2.6847855982638067,
                    1.775109502589153
                ],
                [
                    0.9305594248109355,
                    2.0728605602675914,
                    2.6847855982638067,
                    1.775109502589153
                ],
                [
                    0.9305594248109355,
                    2.0728605602675914,
                    2.6847855982638067,
                    1.775109502589153
                ],
                [
                    0.9305594248109355,
                    2.0728605602675914,
                    2.6847855982638067,
                    1.775109502589153
                ],
                [
                    0.9305594248109355,
                    2.0728605602675914,
                    2.6847855982638067,
                    1.775109502589153
                ],
                [
                    0.9305594248109355,
                    2.0728605602675914,
                    2.6847855982638067,
                    1.775109502589153
                ],
                [
                    0.9305594248109355,
                    2.0728605602675914,
                    2.6847855982638067,
                    1.775109502589153
                ],
                [
                    0.9305594248109355,
                    2.0728605602675914,
                    2.6847855982638067,
                    1.775109502589153
                ],
                [
                    0.9305594248109355,
                    2.0728605602675914,
                    2.6847855982638067,
                    1.775109502589153
                ],
                [
                    0.9305594248109355,
                    2.0728605602675914,
                    2.6847855982638067,
                    1.775109502589153
                ],
                [
                    0.9305594248109355,
                    2.0728605602675914,
                    2.6847855982638067,
                    1.775109502589153
                ],
                [
                    0.9305594248109355,
                    2.0728605602675914,
                    2.6847855982638067,
                    1.775109502589153
                ],
                [
                    0.9305594248109355,
                    2.0728605602675914,
                    2.6847855982638067,
                    1.775109502589153
                ],
                [
                    0.9305594248109355,
                    2.0728605602675914,
                    2.6847855982638067,
                    1.775109502589153
                ],
                [
                    0.9305594248109355,
                    2.0728605602675914,
                    2.6847855982638067,
                    1.775109502589153
                ],
                [
                    0.9305594248109355,
                    2.0728605602675914,
                    2.6847855982638067,
                    1.775109502589153
                ],
                [
                    0.9305594248109355,
                    2.0728605602675914,
                    2.6847855982638067,
                    1.775109502589153
                ]
            ]
        ],
        "approximation_ratio": 1.0,
        "circuit_depth": 17,
        "num_parameters": 0,
        "optimization_history": {
            "fun": [
                -0.8037109375,
                -0.7880859375,
                -0.8134765625,
                -2.0341796875,
                -1.994140625,
                -1.4990234375,
                -1.9765625,
                -1.9296875,
                -2.1689453125,
                -1.8837890625,
                -2.087890625,
                -2.1669921875,
                -2.146484375,
                -2.1279296875,
                -2.1533203125,
                -2.0888671875,
                -2.1376953125,
                -2.1298828125,
                -2.1171875,
                -2.1298828125,
                -2.119140625,
                -2.154296875,
                -2.126953125,
                -2.1171875,
                -2.140625,
                -2.09765625,
                -2.0810546875,
                -2.1298828125,
                -2.12109375,
                -2.10546875,
                -2.1513671875,
                -2.0791015625,
                -2.076171875,
                -2.1650390625,
                -2.1083984375,
                -2.1103515625,
                -2.0908203125,
                -2.0810546875,
                -2.1044921875
            ],