{
    "exact_max_cut_value": 13,
    "graph_metadata": {
        "density_edges": 0.5,
        "filepath": "data/generated_graphs/graph_n8_d0.50_id5.gpickle",
        "id": 5,
        "n_vertices": 8,
        "seed": 989082
    },
    "metrics": {
        "all_trajectories": [
            [
                [
                    1.7541605770879862,
                    2.739265821540874
                ],
                [
                    1.7541605770879862,
                    2.739265821540874
                ],
                [
                    1.8327782312529342,
                    2.8364474270719655
                ],
                [
                    1.8327782312529342,
                    2.8364474270719655
                ],
                [
                    1.8633026462044537,
                    2.9316748395741827
                ],
                [
                    1.8633026462044537,
                    2.9316748395741827
                ],
                [
                    1.8633026462044537,
                    2.9316748395741827
                ],
                [
                    1.8682038658347488,
                    2.9306858774234352
                ],
                [
                    1.877095867377735,
                    2.926110693431558
                ],
                [
                    1.8782490779102443,
                    2.916177410717988
                ],
                [
                    1.8782490779102443,
                    2.916177410717988
                ],
                [
                    1.8782490779102443,
                    2.916177410717988
                ],
                [
                    1.878220582579397,
                    2.918677248315937
                ],
                [
                    1.8777206150598071,
                    2.9186715492497672
                ],
                [
                    1.8777206150598071,
                    2.9186715492497672
                ],
                [
                    1.8777206150598071,
                    2.9186715492497672
                ],
                [
                    1.8777206150598071,
                    2.9186715492497672
                ],
                [
                    1.8777206150598071,
                    2.9186715492497672
                ]
            ]
        ],
        "approximation_ratio": 1.0,
        "circuit_depth": 11,
        "num_parameters": 0,
        "optimization_history": {
            "fun": [
                -9.5703125,
                -5.953125,
                -8.224609375,
                -8.48046875,
                -8.6162109375,
                -10.1494140625,
                -9.4287109375,
                -10.0595703125,
                -10.3896484375,
                -9.787109375,
                -10.2333984375,
                -10.373046875,
                -10.330078125,
                -10.4130859375,
                -10.4296875,
                -10.431640625,
                -10.431640625,
                -10.38671875,
                -10.43359375,
                -10.423828125,
                -10.4921875,
                -10.3994140625,
                -10.3798828125,
                -10.388671875,
                -10.4423828125,
                -10.37890625,
                -10.388671875
            ],
            "params": [
                [
                    1.7541605770879862,
                    2.739265821540874
                ],
                [
                    2.754160577087986,
                    2.739265821540874
                ],
                [
                    1.7541605770879862,
                    3.739265821540874
                ],
                [
                    0.8169194944030762,
                    2.3905837988789393
                ],
                [
                    2.142886999212352,
                    2.424795204881083
                ],
                [
                    1.8327782312529342,
                    2.8364474270719655
                ],
                [
                    1.9041411217270996,
                    3.076045711421358
                ],
                [
                    1.8716508734653707,
                    2.8050003654059865
                ],
                [
                    1.8633026462044537,
                    2.9316748395741827
                ],
                [
                    1.8550458202541833,
                    3.031333380729605
                ],
                [
                    1.912314842507404,
                    2.9217852180667094
                ],
                [
                    1.865775051581322,
                    2.9439278886499203
                ],
                [
                    1.8388148099402726,
                    2.926640370873451
                ],
                [
                    1.8682038658347488,
                    2.9306858774234352
                ],
                [
                    1.877095867377735,
                    2.926110693431558
                ],
                [
                    1.8782490779102443,
                    2.916177410717988
                ],
                [
                    1.8882484283020406,
                    2.9162913920413778
                ],
                [
                    1.8783060685719393,
                    2.91117773552209
                ],
                [
                    1.878220582579397,
                    2.918677248315937
                ],
                [
                    1.8782091844470579,
                    2.9196771833551165
                ],
                [
                    1.8777206150598071,
                    2.9186715492497672
                ],
                [
                    1.8767250806013618,
                    2.9185771504041815
                ],
                [
                    1.8780508813273473,
                    2.9182961505383616
                ],
                [
                    1.8776267653819558,
                    2.9185889826828824
                ],
                [
                    1.8778585427280414,
                    2.9188800581424683
                ],
                [
                    1.8778010939645617,
                    2.918612193155813
                ],
                [
                    1.8777039293938536,
                    2.918770147366137
                ]
            ]
        },
        "optimization_iterations": 27,
        "qaoa_cut_value": 13,
        "termination_reason": "Return from COBYLA because the trust region radius reaches its lower bound.",
        "total_shots": 1024,