{
    "exact_max_cut_value": 4,
    "graph_metadata": {
        "density_edges": 0.75,
        "filepath": "data/generated_graphs/graph_n4_d0.75_id2.gpickle",
        "id": 2,
        "n_vertices": 4,
        "seed": 363457
    },
    "metrics": {
        "all_trajectories": [
            [
                [
                    4.639985092389062,
                    5.424749011184966
                ],
                [
                    4.639985092389062,
                    6.424749011184966
                ],
                [
                    4.639985092389062,
                    6.424749011184966
                ],
                [
                    4.390166381138093,
                    6.434268018953896
                ],
                [
                    4.394822640047712,
                    6.484050739379427
                ],
                [
                    4.394822640047712,
                    6.484050739379427
                ],
                [
                    4.394822640047712,
                    6.484050739379427
                ],
                [
                    4.382429603047652,
                    6.482418981457697
                ],
                [
                    4.382429603047652,
                    6.482418981457697
                ],
                [
                    4.382429603047652,
                    6.482418981457697
                ],
                [
                    4.381489400482347,
                    6.477508175094564
                ],
                [
                    4.381489400482347,
                    6.477508175094564
                ],
                [
                    4.381489400482347,
                    6.477508175094564
                ],
                [
                    4.381489400482347,
                    6.477508175094564
                ],
                [
                    4.381489400482347,
                    6.477508175094564
                ],
                [
                    4.381489400482347,
                    6.477508175094564
                ],
                [
                    4.381489400482347,
                    6.477508175094564
                ],
                [
                    4.381489400482347,
                    6.477508175094564
                ],
                [
                    4.381489400482347,
                    6.477508175094564
                ]
            ]
        ],
        "approximation_ratio": 1.0,
        "circuit_depth": 7,
        "num_parameters": 0,
        "optimization_history": {
            "fun": [
                -3.017578125,
                -2.8017578125,
                -3.1826171875,
                -2.96875,
                -1.2158203125,
                -3.625,
                -3.138671875,
                -3.666015625,
                -3.6455078125,
                -3.556640625,
                -3.59765625,
                -3.6806640625,
                -3.6787109375,
                -3.658203125,
                -3.6494140625,
                -3.6962890625,
                -3.6650390625,
                -3.6259765625,
                -3.6416015625,
                -3.642578125,
                -3.6796875,
                -3.666015625,
                -3.6455078125,
                -3.6455078125,
                -3.6640625,
                -3.673828125,
                -3.6533203125,
                -3.638671875
            ],
            "params": [
                [
                    4.639985092389062,
                    5.424749011184966
                ],
                [
                    5.639985092389062,
                    5.424749011184966
                ],
                [
                    4.639985092389062,
                    6.424749011184966
                ],
                [
                    3.8456272594118657,
                    7.032199118755763
                ],
                [
                    5.101410480821367,
                    6.61732785454554
                ],
                [
                    4.390166381138093,
                    6.434268018953896
                ],
                [
                    4.141252779010438,
                    6.457549313501991
                ],
                [
                    4.394822640047712,
                    6.484050739379427
                ],
                [
                    4.490183262038028,
                    6.514156416146777
                ],
                [
                    4.345764594168821,
                    6.571190329317322
                ],
                [
                    4.401349671734631,
                    6.434478591379184
                ],
                [
                    4.382429603047652,
                    6.482418981457697
                ],
                [
                    4.363821193955461,
                    6.4991141038309435
                ],
                [
                    4.383082306216344,
                    6.477461766657673
                ],
                [
                    4.378663850199328,
                    6.491682841640436
                ],
                [
                    4.381489400482347,
                    6.477508175094564
                ],
                [
                    4.37898952550172,
                    6.467825684450043
                ],
                [
                    4.377935223342921,
                    6.481024966936794
                ],
                [
                    4.382368598442905,
                    6.478396719379421
                ],
                [
                    4.380359162760137,
                    6.4752782507256015
                ],
                [
                    4.380648124088428,
                    6.478048780337819
                ],
                [
                    4.381251962964109,
                    6.476536772281652
                ],
                [
                    4.381906225328324,
                    6.477784321881213
                ],
                [
                    4.3815584371790095,
                    6.47740396888307
                ],
                [
                    4.381304902178069,
                    6.477676877126912
                ],
                [
                    4.381490857933239,
                    6.477408185715944
                ],
                [
                    4.381539395171657,
                    6.477508903820009
                ],
                [
                    4.381392292172263,
                    6.477532049267065
                ]
            ]
        },
        "optimization_iterations": 28,
        "qaoa_cut_value": 4,
        "termination_reason": "Return from COBYLA because the trust region radius reaches its lower bound.",
        "total_shots": 1024,