{
    "exact_max_cut_value": 5,
    "graph_metadata": {
        "density_edges": 0.1,
        "filepath": "data/generated_graphs/graph_n8_d0.10_id2.gpickle",
        "id": 2,
        "n_vertices": 8,
        "seed": 715730
    },
    "metrics": {
        "all_trajectories": [
            [
                [
                    5.02711352518711,
                    2.140015857293141
                ],
                [
                    5.02711352518711,
                    2.140015857293141
                ],
                [
                    5.02711352518711,
                    2.140015857293141
                ],
                [
                    5.02711352518711,
                    2.140015857293141
                ],
                [
                    5.123962462788456,
                    2.164921344349018
                ],
                [
                    5.123962462788456,
                    2.164921344349018
                ],
                [
                    5.156139031257182,
                    2.2031923312918367
                ],
                [
                    5.156139031257182,
                    2.2031923312918367
                ],
                [
                    5.156139031257182,
                    2.2031923312918367
                ],
                [
                    5.156139031257182,
                    2.2031923312918367
                ],
                [
                    5.14937691803902,
                    2.19582525420355
                ],
                [
                    5.14937691803902,
                    2.19582525420355
                ],
                [
                    5.14937691803902,
                    2.19582525420355
                ],
                [
                    5.14937691803902,
                    2.19582525420355
                ],
                [
                    5.14937691803902,
                    2.19582525420355
                ],
                [
                    5.14937691803902,
                    2.19582525420355
                ],
                [
                    5.14937691803902,
                    2.19582525420355
                ],
                [
                    5.14937691803902,
                    2.19582525420355
                ],
                [
                    5.14937691803902,
                    2.19582525420355
                ],
                [
                    5.14937691803902,
                    2.19582525420355
                ]
            ]
        ],
        "approximation_ratio": 1.0,
        "circuit_depth": 5,
        "num_parameters": 0,
        "optimization_history": {
            "fun": [
                -4.138671875,
                -0.9765625,
                -2.462890625,
                -2.1171875,
                -2.6982421875,
                -3.0419921875,
                -4.109375,
                -4.150390625,
                -4.14453125,
                -4.2041015625,
                -3.96484375,
                -4.1962890625,
                -4.1494140625,
                -4.248046875,
                -4.2314453125,
                -4.15625,
                -4.1904296875,
                -4.130859375,
                -4.1953125,
                -4.2119140625,
                -4.1572265625,
                -4.1796875,
                -4.23046875,
                -4.21875,
                -4.18359375,
                -4.2001953125,
                -4.181640625,
                -4.2060546875,
                -4.1982421875
            ],
            "params": [
                [
                    5.02711352518711,
                    2.140015857293141
                ],
                [
                    6.02711352518711,
                    2.140015857293141
                ],
                [
                    5.02711352518711,
                    3.140015857293141
                ],
                [
                    4.143524818264652,
                    1.6717520459654889
                ],
                [
                    5.4693283053460044,
                    1.90667900163373
                ],
                [
                    4.795365977931837,
                    2.0462444632480197
                ],
                [
                    5.0083592463780855,
                    2.1863653667441953
                ],
                [
                    5.123962462788456,
                    2.164921344349018
                ],
                [
                    5.167692000896329,
                    2.074989550767037
                ],
                [
                    5.156139031257182,
                    2.2031923312918367
                ],
                [
                    5.243728911066906,
                    2.251441817868567
                ],
                [
                    5.1217550089635315,
                    2.239493006366961
                ],
                [
                    5.17652867004754,
                    2.2176582439833585
                ],
                [
                    5.14937691803902,
                    2.19582525420355
                ],
                [
                    5.135354546930189,
                    2.1815643598246477
                ],
                [
                    5.152942141633746,
                    2.192319661426342
                ],
                [
                    5.142570419292088,
                    2.2031513428467493
                ],
                [
                    5.1534024621127115,
                    2.1928596185363167
                ],
                [
                    5.150118326955829,
                    2.1968316402219727
                ],
                [
                    5.147103213528833,
                    2.194785894881489
                ],
                [
                    5.149904797311611,
                    2.194975934785681
                ],
                [
                    5.148416494382148,
                    2.1961037975562263
                ],
                [
                    5.149612431250135,
                    2.195384194652706
                ],
                [
                    5.149266653151309,
                    2.1957663759007713
                ],
                [
                    5.149577539882621,
                    2.1959744214783465
                ],
                [
                    5.149347084584061,
                    2.19586537857227
                ],
                [
                    5.149413657191498,
                    2.195732247565748
                ],
                [
                    5.149330414720119,
                    2.195806884627311
                ],
                [
                    5.149427086966138,
                    2.1959117589938906
                ]
            ]
        },
        "optimization_iterations": 29,
        "qaoa_cut_value": 5,
        "termination_reason": "Return from COBYLA because the trust region radius reaches its lower bound.",
        "total_shots": 1024,