{
    "exact_max_cut_value": 3,
    "graph_metadata": {
        "density_edges": 0.25,
        "filepath": "data/generated_graphs/graph_n4_d0.25_id1.gpickle",
        "id": 1,
        "n_vertices": 4,
        "seed": 15772
    },
    "metrics": {
        "all_trajectories": [
            [
                [
                    5.931079119725883,
                    1.8780297851016432,
                    1.0204886621114027,
                    5.857720183015977
                ],
                [
                    7.149970424998738,
                    3.837141305915529,
                    0.9252458804277938,
                    5.705665917521093
                ],
                [
                    7.149970424998738,
                    3.837141305915529,
                    0.9252458804277938,
                    5.705665917521093
                ],
                [
                    8.149274988865827,
                    3.8128017068436093,
                    0.9102506142780284,
                    5.681726106650415
                ],
                [
                    8.149274988865827,
                    3.8128017068436093,
                    0.9102506142780284,
                    5.681726106650415
                ],
                [
                    8.150062187226634,
                    3.816250957676464,
                    0.8196833227357205,
                    5.7678077463311475
                ],
                [
                    8.150062187226634,
                    3.816250957676464,
                    0.8196833227357205,
                    5.7678077463311475
                ],
                [
                    8.155027074380083,
                    3.8501205273270918,
                    0.7409332070291863,
                    5.71655717147152
                ],
                [
                    8.155027074380083,
                    3.8501205273270918,
                    0.7409332070291863,
                    5.71655717147152
                ],
                [
                    8.155027074380083,
                    3.8501205273270918,
                    0.7409332070291863,
                    5.71655717147152
                ],
                [
                    8.155027074380083,
                    3.8501205273270918,
                    0.7409332070291863,
                    5.71655717147152
                ],
                [
                    8.155027074380083,
                    3.8501205273270918,
                    0.7409332070291863,
                    5.71655717147152
                ],
                [
                    8.155027074380083,
                    3.8501205273270918,
                    0.7409332070291863,
                    5.71655717147152
                ],
                [
                    8.155027074380083,
                    3.8501205273270918,
                    0.7409332070291863,
                    5.71655717147152
                ],
                [
                    8.155027074380083,
                    3.8501205273270918,
                    0.7409332070291863,
                    5.71655717147152
                ],
                [
                    8.155027074380083,
                    3.8501205273270918,
                    0.7409332070291863,
                    5.71655717147152
                ],
                [
                    8.155027074380083,
                    3.8501205273270918,
                    0.7409332070291863,
                    5.71655717147152
                ],
                [
                    8.155027074380083,
                    3.8501205273270918,
                    0.7409332070291863,
                    5.71655717147152
                ],
                [
                    8.155027074380083,
                    3.8501205273270918,
                    0.7409332070291863,
                    5.71655717147152
                ],
                [
                    8.155027074380083,
                    3.8501205273270918,
                    0.7409332070291863,
                    5.71655717147152
                ],
                [
                    8.155027074380083,
                    3.8501205273270918,
                    0.7409332070291863,
                    5.71655717147152
                ],
                [
                    8.155027074380083,
                    3.8501205273270918,
                    0.7409332070291863,
                    5.71655717147152
                ]
            ]
        ],
        "approximation_ratio": 1.0,
        "circuit_depth": 15,
        "num_parameters": 0,
        "optimization_history": {
            "fun": [
                -0.837890625,
                -0.9658203125,
                -1.5263671875,
                -1.470703125,
                -1.4375,
                -2.2705078125,
                -1.2939453125,
                -2.396484375,
                -2.154296875,
                -1.2607421875,
                -2.451171875,
                -2.044921875,
                -2.4169921875,
                -2.45703125,
                -2.455078125,
                -2.3701171875,
                -2.3955078125,
                -2.4287109375,
                -2.44921875,
                -2.4306640625,
                -2.41015625,
                -2.408203125,
                -2.4150390625,
                -2.4033203125,
                -2.404296875,
                -2.427734375,
                -2.4169921875,
                -2.4296875,
                -2.41796875,
                -2.400390625,
                -2.44140625,
                -2.41796875,
                -2.423828125,
                -2.4287109375,
                -2.3798828125,
                -2.44140625,
                -2.40625,
                -2.3984375,
                -2.4482421875,
                -2.4296875
            ],