{
    "exact_max_cut_value": 3,
    "graph_metadata": {
        "density_edges": 0.25,
        "filepath": "data/generated_graphs/graph_n4_d0.25_id4.gpickle",
        "id": 4,
        "n_vertices": 4,
        "seed": 775440
    },
    "metrics": {
        "all_trajectories": [
            [
                [
                    0.8886993087721833,
                    0.28916991412729776,
                    3.4256891836778354,
                    5.287181801239625
                ],
                [
                    0.7300826069284082,
                    1.7385839026846603,
                    2.7457522551075195,
                    4.729908455428496
                ],
                [
                    0.7300826069284082,
                    1.7385839026846603,
                    2.7457522551075195,
                    4.729908455428496
                ],
                [
                    0.7300826069284082,
                    1.7385839026846603,
                    2.7457522551075195,
                    4.729908455428496
                ],
                [
                    0.7707840976470139,
                    1.948379281294231,
                    2.5996094306563937,
                    5.157660208936062
                ],
                [
                    0.784939438102021,
                    1.9356383586849604,
                    2.6416369745915205,
                    5.176921070247239
                ],
                [
                    0.8629333317861985,
                    1.9622449224246648,
                    2.6981244453758046,
                    5.181188265853364
                ],
                [
                    0.9042240609980685,
                    1.9846635393245398,
                    2.7837162999635363,
                    5.20278724096056
                ],
                [
                    0.9042240609980685,
                    1.9846635393245398,
                    2.7837162999635363,
                    5.20278724096056
                ],
                [
                    0.9042240609980685,
                    1.9846635393245398,
                    2.7837162999635363,
                    5.20278724096056
                ],
                [
                    0.9042240609980685,
                    1.9846635393245398,
                    2.7837162999635363,
                    5.20278724096056
                ],
                [
                    0.913692289031857,
                    1.990156725783016,
                    2.7776818016320277,
                    5.202898552773131
                ],
                [
                    0.913692289031857,
                    1.990156725783016,
                    2.7776818016320277,
                    5.202898552773131
                ],
                [
                    0.913692289031857,
                    1.990156725783016,
                    2.7776818016320277,
                    5.202898552773131
                ],
                [
                    0.913692289031857,
                    1.990156725783016,
                    2.7776818016320277,
                    5.202898552773131
                ],
                [
                    0.9146185315803429,
                    1.9909415897817466,
                    2.7773842721943436,
                    5.2029048359715295
                ],
                [
                    0.9146185315803429,
                    1.9909415897817466,
                    2.7773842721943436,
                    5.2029048359715295
                ],
                [
                    0.9146185315803429,
                    1.9909415897817466,
                    2.7773842721943436,
                    5.2029048359715295
                ],
                [
                    0.9146185315803429,
                    1.9909415897817466,
                    2.7773842721943436,
                    5.2029048359715295
                ],
                [
                    0.9147155085200495,
                    1.9910099660929859,
                    2.7773449643686803,
                    5.202904616727233
                ],
                [
                    0.9147155085200495,
                    1.9910099660929859,
                    2.7773449643686803,
                    5.202904616727233
                ],
                [
                    0.9147155085200495,
                    1.9910099660929859,
                    2.7773449643686803,
                    5.202904616727233
                ],
                [
                    0.9147155085200495,
                    1.9910099660929859,
                    2.7773449643686803,
                    5.202904616727233
                ]
            ]
        ],
        "approximation_ratio": 1.0,
        "circuit_depth": 17,
        "num_parameters": 0,
        "optimization_history": {
            "fun": [
                -1.04296875,
                -0.896484375,
                -1.4580078125,
                -0.830078125,
                -0.943359375,
                -1.9599609375,
                -1.6455078125,
                -1.6748046875,
                -0.951171875,
                -1.9853515625,
                -1.8974609375,
                -2.0205078125,
                -2.091796875,
                -2.140625,
                -2.0888671875,
                -2.1083984375,
                -2.0654296875,
                -2.140625,
                -2.0859375,
                -2.1591796875,
                -2.1142578125,
                -2.107421875,
                -2.1396484375,
                -2.1337890625,
                -2.125,
                -2.09765625,
                -2.1708984375,
                -2.1083984375,
                -2.158203125,
                -2.1259765625,
                -2.1064453125,
                -2.1064453125,
                -2.0927734375,
                -2.1826171875,
                -2.15625,
                -2.1240234375,
                -2.1259765625,
                -2.1171875,
                -2.1552734375,
                -2.1474609375,
                -2.05859375
            ],