{
    "exact_max_cut_value": 4,
    "graph_metadata": {
        "density_edges": 0.75,
        "filepath": "data/generated_graphs/graph_n4_d0.75_id0.gpickle",
        "id": 0,
        "n_vertices": 4,
        "seed": 126659
    },
    "metrics": {
        "all_trajectories": [
            [
                [
                    0.7221126090734248,
                    5.250292595983794
                ],
                [
                    1.7221126090734247,
                    5.250292595983794
                ],
                [
                    1.7221126090734247,
                    5.250292595983794
                ],
                [
                    1.7221126090734247,
                    5.250292595983794
                ],
                [
                    1.7221126090734247,
                    5.250292595983794
                ],
                [
                    1.7221126090734247,
                    5.250292595983794
                ],
                [
                    1.7221126090734247,
                    5.250292595983794
                ],
                [
                    1.7221126090734247,
                    5.250292595983794
                ],
                [
                    1.7221126090734247,
                    5.250292595983794
                ],
                [
                    1.7285017908108085,
                    5.242599848962952
                ],
                [
                    1.7285017908108085,
                    5.242599848962952
                ],
                [
                    1.7285017908108085,
                    5.242599848962952
                ],
                [
                    1.7285017908108085,
                    5.242599848962952
                ],
                [
                    1.7285017908108085,
                    5.242599848962952
                ],
                [
                    1.7285017908108085,
                    5.242599848962952
                ],
                [
                    1.7285017908108085,
                    5.242599848962952
                ],
                [
                    1.7285017908108085,
                    5.242599848962952
                ],
                [
                    1.7285017908108085,
                    5.242599848962952
                ]
            ]
        ],
        "approximation_ratio": 1.0,
        "circuit_depth": 11,
        "num_parameters": 0,
        "optimization_history": {
            "fun": [
                -3.4716796875,
                -3.9716796875,
                -3.197265625,
                -2.9189453125,
                -1.7880859375,
                -3.365234375,
                -3.9716796875,
                -3.8193359375,
                -3.8310546875,
                -3.943359375,
                -3.955078125,
                -3.95703125,
                -3.966796875,
                -3.984375,
                -3.97265625,
                -3.9755859375,
                -3.97265625,
                -3.9716796875,
                -3.9697265625,
                -3.97265625,
                -3.9345703125,
                -3.9609375,
                -3.966796875,
                -3.9755859375,
                -3.9765625,
                -3.974609375,
                -3.970703125
            ],
            "params": [
                [
                    0.7221126090734248,
                    5.250292595983794
                ],
                [
                    1.7221126090734247,
                    5.250292595983794
                ],
                [
                    1.7221126090734247,
                    6.250292595983794
                ],
                [
                    2.2645290127748248,
                    4.410182814469711
                ],
                [
                    1.8733222694222706,
                    5.726880089123497
                ],
                [
                    1.748336415653322,
                    5.001671776323693
                ],
                [
                    1.7718367730054447,
                    5.255537357299773
                ],
                [
                    1.7116230864414657,
                    5.349740923847834
                ],
                [
                    1.7326021317053837,
                    5.150844268119753
                ],
                [
                    1.7168678477574453,
                    5.300016759915814
                ],
                [
                    1.7247349897314144,
                    5.225430514017784
                ],
                [
                    1.7210636568102289,
                    5.260237428770198
                ],
                [
                    1.7171401926802226,
                    5.249768119852196
                ],
                [
                    1.7285017908108085,
                    5.242599848962952
                ],
                [
                    1.744716753334452,
                    5.230891946061201
                ],
                [
                    1.7220226808758758,
                    5.234982688438777
                ],
                [
                    1.7334398857040403,
                    5.241815490100289
                ],
                [
                    1.7270815886972068,
                    5.244657280846763
                ],
                [
                    1.7280903044340463,
                    5.242315808540232
                ],
                [
                    1.7294096931317227,
                    5.2430190307560665
                ],
                [
                    1.7287113817073656,
                    5.242145897802494
                ],
                [
                    1.7279793997198107,
                    5.243452554977969
                ],
                [
                    1.7284987238821563,
                    5.242099858369092
                ],
                [
                    1.7283767931623435,
                    5.242600615695115
                ],
                [
                    1.7287260791880996,
                    5.24271027868636
                ],
                [
                    1.7285014841179434,
                    5.242549849903566
                ],
                [
                    1.7285362392473396,
                    5.242693728168426
                ]
            ]
        },
        "optimization_iterations": 27,
        "qaoa_cut_value": 4,
        "termination_reason": "Return from COBYLA because the trust region radius reaches its lower bound.",
        "total_shots": 1024,