{
    "exact_max_cut_value": 2,
    "graph_metadata": {
        "density_edges": 0.25,
        "filepath": "data/generated_graphs/graph_n4_d0.25_id9.gpickle",
        "id": 9,
        "n_vertices": 4,
        "seed": 574990
    },
    "metrics": {
        "all_trajectories": [
            [
                [
                    2.2141267626902352,
                    5.449181824213291
                ],
                [
                    2.2141267626902352,
                    5.449181824213291
                ],
                [
                    2.0994946024131997,
                    5.935863925620585
                ],
                [
                    2.0994946024131997,
                    5.935863925620585
                ],
                [
                    2.100614197017337,
                    5.83587019327739
                ],
                [
                    2.1185239989318765,
                    5.737487069748088
                ],
                [
                    2.1185239989318765,
                    5.737487069748088
                ],
                [
                    2.025381699510892,
                    5.701093223309827
                ],
                [
                    1.9367861945022278,
                    5.654716111581521
                ],
                [
                    1.9492759852380064,
                    5.555499151703804
                ],
                [
                    1.9492759852380064,
                    5.555499151703804
                ],
                [
                    1.9492759852380064,
                    5.555499151703804
                ],
                [
                    1.953998750586074,
                    5.553857357725533
                ],
                [
                    1.953998750586074,
                    5.553857357725533
                ],
                [
                    1.9497140488161417,
                    5.551280279778955
                ],
                [
                    1.9497140488161417,
                    5.551280279778955
                ],
                [
                    1.9497140488161417,
                    5.551280279778955
                ],
                [
                    1.9497140488161417,
                    5.551280279778955
                ],
                [
                    1.9497140488161417,
                    5.551280279778955
                ],
                [
                    1.9497140488161417,
                    5.551280279778955
                ],
                [
                    1.9496712329136785,
                    5.551162841290816
                ],
                [
                    1.9496712329136785,
                    5.551162841290816
                ]
            ]
        ],
        "approximation_ratio": 1.0,
        "circuit_depth": 3,
        "num_parameters": 0,
        "optimization_history": {
            "fun": [
                -1.541015625,
                -1.2890625,
                -0.8310546875,
                -0.6171875,
                -1.580078125,
                -1.5234375,
                -1.4599609375,
                -1.666015625,
                -1.71484375,
                -1.6328125,
                -1.8779296875,
                -1.9375,
                -1.9931640625,
                -1.96875,
                -1.9892578125,
                -1.9931640625,
                -1.9814453125,
                -1.994140625,
                -1.9931640625,
                -1.9951171875,
                -1.98828125,
                -1.994140625,
                -1.9951171875,
                -1.9931640625,
                -1.9921875,
                -1.994140625,
                -1.9912109375,
                -1.9970703125,
                -1.994140625,
                -1.9912109375,
                -1.9912109375
            ],
            "params": [
                [
                    2.2141267626902352,
                    5.449181824213291
                ],
                [
                    3.2141267626902352,
                    5.449181824213291
                ],
                [
                    2.2141267626902352,
                    6.449181824213291
                ],
                [
                    1.8796797777695042,
                    4.506767258176967
                ],
                [
                    2.0994946024131997,
                    5.935863925620585
                ],
                [
                    1.850351809411015,
                    5.956548912811067
                ],
                [
                    2.103631599851296,
                    5.985692484221022
                ],
                [
                    2.100614197017337,
                    5.83587019327739
                ],
                [
                    2.1185239989318765,
                    5.737487069748088
                ],
                [
                    2.182913145315783,
                    5.660975385490375
                ],
                [
                    2.025381699510892,
                    5.701093223309827
                ],
                [
                    1.9367861945022278,
                    5.654716111581521
                ],
                [
                    1.9492759852380064,
                    5.555499151703804
                ],
                [
                    1.8986840475553324,
                    5.469241074739891
                ],
                [
                    1.9965036387186839,
                    5.539081211921084
                ],
                [
                    1.9533804701836865,
                    5.567306065073974
                ],
                [
                    1.9256621584976676,
                    5.563708121595165
                ],
                [
                    1.953998750586074,
                    5.553857357725533
                ],
                [
                    1.9634442812822095,
                    5.550573769768988
                ],
                [
                    1.9497140488161417,
                    5.551280279778955
                ],
                [
                    1.9405982096799297,
                    5.5471691392020945
                ],
                [
                    1.954411588341682,
                    5.549567643680425
                ],
                [
                    1.9501422078407742,
                    5.55245466466034
                ],
                [
                    1.9473652790533718,
                    5.55213659782822
                ],
                [
                    1.9506535567212497,
                    5.550937752559249
                ],
                [
                    1.9487745409110337,
                    5.551622806998661
                ],
                [
                    1.9501838027686957,
                    5.551109016169102
                ],
                [
                    1.9496712329136785,
                    5.551162841290816
                ],
                [
                    1.9494896013218768,
                    5.550991056644064
                ],
                [
                    1.949718208308934,
                    5.551145714929831
                ],
                [
                    1.9495735793016742,
                    5.5511843766585285
                ]
            ]
        },
        "optimization_iterations": 31,
        "qaoa_cut_value": 2,
        "termination_reason": "Return from COBYLA because the trust region radius reaches its lower bound.",
        "total_shots": 1024,