{
    "exact_max_cut_value": 4,
    "graph_metadata": {
        "density_edges": 0.75,
        "filepath": "data/generated_graphs/graph_n4_d0.75_id2.gpickle",
        "id": 2,
        "n_vertices": 4,
        "seed": 363457
    },
    "metrics": {
        "all_trajectories": [
            [
                [
                    3.775801700011883,
                    3.362553760852593
                ],
                [
                    4.775801700011883,
                    4.3625537608525935
                ],
                [
                    4.775801700011883,
                    4.3625537608525935
                ],
                [
                    4.775801700011883,
                    4.3625537608525935
                ],
                [
                    4.773179764223001,
                    4.262588139498455
                ],
                [
                    4.773179764223001,
                    4.262588139498455
                ],
                [
                    4.773179764223001,
                    4.262588139498455
                ],
                [
                    4.773179764223001,
                    4.262588139498455
                ],
                [
                    4.766216586990234,
                    4.2130753718235905
                ],
                [
                    4.764271742398144,
                    4.163113210346002
                ],
                [
                    4.789049052273257,
                    4.1597838086951615
                ],
                [
                    4.7878647715283265,
                    4.154926085039252
                ],
                [
                    4.7878647715283265,
                    4.154926085039252
                ],
                [
                    4.7878647715283265,
                    4.154926085039252
                ],
                [
                    4.7878647715283265,
                    4.154926085039252
                ],
                [
                    4.7878647715283265,
                    4.154926085039252
                ],
                [
                    4.7878647715283265,
                    4.154926085039252
                ],
                [
                    4.7878647715283265,
                    4.154926085039252
                ],
                [
                    4.7878647715283265,
                    4.154926085039252
                ],
                [
                    4.7878647715283265,
                    4.154926085039252
                ],
                [
                    4.7878647715283265,
                    4.154926085039252
                ]
            ]
        ],
        "approximation_ratio": 1.0,
        "circuit_depth": 11,
        "num_parameters": 0,
        "optimization_history": {
            "fun": [
                -2.6962890625,
                -3.41796875,
                -3.5341796875,
                -3.0625,
                -3.2099609375,
                -3.353515625,
                -3.3486328125,
                -3.833984375,
                -3.765625,
                -3.8115234375,
                -3.6259765625,
                -3.8935546875,
                -3.8974609375,
                -3.9072265625,
                -3.8876953125,
                -3.919921875,
                -3.9140625,
                -3.904296875,
                -3.916015625,
                -3.8837890625,
                -3.8798828125,
                -3.8828125,
                -3.875,
                -3.89453125,
                -3.90234375,
                -3.90625,
                -3.8994140625,
                -3.9052734375,
                -3.9052734375,
                -3.892578125,
                -3.8701171875,
                -3.91015625
            ],
            "params": [
                [
                    3.775801700011883,
                    3.362553760852593
                ],
                [
                    4.775801700011883,
                    3.362553760852593
                ],
                [
                    4.775801700011883,
                    4.3625537608525935
                ],
                [
                    5.763083436728013,
                    4.521534175831239
                ],
                [
                    4.288961097404571,
                    4.476510891620923
                ],
                [
                    5.022360665045967,
                    4.403889904375199
                ],
                [
                    4.7675344713073615,
                    4.4118655538594105
                ],
                [
                    4.773179764223001,
                    4.262588139498455
                ],
                [
                    4.757792569185074,
                    4.063180932434957
                ],
                [
                    4.675758504174454,
                    4.285151341632758
                ],
                [
                    4.842192761339546,
                    4.334956683970427
                ],
                [
                    4.766216586990234,
                    4.2130753718235905
                ],
                [
                    4.764271742398144,
                    4.163113210346002
                ],
                [
                    4.789049052273257,
                    4.1597838086951615
                ],
                [
                    4.813337670552807,
                    4.153862404970509
                ],
                [
                    4.7878647715283265,
                    4.154926085039252
                ],
                [
                    4.782743774605917,
                    4.14633682485454
                ],
                [
                    4.783570141435971,
                    4.157486583500456
                ],
                [
                    4.797250657491049,
                    4.151475701771445
                ],
                [
                    4.786989509686208,
                    4.159848880658383
                ],
                [
                    4.786896532498045,
                    4.152621196065735
                ],
                [
                    4.78832574932303,
                    4.1547324372331955
                ],
                [
                    4.787045253625365,
                    4.155499138620277
                ],
                [
                    4.788151298318839,
                    4.155335843990732
                ],
                [
                    4.787978547524515,
                    4.153932578611144
                ],
                [
                    4.788335697816648,
                    4.155094098226138
                ],
                [
                    4.787822768231605,
                    4.155043816611332
                ],
                [
                    4.787908925219213,
                    4.154680015025676
                ],
                [
                    4.787815557525612,
                    4.154917254301075
                ],
                [
                    4.787957824427915,
                    4.154962706861683
                ],
                [
                    4.787846460617111,
                    4.154972611489046
                ],
                [
                    4.787875454226557,
                    4.154826657276738
                ]
            ]
        },
        "optimization_iterations": 32,
        "qaoa_cut_value": 4,
        "termination_reason": "Return from COBYLA because the trust region radius reaches its lower bound.",
        "total_shots": 1024,