{
    "exact_max_cut_value": 5,
    "graph_metadata": {
        "density_edges": 0.1,
        "filepath": "data/generated_graphs/graph_n8_d0.10_id2.gpickle",
        "id": 2,
        "n_vertices": 8,
        "seed": 715730
    },
    "metrics": {
        "all_trajectories": [
            [
                [
                    5.809348934456386,
                    2.866233689506041
                ],
                [
                    6.809348934456386,
                    2.866233689506041
                ],
                [
                    6.809348934456386,
                    2.866233689506041
                ],
                [
                    6.857447881093493,
                    2.852577506569337
                ],
                [
                    6.857447881093493,
                    2.852577506569337
                ],
                [
                    6.857447881093493,
                    2.852577506569337
                ],
                [
                    6.857447881093493,
                    2.852577506569337
                ],
                [
                    6.857447881093493,
                    2.852577506569337
                ],
                [
                    6.857447881093493,
                    2.852577506569337
                ],
                [
                    6.857447881093493,
                    2.852577506569337
                ],
                [
                    6.857447881093493,
                    2.852577506569337
                ],
                [
                    6.857447881093493,
                    2.852577506569337
                ],
                [
                    6.857447881093493,
                    2.852577506569337
                ],
                [
                    6.857447881093493,
                    2.852577506569337
                ],
                [
                    6.857447881093493,
                    2.852577506569337
                ],
                [
                    6.857447881093493,
                    2.852577506569337
                ],
                [
                    6.857447881093493,
                    2.852577506569337
                ]
            ]
        ],
        "approximation_ratio": 1.0,
        "circuit_depth": 9,
        "num_parameters": 0,
        "optimization_history": {
            "fun": [
                -2.09765625,
                -2.9794921875,
                -2.361328125,
                -2.642578125,
                -2.5751953125,
                -2.5478515625,
                -3.09765625,
                -3.0927734375,
                -3.06640625,
                -3.0068359375,
                -3.0283203125,
                -3.080078125,
                -3.0126953125,
                -2.9638671875,
                -2.9970703125,
                -3.037109375,
                -3.0654296875,
                -3.009765625,
                -3.037109375,
                -3.0263671875,
                -3.056640625,
                -3.07421875,
                -3.0380859375,
                -3.0263671875,
                -3.037109375,
                -3.0146484375,
                -3.072265625,
                -3.0966796875
            ],
            "params": [
                [
                    5.809348934456386,
                    2.866233689506041
                ],
                [
                    6.809348934456386,
                    2.866233689506041
                ],
                [
                    6.809348934456386,
                    3.866233689506041
                ],
                [
                    7.628197256077781,
                    2.2922237364757607
                ],
                [
                    6.405841197344566,
                    2.570968544101274
                ],
                [
                    6.8776298491399075,
                    3.106728422691576
                ],
                [
                    6.857447881093493,
                    2.852577506569337
                ],
                [
                    6.919012255670605,
                    2.7737750460561714
                ],
                [
                    6.935506677352522,
                    2.915082101013197
                ],
                [
                    6.813774139767429,
                    2.8282340409453948
                ],
                [
                    6.876734638490492,
                    2.868484140063237
                ],
                [
                    6.854266554394713,
                    2.8564348580487366
                ],
                [
                    6.857665049229401,
                    2.842579864947397
                ],
                [
                    6.852449060282523,
                    2.852468922501383
                ],
                [
                    6.8669109952874905,
                    2.855810070528698
                ],
                [
                    6.853181127265634,
                    2.855184192544373
                ],
                [
                    6.859723961619911,
                    2.853611652321764
                ],
                [
                    6.857654710243978,
                    2.8521222904640533
                ],
                [
                    6.8569687443816605,
                    2.8534552468563095
                ],
                [
                    6.857009010950007,
                    2.8523379382134206
                ],
                [
                    6.858443074089004,
                    2.8526754397184027
                ],
                [
                    6.857271774999062,
                    2.8521095464818247
                ],
                [
                    6.857330891071615,
                    2.8526215330929445
                ],
                [
                    6.857689356787689,
                    2.852512780306408
                ],
                [
                    6.857460826346078,
                    2.852625801708176
                ],
                [
                    6.857400540020872,
                    2.852489422388901
                ],
                [
                    6.8574038390032745,
                    2.8526011771056474
                ],
                [
                    6.857534231870364,
                    2.8526279401229875
                ]
            ]
        },
        "optimization_iterations": 28,
        "qaoa_cut_value": 5,
        "termination_reason": "Return from COBYLA because the trust region radius reaches its lower bound.",
        "total_shots": 1024,