{
    "exact_max_cut_value": 3,
    "graph_metadata": {
        "density_edges": 0.1,
        "filepath": "data/generated_graphs/graph_n4_d0.10_id5.gpickle",
        "id": 5,
        "n_vertices": 4,
        "seed": 646911
    },
    "metrics": {
        "all_trajectories": [
            [
                [
                    4.451628715739945,
                    4.2715589840412695
                ],
                [
                    4.451628715739945,
                    4.2715589840412695
                ],
                [
                    4.451628715739945,
                    4.2715589840412695
                ],
                [
                    4.3474446540484415,
                    4.044302122121852
                ],
                [
                    4.319604680533727,
                    4.002769774792331
                ],
                [
                    4.319604680533727,
                    4.002769774792331
                ],
                [
                    4.319604680533727,
                    4.002769774792331
                ],
                [
                    4.317168128433819,
                    4.007135918842226
                ],
                [
                    4.317168128433819,
                    4.007135918842226
                ],
                [
                    4.317168128433819,
                    4.007135918842226
                ],
                [
                    4.317168128433819,
                    4.007135918842226
                ],
                [
                    4.317168128433819,
                    4.007135918842226
                ],
                [
                    4.317168128433819,
                    4.007135918842226
                ],
                [
                    4.316353687748834,
                    4.007716165660953
                ],
                [
                    4.316353687748834,
                    4.007716165660953
                ],
                [
                    4.316353687748834,
                    4.007716165660953
                ],
                [
                    4.316353687748834,
                    4.007716165660953
                ],
                [
                    4.316353687748834,
                    4.007716165660953
                ],
                [
                    4.316353687748834,
                    4.007716165660953
                ]
            ]
        ],
        "approximation_ratio": 1.0,
        "circuit_depth": 5,
        "num_parameters": 0,
        "optimization_history": {
            "fun": [
                -2.203125,
                -1.318359375,
                -0.7724609375,
                -1.4814453125,
                -1.56640625,
                -1.9580078125,
                -2.2587890625,
                -2.19140625,
                -2.287109375,
                -2.19140625,
                -2.2822265625,
                -2.20703125,
                -2.294921875,
                -2.25,
                -2.2548828125,
                -2.279296875,
                -2.2587890625,
                -2.25,
                -2.2734375,
                -2.294921875,
                -2.31640625,
                -2.2255859375,
                -2.236328125,
                -2.240234375,
                -2.2802734375,
                -2.2861328125,
                -2.232421875,
                -2.28125,
                -2.2373046875
            ],
            "params": [
                [
                    4.451628715739945,
                    4.2715589840412695
                ],
                [
                    5.451628715739945,
                    4.2715589840412695
                ],
                [
                    4.451628715739945,
                    5.2715589840412695
                ],
                [
                    3.9256538879129015,
                    3.4210588485372755
                ],
                [
                    4.183925301092932,
                    4.693856132724906
                ],
                [
                    4.557203002910854,
                    4.338484837703023
                ],
                [
                    4.3474446540484415,
                    4.044302122121852
                ],
                [
                    4.430509348707484,
                    3.9886221750924227
                ],
                [
                    4.319604680533727,
                    4.002769774792331
                ],
                [
                    4.220192411234878,
                    3.9919438469866786
                ],
                [
                    4.350388254999192,
                    3.9633696283061925
                ],
                [
                    4.297773960284253,
                    3.990587014292789
                ],
                [
                    4.317168128433819,
                    4.007135918842226
                ],
                [
                    4.322879949393679,
                    4.015344152593924
                ],
                [
                    4.307464648324204,
                    4.004718797876636
                ],
                [
                    4.319916203841796,
                    4.002958828760354
                ],
                [
                    4.318276942813176,
                    4.009376572914619
                ],
                [
                    4.31671999761934,
                    4.007357681718098
                ],
                [
                    4.317982569118803,
                    4.0065556720235
                ],
                [
                    4.3168780050244555,
                    4.006728698499734
                ],
                [
                    4.316353687748834,
                    4.007716165660953
                ],
                [
                    4.314724806378865,
                    4.008876659298405
                ],
                [
                    4.3171649142934765,
                    4.008300897645086
                ],
                [
                    4.315387771295792,
                    4.007457311636951
                ],
                [
                    4.31673066878855,
                    4.008044624632052
                ],
                [
                    4.31627157300606,
                    4.007810410920881
                ],
                [
                    4.316457165732449,
                    4.0074885864288
                ],
                [
                    4.316391385852806,
                    4.0077490115580625
                ],
                [
                    4.316303795441223,
                    4.007629501033559
                ]
            ]
        },
        "optimization_iterations": 29,
        "qaoa_cut_value": 3,
        "termination_reason": "Return from COBYLA because the trust region radius reaches its lower bound.",
        "total_shots": 1024,