{
    "exact_max_cut_value": 8,
    "graph_metadata": {
        "density_edges": 0.25,
        "filepath": "data/generated_graphs/graph_n8_d0.25_id4.gpickle",
        "id": 4,
        "n_vertices": 8,
        "seed": 609352
    },
    "metrics": {
        "all_trajectories": [
            [
                [
                    4.735050327570816,
                    2.56777624367295
                ],
                [
                    4.735050327570816,
                    2.56777624367295
                ],
                [
                    4.849007149091098,
                    2.6191459120483107
                ],
                [
                    5.07273421537466,
                    2.7307084497218095
                ],
                [
                    5.0438191797715115,
                    2.771499634015339
                ],
                [
                    5.0438191797715115,
                    2.771499634015339
                ],
                [
                    5.108726998813337,
                    2.8475718038755033
                ],
                [
                    5.108726998813337,
                    2.8475718038755033
                ],
                [
                    5.108726998813337,
                    2.8475718038755033
                ],
                [
                    5.112955487522874,
                    2.8502401148081566
                ],
                [
                    5.112955487522874,
                    2.8502401148081566
                ],
                [
                    5.112955487522874,
                    2.8502401148081566
                ],
                [
                    5.112955487522874,
                    2.8502401148081566
                ],
                [
                    5.112955487522874,
                    2.8502401148081566
                ],
                [
                    5.112955487522874,
                    2.8502401148081566
                ],
                [
                    5.112955487522874,
                    2.8502401148081566
                ],
                [
                    5.112955487522874,
                    2.8502401148081566
                ],
                [
                    5.112955487522874,
                    2.8502401148081566
                ]
            ]
        ],
        "approximation_ratio": 1.0,
        "circuit_depth": 8,
        "num_parameters": 0,
        "optimization_history": {
            "fun": [
                -5.1162109375,
                -3.509765625,
                -4.8779296875,
                -5.044921875,
                -5.017578125,
                -5.7470703125,
                -6.5712890625,
                -6.046875,
                -6.603515625,
                -6.37890625,
                -6.703125,
                -6.419921875,
                -6.548828125,
                -6.6396484375,
                -6.71484375,
                -6.61328125,
                -6.65625,
                -6.6259765625,
                -6.646484375,
                -6.671875,
                -6.5966796875,
                -6.6767578125,
                -6.7099609375,
                -6.6552734375,
                -6.6953125,
                -6.6708984375,
                -6.6513671875,
                -6.630859375,
                -6.708984375
            ],
            "params": [
                [
                    4.735050327570816,
                    2.56777624367295
                ],
                [
                    5.735050327570816,
                    2.56777624367295
                ],
                [
                    4.735050327570816,
                    3.56777624367295
                ],
                [
                    3.7458727092530903,
                    2.421053241320655
                ],
                [
                    4.940529001072259,
                    2.1119489575918213
                ],
                [
                    4.849007149091098,
                    2.6191459120483107
                ],
                [
                    5.07273421537466,
                    2.7307084497218095
                ],
                [
                    5.276690136842307,
                    2.875283627737551
                ],
                [
                    5.0438191797715115,
                    2.771499634015339
                ],
                [
                    4.948849747465089,
                    2.7401817968071938
                ],
                [
                    5.108726998813337,
                    2.8475718038755033
                ],
                [
                    5.139562074682978,
                    2.9426990770210817
                ],
                [
                    5.149849906124395,
                    2.8191305223592606
                ],
                [
                    5.09538544415007,
                    2.8687142474231884
                ],
                [
                    5.112955487522874,
                    2.8502401148081566
                ],
                [
                    5.122613055164797,
                    2.847645623096532
                ],
                [
                    5.108902165246945,
                    2.8593818093188834
                ],
                [
                    5.10924775163864,
                    2.8468856111768037
                ],
                [
                    5.113794113430712,
                    2.849313180837098
                ],
                [
                    5.111933368665186,
                    2.8525216215560665
                ],
                [
                    5.11258471393445,
                    2.849904664445021
                ],
                [
                    5.113526690902726,
                    2.851060923372223
                ],
                [
                    5.112456991921691,
                    2.8502788722023142
                ],
                [
                    5.1129457981743345,
                    2.850115490907861
                ],
                [
                    5.112979968617412,
                    2.8504889132728026
                ],
                [
                    5.113005247215804,
                    2.850235218589249
                ],
                [
                    5.1128554919650115,
                    2.850241057361997
                ],
                [
                    5.112955016245953,
                    2.8501901170292254
                ],
                [
                    5.112991718280627,
                    2.850333320667375
                ]
            ]
        },
        "optimization_iterations": 29,
        "qaoa_cut_value": 8,
        "termination_reason": "Return from COBYLA because the trust region radius reaches its lower bound.",
        "total_shots": 1024,