{
    "exact_max_cut_value": 3,
    "graph_metadata": {
        "density_edges": 0.5,
        "filepath": "data/generated_graphs/graph_n4_d0.50_id9.gpickle",
        "id": 9,
        "n_vertices": 4,
        "seed": 310026
    },
    "metrics": {
        "all_trajectories": [
            [
                [
                    5.724272428759481,
                    0.9857591398725051
                ],
                [
                    5.724272428759481,
                    0.9857591398725051
                ],
                [
                    5.719127105159411,
                    0.8608650821873992
                ],
                [
                    5.684582734468102,
                    0.6132632113270573
                ],
                [
                    5.684582734468102,
                    0.6132632113270573
                ],
                [
                    5.684582734468102,
                    0.6132632113270573
                ],
                [
                    5.740243534096436,
                    0.5301856849752548
                ],
                [
                    5.8296143059701375,
                    0.3512642912441001
                ],
                [
                    5.8296143059701375,
                    0.3512642912441001
                ],
                [
                    5.926310270256579,
                    0.3767572410678307
                ],
                [
                    5.926310270256579,
                    0.3767572410678307
                ],
                [
                    5.913171450242034,
                    0.47589034052822987
                ],
                [
                    5.913171450242034,
                    0.47589034052822987
                ],
                [
                    5.86321121315667,
                    0.47788400809685344
                ],
                [
                    5.86321121315667,
                    0.47788400809685344
                ],
                [
                    5.86321121315667,
                    0.47788400809685344
                ],
                [
                    5.86321121315667,
                    0.47788400809685344
                ],
                [
                    5.86321121315667,
                    0.47788400809685344
                ],
                [
                    5.86321121315667,
                    0.47788400809685344
                ],
                [
                    5.86321121315667,
                    0.47788400809685344
                ],
                [
                    5.86321121315667,
                    0.47788400809685344
                ],
                [
                    5.86321121315667,
                    0.47788400809685344
                ],
                [
                    5.86321121315667,
                    0.47788400809685344
                ],
                [
                    5.863232062009687,
                    0.4781331372306934
                ],
                [
                    5.863232062009687,
                    0.4781331372306934
                ]
            ]
        ],
        "approximation_ratio": 1.0,
        "circuit_depth": 5,
        "num_parameters": 0,
        "optimization_history": {
            "fun": [
                -1.6103515625,
                -1.404296875,
                -1.6064453125,
                -1.515625,
                -1.55078125,
                -1.7626953125,
                -2.0361328125,
                -1.599609375,
                -1.4560546875,
                -1.9921875,
                -2.2216796875,
                -2.310546875,
                -1.892578125,
                -2.3427734375,
                -2.16796875,
                -2.36328125,
                -2.27734375,
                -2.404296875,
                -2.3134765625,
                -2.3935546875,
                -2.37109375,
                -2.384765625,
                -2.388671875,
                -2.376953125,
                -2.3564453125,
                -2.36328125,
                -2.3759765625,
                -2.3720703125,
                -2.3583984375,
                -2.376953125,
                -2.3349609375,
                -2.3603515625,
                -2.4130859375,
                -2.3701171875,
                -2.376953125,
                -2.3203125
            ],