{
    "exact_max_cut_value": 2,
    "graph_metadata": {
        "density_edges": 0.25,
        "filepath": "data/generated_graphs/graph_n4_d0.25_id9.gpickle",
        "id": 9,
        "n_vertices": 4,
        "seed": 574990
    },
    "metrics": {
        "all_trajectories": [
            [
                [
                    3.1339578398259897,
                    2.723049537470989
                ],
                [
                    3.1339578398259897,
                    3.723049537470989
                ],
                [
                    3.623164587680865,
                    3.826377935567817
                ],
                [
                    4.5959190798405345,
                    4.0582155899365215
                ],
                [
                    4.719435751651855,
                    4.07741537599404
                ],
                [
                    4.80686147826247,
                    3.8432002135330965
                ],
                [
                    4.80686147826247,
                    3.8432002135330965
                ],
                [
                    4.80686147826247,
                    3.8432002135330965
                ],
                [
                    4.812391625233979,
                    3.7433532432512022
                ],
                [
                    4.812391625233979,
                    3.7433532432512022
                ],
                [
                    4.812391625233979,
                    3.7433532432512022
                ],
                [
                    4.812391625233979,
                    3.7433532432512022
                ],
                [
                    4.812391625233979,
                    3.7433532432512022
                ],
                [
                    4.80595647893262,
                    3.7510075813728236
                ],
                [
                    4.80595647893262,
                    3.7510075813728236
                ],
                [
                    4.797701210987634,
                    3.745363952118835
                ],
                [
                    4.797701210987634,
                    3.745363952118835
                ],
                [
                    4.800158218642389,
                    3.7410092864158826
                ],
                [
                    4.800158218642389,
                    3.7410092864158826
                ],
                [
                    4.800158218642389,
                    3.7410092864158826
                ],
                [
                    4.800158218642389,
                    3.7410092864158826
                ],
                [
                    4.800158218642389,
                    3.7410092864158826
                ],
                [
                    4.800158218642389,
                    3.7410092864158826
                ],
                [
                    4.800158218642389,
                    3.7410092864158826
                ]
            ]
        ],
        "approximation_ratio": 1.0,
        "circuit_depth": 7,
        "num_parameters": 0,
        "optimization_history": {
            "fun": [
                -0.9560546875,
                -0.4677734375,
                -1.0625,
                -0.5927734375,
                -1.2919921875,
                -1.318359375,
                -1.052734375,
                -1.33203125,
                -1.5947265625,
                -1.3916015625,
                -1.4873046875,
                -1.640625,
                -1.6357421875,
                -1.6376953125,
                -1.58984375,
                -1.6181640625,
                -1.6298828125,
                -1.6484375,
                -1.6044921875,
                -1.66796875,
                -1.62109375,
                -1.6748046875,
                -1.630859375,
                -1.646484375,
                -1.63671875,
                -1.626953125,
                -1.60546875,
                -1.646484375,
                -1.662109375,
                -1.6337890625,
                -1.6484375,
                -1.6259765625,
                -1.6220703125
            ],