{
    "exact_max_cut_value": 4,
    "graph_metadata": {
        "density_edges": 0.75,
        "filepath": "data/generated_graphs/graph_n4_d0.75_id8.gpickle",
        "id": 8,
        "n_vertices": 4,
        "seed": 467779
    },
    "metrics": {
        "all_trajectories": [
            [
                [
                    3.6140104508662,
                    3.0333906305088614
                ],
                [
                    3.6140104508662,
                    3.0333906305088614
                ],
                [
                    3.6140104508662,
                    3.0333906305088614
                ],
                [
                    3.3641356771420745,
                    3.025478775080631
                ],
                [
                    3.3641356771420745,
                    3.025478775080631
                ],
                [
                    3.421893966339778,
                    2.943845570874533
                ],
                [
                    3.502024293663979,
                    2.8840197349596344
                ],
                [
                    3.502024293663979,
                    2.8840197349596344
                ],
                [
                    3.502024293663979,
                    2.8840197349596344
                ],
                [
                    3.502204366810681,
                    2.896518437838807
                ],
                [
                    3.485880867406167,
                    2.915453679247113
                ],
                [
                    3.485880867406167,
                    2.915453679247113
                ],
                [
                    3.485880867406167,
                    2.915453679247113
                ],
                [
                    3.485880867406167,
                    2.915453679247113
                ],
                [
                    3.485880867406167,
                    2.915453679247113
                ],
                [
                    3.487780189919641,
                    2.9138280796685536
                ],
                [
                    3.487780189919641,
                    2.9138280796685536
                ],
                [
                    3.487780189919641,
                    2.9138280796685536
                ],
                [
                    3.487780189919641,
                    2.9138280796685536
                ],
                [
                    3.487780189919641,
                    2.9138280796685536
                ],
                [
                    3.487780189919641,
                    2.9138280796685536
                ],
                [
                    3.487780189919641,
                    2.9138280796685536
                ]
            ]
        ],
        "approximation_ratio": 1.0,
        "circuit_depth": 6,
        "num_parameters": 0,
        "optimization_history": {
            "fun": [
                -2.9072265625,
                -2.30078125,
                -2.8427734375,
                -1.345703125,
                -1.8916015625,
                -2.9501953125,
                -2.8349609375,
                -2.7275390625,
                -3.154296875,
                -3.2021484375,
                -3.09765625,
                -3.189453125,
                -3.1328125,
                -3.2216796875,
                -3.2333984375,
                -3.134765625,
                -3.212890625,
                -3.1982421875,
                -3.2109375,
                -3.2080078125,
                -3.240234375,
                -3.1982421875,
                -3.2099609375,
                -3.169921875,
                -3.2041015625,
                -3.228515625,
                -3.22265625,
                -3.2041015625,
                -3.2294921875,
                -3.2158203125,
                -3.1875,
                -3.22265625
            ],
            "params": [
                [
                    3.6140104508662,
                    3.0333906305088614
                ],
                [
                    4.6140104508662,
                    3.0333906305088614
                ],
                [
                    3.6140104508662,
                    4.033390630508862
                ],
                [
                    2.6196107911151776,
                    2.927705642515999
                ],
                [
                    4.11359345804116,
                    3.0129744863571575
                ],
                [
                    3.3641356771420745,
                    3.025478775080631
                ],
                [
                    3.2706360308369415,
                    2.990013071354143
                ],
                [
                    3.3464028252788305,
                    3.0722285982331976
                ],
                [
                    3.421893966339778,
                    2.943845570874533
                ],
                [
                    3.502024293663979,
                    2.8840197349596344
                ],
                [
                    3.569757805354945,
                    2.957587196476325
                ],
                [
                    3.4791340691811152,
                    2.7866747935239125
                ],
                [
                    3.552019105180669,
                    2.883299442372827
                ],
                [
                    3.502204366810681,
                    2.896518437838807
                ],
                [
                    3.485880867406167,
                    2.915453679247113
                ],
                [
                    3.500162007471812,
                    2.9359731587343085
                ],
                [
                    3.4776283278807,
                    2.909806061042896
                ],
                [
                    3.483057058304059,
                    2.919579949009847
                ],
                [
                    3.4936132919493463,
                    2.9091125743998454
                ],
                [
                    3.485927260669527,
                    2.920453464008992
                ],
                [
                    3.487780189919641,
                    2.9138280796685536
                ],
                [
                    3.490209646044096,
                    2.9132383823399626
                ],
                [
                    3.4876622504539228,
                    2.9133421884436626
                ],
                [
                    3.487747704486212,
                    2.9148275518775795
                ],
                [
                    3.487280453815128,
                    2.9138118369518393
                ],
                [
                    3.488519191447195,
                    2.9131543759189187
                ],
                [
                    3.487405932439598,
                    2.9134965207165826
                ],
                [
                    3.487884277384104,
                    2.914055380789848
                ],
                [
                    3.487734729695382,
                    2.9138488971614462
                ],
                [
                    3.4878323889473952,
                    2.913742784525072
                ],
                [
                    3.4877375423479,
                    2.9138019801546764
                ],
                [
                    3.487851515935081,
                    2.9138981696073567
                ]
            ]
        },
        "optimization_iterations": 32,
        "qaoa_cut_value": 4,
        "termination_reason": "Return from COBYLA because the trust region radius reaches its lower bound.",
        "total_shots": 1024,