{
    "exact_max_cut_value": 3,
    "graph_metadata": {
        "density_edges": 0.75,
        "filepath": "data/generated_graphs/graph_n4_d0.75_id1.gpickle",
        "id": 1,
        "n_vertices": 4,
        "seed": 539004
    },
    "metrics": {
        "all_trajectories": [
            [
                [
                    5.72569054601231,
                    1.6216046573582052
                ],
                [
                    6.72569054601231,
                    2.6216046573582052
                ],
                [
                    6.72569054601231,
                    2.6216046573582052
                ],
                [
                    6.742523992866306,
                    2.8710372836664204
                ],
                [
                    6.792410518127949,
                    2.867670594295621
                ],
                [
                    6.891727553010506,
                    2.8793379239874075
                ],
                [
                    6.891727553010506,
                    2.8793379239874075
                ],
                [
                    6.9170464813053005,
                    2.7825962480147273
                ],
                [
                    6.9170464813053005,
                    2.7825962480147273
                ],
                [
                    6.966011161377198,
                    2.79271850593758
                ],
                [
                    6.987252302795155,
                    2.7795346555416467
                ],
                [
                    6.987252302795155,
                    2.7795346555416467
                ],
                [
                    6.984615532715968,
                    2.775286427258055
                ],
                [
                    6.984615532715968,
                    2.775286427258055
                ],
                [
                    6.984615532715968,
                    2.775286427258055
                ],
                [
                    6.984615532715968,
                    2.775286427258055
                ],
                [
                    6.984615532715968,
                    2.775286427258055
                ],
                [
                    6.984615532715968,
                    2.775286427258055
                ],
                [
                    6.984615532715968,
                    2.775286427258055
                ],
                [
                    6.984615532715968,
                    2.775286427258055
                ],
                [
                    6.984864424248122,
                    2.7753099433211235
                ],
                [
                    6.984864424248122,
                    2.7753099433211235
                ]
            ]
        ],
        "approximation_ratio": 1.0,
        "circuit_depth": 9,
        "num_parameters": 0,
        "optimization_history": {
            "fun": [
                -1.9912109375,
                -2.0205078125,
                -2.2919921875,
                -1.5595703125,
                -1.880859375,
                -2.1318359375,
                -2.345703125,
                -2.1103515625,
                -2.4033203125,
                -2.4775390625,
                -2.4296875,
                -2.4853515625,
                -2.3388671875,
                -2.4892578125,
                -2.5087890625,
                -2.4833984375,
                -2.4560546875,
                -2.5302734375,
                -2.4892578125,
                -2.494140625,
                -2.4541015625,
                -2.4755859375,
                -2.466796875,
                -2.478515625,
                -2.4658203125,
                -2.5048828125,
                -2.513671875,
                -2.4853515625,
                -2.4853515625,
                -2.4580078125,
                -2.5322265625,
                -2.490234375,
                -2.474609375,
                -2.5146484375
            ],
            "params": [
                [
                    5.72569054601231,
                    1.6216046573582052
                ],
                [
                    6.72569054601231,
                    1.6216046573582052
                ],
                [
                    6.72569054601231,
                    2.6216046573582052
                ],
                [
                    6.832981303588205,
                    3.6158323442281652
                ],
                [
                    7.127349284354223,
                    2.3238291413842047
                ],
                [
                    6.65124666701881,
                    2.521189972772727
                ],
                [
                    6.742523992866306,
                    2.8710372836664204
                ],
                [
                    6.505060334159796,
                    2.9492102380286442
                ],
                [
                    6.792410518127949,
                    2.867670594295621
                ],
                [
                    6.891727553010506,
                    2.8793379239874075
                ],
                [
                    6.985819940794456,
                    2.913199739666943
                ],
                [
                    6.9170464813053005,
                    2.7825962480147273
                ],
                [
                    6.825718075583884,
                    2.7418639229106474
                ],
                [
                    6.966011161377198,
                    2.79271850593758
                ],
                [
                    6.987252302795155,
                    2.7795346555416467
                ],
                [
                    7.0009713582741915,
                    2.731453604006108
                ],
                [
                    7.008368899966539,
                    2.792917081476488
                ],
                [
                    6.984615532715968,
                    2.775286427258055
                ],
                [
                    6.980946947590609,
                    2.7659836597570373
                ],
                [
                    6.989266916466477,
                    2.7734521346953755
                ],
                [
                    6.978335880714096,
                    2.7830688414551656
                ],
                [
                    6.989614400242493,
                    2.775180015546958
                ],
                [
                    6.9846421356437425,
                    2.776536144139686
                ],
                [
                    6.984037248675655,
                    2.7728542291640013
                ],
                [
                    6.984129093097157,
                    2.7754020840661178
                ],
                [
                    6.985612782525328,
                    2.775212313711842
                ],
                [
                    6.984652589489074,
                    2.775785052162735
                ],
                [
                    6.9839508805360335,
                    2.7745392743421746
                ],
                [
                    6.984492617805233,
                    2.7757710837598366
                ],
                [
                    6.984494368590522,
                    2.7752556985303714
                ],
                [
                    6.984864424248122,
                    2.7753099433211235
                ],
                [
                    6.984882432701275,
                    2.7752115782073123
                ],
                [
                    6.984913606805027,
                    2.7753189475477
                ],
                [
                    6.984765838474604,
                    2.775326701759592
                ]
            ]
        },