{
    "exact_max_cut_value": 3,
    "graph_metadata": {
        "density_edges": 0.5,
        "filepath": "data/generated_graphs/graph_n4_d0.50_id4.gpickle",
        "id": 4,
        "n_vertices": 4,
        "seed": 884035
    },
    "metrics": {
        "all_trajectories": [
            [
                [
                    3.777325681159245,
                    5.685314052800586
                ],
                [
                    3.777325681159245,
                    5.685314052800586
                ],
                [
                    3.777325681159245,
                    5.685314052800586
                ],
                [
                    3.777325681159245,
                    5.685314052800586
                ],
                [
                    3.704556265363967,
                    5.753904227933866
                ],
                [
                    3.5634179831544754,
                    5.895608092718684
                ],
                [
                    3.5634179831544754,
                    5.895608092718684
                ],
                [
                    3.4784712781221083,
                    5.842843925861393
                ],
                [
                    3.4784712781221083,
                    5.842843925861393
                ],
                [
                    3.5235647375149064,
                    5.753588226211511
                ],
                [
                    3.5235647375149064,
                    5.753588226211511
                ],
                [
                    3.5235647375149064,
                    5.753588226211511
                ],
                [
                    3.518989223860028,
                    5.755604330076401
                ],
                [
                    3.518989223860028,
                    5.755604330076401
                ],
                [
                    3.518989223860028,
                    5.755604330076401
                ],
                [
                    3.521211345243087,
                    5.76008341218761
                ],
                [
                    3.521211345243087,
                    5.76008341218761
                ],
                [
                    3.521211345243087,
                    5.76008341218761
                ],
                [
                    3.521211345243087,
                    5.76008341218761
                ],
                [
                    3.521211345243087,
                    5.76008341218761
                ],
                [
                    3.521211345243087,
                    5.76008341218761
                ],
                [
                    3.521183638574635,
                    5.760125033582629
                ],
                [
                    3.521183638574635,
                    5.760125033582629
                ]
            ]
        ],
        "approximation_ratio": 1.0,
        "circuit_depth": 4,
        "num_parameters": 0,
        "optimization_history": {
            "fun": [
                -1.9931640625,
                -1.7646484375,
                -0.984375,
                -1.498046875,
                -1.8994140625,
                -1.927734375,
                -1.8603515625,
                -2.1953125,
                -2.341796875,
                -2.01171875,
                -2.3515625,
                -2.2431640625,
                -2.3583984375,
                -2.28515625,
                -2.3544921875,
                -2.3544921875,
                -2.3857421875,
                -2.384765625,
                -2.3671875,
                -2.328125,
                -2.390625,
                -2.3857421875,
                -2.3505859375,
                -2.361328125,
                -2.3779296875,
                -2.349609375,
                -2.388671875,
                -2.3505859375,
                -2.33984375,
                -2.328125,
                -2.3916015625,
                -2.384765625,
                -2.357421875
            ],
            "params": [
                [
                    3.777325681159245,
                    5.685314052800586
                ],
                [
                    4.777325681159245,
                    5.685314052800586
                ],
                [
                    3.777325681159245,
                    6.685314052800586
                ],
                [
                    3.5563983587262866,
                    4.710023778983296
                ],
                [
                    3.588250541002948,
                    6.148186164052579
                ],
                [
                    3.624515017515047,
                    5.487453240418195
                ],
                [
                    3.816897843635723,
                    5.654751920071747
                ],
                [
                    3.704556265363967,
                    5.753904227933866
                ],
                [
                    3.5634179831544754,
                    5.895608092718684
                ],
                [
                    3.5589170220572544,
                    6.095557439677361
                ],
                [
                    3.4784712781221083,
                    5.842843925861393
                ],
                [
                    3.414898269662457,
                    5.920035069105868
                ],
                [
                    3.5235647375149064,
                    5.753588226211511
                ],
                [
                    3.4788141585294228,
                    5.664160122796175
                ],
                [
                    3.5696766917826634,
                    5.772919229124145
                ],
                [
                    3.5134842181904573,
                    5.73071065793712
                ],
                [
                    3.518989223860028,
                    5.755604330076401
                ],
                [
                    3.509957088319286,
                    5.759896244284963
                ],
                [
                    3.5211351809643094,
                    5.760120397846772
                ],
                [
                    3.514936400518161,
                    5.746462414360337
                ],
                [
                    3.521211345243087,
                    5.76008341218761
                ],
                [
                    3.5237966758128807,
                    5.764363139497251
                ],
                [
                    3.5222812770704977,
                    5.759437079545162
                ],
                [
                    3.5190330831802465,
                    5.76131026767445
                ],
                [
                    3.520965974145719,
                    5.759647759775042
                ],
                [
                    3.522022046636203,
                    5.760668872050624
                ],
                [
                    3.521504075174594,
                    5.759678061491052
                ],
                [
                    3.520348788758232,
                    5.759577451408068
                ],
                [
                    3.5215867917264987,
                    5.760413624146954
                ],
                [
                    3.521003238267995,
                    5.759944878845349
                ],
                [
                    3.521183638574635,
                    5.760125033582629
                ],
                [
                    3.5212623124692937,
                    5.760186762168383
                ],
                [
                    3.5210885765907114,
                    5.76009399780952
                ]
            ]
        },
        "optimization_iterations": 33,
        "qaoa_cut_value": 3,