{
    "exact_max_cut_value": 3,
    "graph_metadata": {
        "density_edges": 0.5,
        "filepath": "data/generated_graphs/graph_n4_d0.50_id0.gpickle",
        "id": 0,
        "n_vertices": 4,
        "seed": 102920
    },
    "metrics": {
        "all_trajectories": [
            [
                [
                    2.680891623494531,
                    4.680908289325022
                ],
                [
                    2.499757477811369,
                    3.6974498909839277
                ],
                [
                    2.0665088473210895,
                    2.7961754465563176
                ],
                [
                    2.0665088473210895,
                    2.7961754465563176
                ],
                [
                    2.0665088473210895,
                    2.7961754465563176
                ],
                [
                    2.0665088473210895,
                    2.7961754465563176
                ],
                [
                    2.037756205897725,
                    2.7552696326519417
                ],
                [
                    1.9429452404402914,
                    2.723475280495791
                ],
                [
                    1.9429452404402914,
                    2.723475280495791
                ],
                [
                    1.9374673009462122,
                    2.6236254323291606
                ],
                [
                    1.9374673009462122,
                    2.6236254323291606
                ],
                [
                    1.9374673009462122,
                    2.6236254323291606
                ],
                [
                    1.9374673009462122,
                    2.6236254323291606
                ],
                [
                    1.9374673009462122,
                    2.6236254323291606
                ],
                [
                    1.9374673009462122,
                    2.6236254323291606
                ],
                [
                    1.940592103479926,
                    2.619722150488799
                ],
                [
                    1.9400511387984032,
                    2.6185952710749554
                ],
                [
                    1.9400511387984032,
                    2.6185952710749554
                ],
                [
                    1.9400511387984032,
                    2.6185952710749554
                ],
                [
                    1.9400511387984032,
                    2.6185952710749554
                ],
                [
                    1.9400511387984032,
                    2.6185952710749554
                ],
                [
                    1.9400511387984032,
                    2.6185952710749554
                ]
            ]
        ],
        "approximation_ratio": 1.0,
        "circuit_depth": 5,
        "num_parameters": 0,
        "optimization_history": {
            "fun": [
                -1.6015625,
                -1.4423828125,
                -0.7373046875,
                -1.9560546875,
                -2.1748046875,
                -0.7587890625,
                -0.8896484375,
                -1.54296875,
                -1.7470703125,
                -2.291015625,
                -2.3203125,
                -2.25,
                -2.3310546875,
                -2.224609375,
                -2.3017578125,
                -2.27734375,
                -2.298828125,
                -2.2744140625,
                -2.29296875,
                -2.310546875,
                -2.345703125,
                -2.30078125,
                -2.3623046875,
                -2.318359375,
                -2.2939453125,
                -2.291015625,
                -2.341796875,
                -2.3046875,
                -2.30078125,
                -2.3310546875,
                -2.34375,
                -2.2880859375
            ],
            "params": [
                [
                    2.680891623494531,
                    4.680908289325022
                ],
                [
                    3.680891623494531,
                    4.680908289325022
                ],
                [
                    2.680891623494531,
                    5.680908289325022
                ],
                [
                    2.499757477811369,
                    3.6974498909839277
                ],
                [
                    2.0665088473210895,
                    2.7961754465563176
                ],
                [
                    1.0767963790781305,
                    2.653104729061683
                ],
                [
                    2.910774860617048,
                    2.260251106006881
                ],
                [
                    1.5865174139032667,
                    2.936204814352876
                ],
                [
                    2.271037916842969,
                    2.6524122394394953
                ],
                [
                    2.037756205897725,
                    2.7552696326519417
                ],
                [
                    1.9429452404402914,
                    2.723475280495791
                ],
                [
                    1.9016112779021515,
                    2.814532973970289
                ],
                [
                    1.9374673009462122,
                    2.6236254323291606
                ],
                [
                    1.8425631251540002,
                    2.5921103975489017
                ],
                [
                    1.9869418786421056,
                    2.616395898332214
                ],
                [
                    1.9126559155212994,
                    2.6205602808979216
                ],
                [
                    1.93808033123246,
                    2.618663155244178
                ],
                [
                    1.9394425773525685,
                    2.6334284055066455
                ],
                [
                    1.9423687875349547,
                    2.6226377941259824
                ],
                [
                    1.9284221312460075,
                    2.619361056044814
                ],
                [
                    1.940592103479926,
                    2.619722150488799
                ],
                [
                    1.9450996211353009,
                    2.617558291762707
                ],
                [
                    1.9400511387984032,
                    2.6185952710749554
                ],
                [
                    1.9378921924691168,
                    2.6173347351781002
                ],
                [
                    1.9405018905639406,
                    2.6183788852023464
                ],
                [
                    1.9391120153083048,
                    2.618938850862407
                ],
                [
                    1.9404558180375853,
                    2.6183016135986756
                ],
                [
                    1.9399777244293333,
                    2.61849410126516
                ],
                [
                    1.9401794557358318,
                    2.6188098282085326
                ],
                [
                    1.9399801108622579,
                    2.618524879084737
                ],
                [
                    1.940015942803294,
                    2.618630785043028
                ],
                [
                    1.9401507340525994,
                    2.6185862830083355
                ]
            ]
        },
        "optimization_iterations": 32,
        "qaoa_cut_value": 3,
        "termination_reason": "Return from COBYLA because the trust region radius reaches its lower bound.",
        "total_shots": 1024,