{
    "exact_max_cut_value": 8,
    "graph_metadata": {
        "density_edges": 0.25,
        "filepath": "data/generated_graphs/graph_n8_d0.25_id6.gpickle",
        "id": 6,
        "n_vertices": 8,
        "seed": 489139
    },
    "metrics": {
        "all_trajectories": [
            [
                [
                    4.317025972787401,
                    1.8838894732595075
                ],
                [
                    5.317025972787401,
                    2.8838894732595075
                ],
                [
                    5.248443238658917,
                    2.7793839299641316
                ],
                [
                    4.999858216844019,
                    2.805944933885048
                ],
                [
                    4.999858216844019,
                    2.805944933885048
                ],
                [
                    4.999858216844019,
                    2.805944933885048
                ],
                [
                    5.095891347256172,
                    2.7780587748945664
                ],
                [
                    5.095891347256172,
                    2.7780587748945664
                ],
                [
                    5.095891347256172,
                    2.7780587748945664
                ],
                [
                    5.092855057684958,
                    2.774086251057037
                ],
                [
                    5.092855057684958,
                    2.774086251057037
                ],
                [
                    5.092855057684958,
                    2.774086251057037
                ],
                [
                    5.092855057684958,
                    2.774086251057037
                ],
                [
                    5.092855057684958,
                    2.774086251057037
                ],
                [
                    5.092855057684958,
                    2.774086251057037
                ],
                [
                    5.092473376842527,
                    2.7731619568752306
                ],
                [
                    5.092473376842527,
                    2.7731619568752306
                ],
                [
                    5.092473376842527,
                    2.7731619568752306
                ],
                [
                    5.092473376842527,
                    2.7731619568752306
                ],
                [
                    5.092473376842527,
                    2.7731619568752306
                ]
            ]
        ],
        "approximation_ratio": 1.0,
        "circuit_depth": 6,
        "num_parameters": 0,
        "optimization_history": {
            "fun": [
                -4.525390625,
                -4.724609375,
                -5.4248046875,
                -4.4892578125,
                -2.8759765625,
                -5.751953125,
                -6.2021484375,
                -5.064453125,
                -6.01171875,
                -5.98046875,
                -6.263671875,
                -6.056640625,
                -6.259765625,
                -6.2255859375,
                -6.34375,
                -6.2900390625,
                -6.2783203125,
                -6.3134765625,
                -6.291015625,
                -6.24609375,
                -6.2294921875,
                -6.2744140625,
                -6.25390625,
                -6.353515625,
                -6.296875,
                -6.2724609375,
                -6.2490234375,
                -6.26953125,
                -6.2255859375,
                -6.314453125,
                -6.2744140625
            ],
            "params": [
                [
                    4.317025972787401,
                    1.8838894732595075
                ],
                [
                    5.317025972787401,
                    1.8838894732595075
                ],
                [
                    5.317025972787401,
                    2.8838894732595075
                ],
                [
                    5.59068388871862,
                    3.8457165601354086
                ],
                [
                    5.735048145968904,
                    2.6095585367455714
                ],
                [
                    5.248443238658917,
                    2.7793839299641316
                ],
                [
                    4.999858216844019,
                    2.805944933885048
                ],
                [
                    4.8145066914030705,
                    2.6381807779496596
                ],
                [
                    4.987581213510517,
                    2.9051884484799535
                ],
                [
                    4.950236459546566,
                    2.7998064322182974
                ],
                [
                    5.095891347256172,
                    2.7780587748945664
                ],
                [
                    5.100423753678612,
                    2.678161541239065
                ],
                [
                    5.121337593978921,
                    2.8210993200552053
                ],
                [
                    5.11575396644382,
                    2.762877327038499
                ],
                [
                    5.092855057684958,
                    2.774086251057037
                ],
                [
                    5.086057414023756,
                    2.766751945319251
                ],
                [
                    5.0891879048160655,
                    2.777485072887638
                ],
                [
                    5.102221189980412,
                    2.7705826007000427
                ],
                [
                    5.092616560927726,
                    2.779080559747616
                ],
                [
                    5.091462958211142,
                    2.772009701261101
                ],
                [
                    5.093270367644146,
                    2.773807831162274
                ],
                [
                    5.092130139052679,
                    2.774775085562977
                ],
                [
                    5.093199474937928,
                    2.7744487103731768
                ],
                [
                    5.092473376842527,
                    2.7731619568752306
                ],
                [
                    5.09333660805791,
                    2.772657148130467
                ],
                [
                    5.091986124724206,
                    2.7732741414249356
                ],
                [
                    5.09269844698266,
                    2.773053129341856
                ],
                [
                    5.092451611335852,
                    2.773116942847204
                ],
                [
                    5.092493880273408,
                    2.773259832353886
                ],
                [
                    5.092424439103199,
                    2.773172208590671
                ],
                [
                    5.092506889710943,
                    2.7730677396387473
                ]
            ]
        },
        "optimization_iterations": 31,
        "qaoa_cut_value": 8,
        "termination_reason": "Return from COBYLA because the trust region radius reaches its lower bound.",
        "total_shots": 1024,