{
    "exact_max_cut_value": 3,
    "graph_metadata": {
        "density_edges": 0.1,
        "filepath": "data/generated_graphs/graph_n4_d0.10_id3.gpickle",
        "id": 3,
        "n_vertices": 4,
        "seed": 909845
    },
    "metrics": {
        "all_trajectories": [
            [
                [
                    3.5518340221041025,
                    5.712696330801507,
                    2.1720111031318448,
                    4.582733354134918
                ],
                [
                    3.5518340221041025,
                    5.712696330801507,
                    2.1720111031318448,
                    4.582733354134918
                ],
                [
                    3.4270543884095,
                    5.705277232807758,
                    2.1720111031318448,
                    4.582733354134918
                ],
                [
                    3.4197691787288558,
                    5.485296446854427,
                    2.101322187701019,
                    4.48755742878361
                ],
                [
                    3.4197691787288558,
                    5.485296446854427,
                    2.101322187701019,
                    4.48755742878361
                ],
                [
                    3.421321477251337,
                    5.429531356508979,
                    2.15905752168138,
                    4.547176857481285
                ],
                [
                    3.421321477251337,
                    5.429531356508979,
                    2.15905752168138,
                    4.547176857481285
                ],
                [
                    3.421321477251337,
                    5.429531356508979,
                    2.15905752168138,
                    4.547176857481285
                ],
                [
                    3.421321477251337,
                    5.429531356508979,
                    2.15905752168138,
                    4.547176857481285
                ],
                [
                    3.421321477251337,
                    5.429531356508979,
                    2.15905752168138,
                    4.547176857481285
                ],
                [
                    3.421321477251337,
                    5.429531356508979,
                    2.15905752168138,
                    4.547176857481285
                ],
                [
                    3.421321477251337,
                    5.429531356508979,
                    2.15905752168138,
                    4.547176857481285
                ],
                [
                    3.421321477251337,
                    5.429531356508979,
                    2.15905752168138,
                    4.547176857481285
                ],
                [
                    3.421321477251337,
                    5.429531356508979,
                    2.15905752168138,
                    4.547176857481285
                ],
                [
                    3.421321477251337,
                    5.429531356508979,
                    2.15905752168138,
                    4.547176857481285
                ],
                [
                    3.421321477251337,
                    5.429531356508979,
                    2.15905752168138,
                    4.547176857481285
                ],
                [
                    3.421321477251337,
                    5.429531356508979,
                    2.15905752168138,
                    4.547176857481285
                ],
                [
                    3.421321477251337,
                    5.429531356508979,
                    2.15905752168138,
                    4.547176857481285
                ],
                [
                    3.421321477251337,
                    5.429531356508979,
                    2.15905752168138,
                    4.547176857481285
                ],
                [
                    3.421321477251337,
                    5.429531356508979,
                    2.15905752168138,
                    4.547176857481285
                ],
                [
                    3.421321477251337,
                    5.429531356508979,
                    2.15905752168138,
                    4.547176857481285
                ]
            ]
        ],
        "approximation_ratio": 1.0,
        "circuit_depth": 17,
        "num_parameters": 0,
        "optimization_history": {
            "fun": [
                -1.8515625,
                -1.75390625,
                -1.1142578125,
                -1.552734375,
                -1.44921875,
                -0.7919921875,
                -1.4814453125,
                -1.8623046875,
                -1.984375,
                -1.4453125,
                -1.9580078125,
                -2.1064453125,
                -1.994140625,
                -2.0654296875,
                -2.080078125,
                -2.0185546875,
                -1.935546875,
                -2.03125,
                -2.0283203125,
                -2.0107421875,
                -2.0205078125,
                -2.078125,
                -2.0673828125,
                -2.0234375,
                -2.0029296875,
                -2.0576171875,
                -2.0556640625,
                -2.01953125,
                -2.0322265625,
                -2.033203125,
                -2.0732421875,
                -2.0419921875,
                -2.044921875,
                -2.0166015625,
                -2.1015625,
                -2.07421875,
                -2.064453125,
                -2.02734375,
                -2.05859375
            ],