{
    "exact_max_cut_value": 7,
    "graph_metadata": {
        "density_edges": 0.25,
        "filepath": "data/generated_graphs/graph_n8_d0.25_id7.gpickle",
        "id": 7,
        "n_vertices": 8,
        "seed": 965230
    },
    "metrics": {
        "all_trajectories": [
            [
                [
                    4.49153177441735,
                    5.597996847353384
                ],
                [
                    6.483595623999017,
                    5.472261735498326
                ],
                [
                    6.445497708370778,
                    4.472987724616034
                ],
                [
                    6.445497708370778,
                    4.472987724616034
                ],
                [
                    6.445497708370778,
                    4.472987724616034
                ],
                [
                    6.445497708370778,
                    4.472987724616034
                ],
                [
                    6.693201604312446,
                    4.506792752871004
                ],
                [
                    6.728783818385401,
                    4.471665754114117
                ],
                [
                    6.713496462338094,
                    4.372841178501151
                ],
                [
                    6.7521849966933445,
                    4.280628395713499
                ],
                [
                    6.7521849966933445,
                    4.280628395713499
                ],
                [
                    6.7521849966933445,
                    4.280628395713499
                ],
                [
                    6.7521849966933445,
                    4.280628395713499
                ],
                [
                    6.7521849966933445,
                    4.280628395713499
                ],
                [
                    6.7521849966933445,
                    4.280628395713499
                ],
                [
                    6.7521849966933445,
                    4.280628395713499
                ],
                [
                    6.7521849966933445,
                    4.280628395713499
                ],
                [
                    6.7521849966933445,
                    4.280628395713499
                ],
                [
                    6.7521849966933445,
                    4.280628395713499
                ],
                [
                    6.7521849966933445,
                    4.280628395713499
                ],
                [
                    6.7521849966933445,
                    4.280628395713499
                ],
                [
                    6.7521849966933445,
                    4.280628395713499
                ]
            ]
        ],
        "approximation_ratio": 1.0,
        "circuit_depth": 7,
        "num_parameters": 0,
        "optimization_history": {
            "fun": [
                -3.3544921875,
                -4.0556640625,
                -3.966796875,
                -4.0634765625,
                -4.515625,
                -3.7958984375,
                -4.2841796875,
                -4.05078125,
                -4.146484375,
                -4.740234375,
                -4.125,
                -4.8291015625,
                -4.9931640625,
                -5.083984375,
                -4.9404296875,
                -4.90625,
                -5.052734375,
                -5.037109375,
                -4.98828125,
                -5.0166015625,
                -4.94921875,
                -4.962890625,
                -4.978515625,
                -5.0166015625,
                -4.9951171875,
                -4.9921875,
                -4.955078125,
                -5.029296875,
                -5.029296875,
                -4.939453125,
                -5.0224609375,
                -5.037109375
            ],
            "params": [
                [
                    4.49153177441735,
                    5.597996847353384
                ],
                [
                    5.49153177441735,
                    5.597996847353384
                ],
                [
                    5.49153177441735,
                    6.597996847353384
                ],
                [
                    6.483595623999017,
                    5.472261735498326
                ],
                [
                    6.445497708370778,
                    4.472987724616034
                ],
                [
                    6.228262114918238,
                    2.4848205543465607
                ],
                [
                    7.392194429030953,
                    4.795113971747914
                ],
                [
                    6.361223547732427,
                    3.980141028524134
                ],
                [
                    6.322286034347803,
                    4.4940562647756215
                ],
                [
                    6.693201604312446,
                    4.506792752871004
                ],
                [
                    6.868836598096881,
                    4.6847038232357825
                ],
                [
                    6.728783818385401,
                    4.471665754114117
                ],
                [
                    6.713496462338094,
                    4.372841178501151
                ],
                [
                    6.7521849966933445,
                    4.280628395713499
                ],
                [
                    6.689932942517612,
                    4.202368049746326
                ],
                [
                    6.802184394778658,
                    4.280383056955132
                ],
                [
                    6.731662621271132,
                    4.266351417495761
                ],
                [
                    6.749329601049797,
                    4.284732870797942
                ],
                [
                    6.758930617744451,
                    4.273246214691953
                ],
                [
                    6.7558760872041175,
                    4.2840012062390525
                ],
                [
                    6.742260385883842,
                    4.279402793706361
                ],
                [
                    6.75431954927812,
                    4.285149865083387
                ],
                [
                    6.749915272078541,
                    4.279580373684649
                ],
                [
                    6.752394601099114,
                    4.280174450790539
                ],
                [
                    6.752056162021632,
                    4.281620061800126
                ],
                [
                    6.752680829736658,
                    4.280692813049356
                ],
                [
                    6.751348530820075,
                    4.280080376696625
                ],
                [
                    6.752660233137435,
                    4.280472991974137
                ],
                [
                    6.752146145758504,
                    4.280509586602476
                ],
                [
                    6.752202747695459,
                    4.280877764721044
                ],
                [
                    6.75228278732481,
                    4.280607491350375
                ],
                [
                    6.752122676417055,
                    4.280706601743722
                ]
            ]
        },
        "optimization_iterations": 32,
        "qaoa_cut_value": 7,
        "termination_reason": "Return from COBYLA because the trust region radius reaches its lower bound.",
        "total_shots": 1024,