{
    "exact_max_cut_value": 11,
    "graph_metadata": {
        "density_edges": 0.5,
        "filepath": "data/generated_graphs/graph_n8_d0.50_id8.gpickle",
        "id": 8,
        "n_vertices": 8,
        "seed": 655490
    },
    "metrics": {
        "all_trajectories": [
            [
                [
                    3.9543587336841486,
                    4.378170049897512
                ],
                [
                    4.962232505348554,
                    6.378139051276943
                ],
                [
                    4.962232505348554,
                    6.378139051276943
                ],
                [
                    4.962232505348554,
                    6.378139051276943
                ],
                [
                    4.962232505348554,
                    6.378139051276943
                ],
                [
                    5.011076391105529,
                    6.367449110951591
                ],
                [
                    5.03942192857434,
                    6.4633476537226064
                ],
                [
                    5.03942192857434,
                    6.4633476537226064
                ],
                [
                    4.994790754642521,
                    6.485887802645532
                ],
                [
                    4.945045336813195,
                    6.4909269895825075
                ],
                [
                    4.945045336813195,
                    6.4909269895825075
                ],
                [
                    4.945045336813195,
                    6.4909269895825075
                ],
                [
                    4.943328768381458,
                    6.481075421543907
                ],
                [
                    4.943328768381458,
                    6.481075421543907
                ],
                [
                    4.943328768381458,
                    6.481075421543907
                ],
                [
                    4.943328768381458,
                    6.481075421543907
                ],
                [
                    4.943328768381458,
                    6.481075421543907
                ],
                [
                    4.943328768381458,
                    6.481075421543907
                ],
                [
                    4.943328768381458,
                    6.481075421543907
                ],
                [
                    4.943328768381458,
                    6.481075421543907
                ],
                [
                    4.943328768381458,
                    6.481075421543907
                ],
                [
                    4.943328768381458,
                    6.481075421543907
                ]
            ]
        ],
        "approximation_ratio": 1.0,
        "circuit_depth": 13,
        "num_parameters": 0,
        "optimization_history": {
            "fun": [
                -6.484375,
                -6.4853515625,
                -6.609375,
                -7.4296875,
                -6.431640625,
                -6.6796875,
                -7.19921875,
                -4.990234375,
                -7.46484375,
                -7.6806640625,
                -7.59765625,
                -7.7724609375,
                -7.7841796875,
                -7.763671875,
                -7.71484375,
                -7.8994140625,
                -7.8388671875,
                -7.767578125,
                -7.8095703125,
                -7.7919921875,
                -7.759765625,
                -7.8154296875,
                -7.72265625,
                -7.8115234375,
                -7.7783203125,
                -7.7783203125,
                -7.8173828125,
                -7.705078125,
                -7.8388671875,
                -7.7919921875,
                -7.6884765625,
                -7.8251953125
            ],
            "params": [
                [
                    3.9543587336841486,
                    4.378170049897512
                ],
                [
                    4.954358733684149,
                    4.378170049897512
                ],
                [
                    4.954358733684149,
                    5.378170049897512
                ],
                [
                    4.962232505348554,
                    6.378139051276943
                ],
                [
                    3.6681382979106085,
                    7.9030391077644335
                ],
                [
                    5.86776470509285,
                    6.802416596318224
                ],
                [
                    4.549132284387691,
                    6.659827189902065
                ],
                [
                    4.908782803721793,
                    6.133919622492068
                ],
                [
                    5.011076391105529,
                    6.367449110951591
                ],
                [
                    5.03942192857434,
                    6.4633476537226064
                ],
                [
                    5.090550393365297,
                    6.549288796885354
                ],
                [
                    4.994790754642521,
                    6.485887802645532
                ],
                [
                    4.945045336813195,
                    6.4909269895825075
                ],
                [
                    4.934563015822415,
                    6.442038126365551
                ],
                [
                    4.935545229729695,
                    6.51405160775021
                ],
                [
                    4.943328768381458,
                    6.481075421543907
                ],
                [
                    4.94090933221046,
                    6.461222302680251
                ],
                [
                    4.938365488665544,
                    6.481680280586657
                ],
                [
                    4.953328526552375,
                    6.481005876427751
                ],
                [
                    4.938790459666446,
                    6.483173933875834
                ],
                [
                    4.94385339646444,
                    6.48220999872266
                ],
                [
                    4.942726915948152,
                    6.478648948043428
                ],
                [
                    4.943814063081554,
                    6.480955051057246
                ],
                [
                    4.942385306299281,
                    6.48140690201014
                ],
                [
                    4.943494508614575,
                    6.481547152584995
                ],
                [
                    4.943339019209068,
                    6.48007547408502
                ],
                [
                    4.94370052413492,
                    6.4814097831143185
                ],
                [
                    4.943333754093324,
                    6.480825471263497
                ],
                [
                    4.943278778325376,
                    6.481074424401534
                ],
                [
                    4.943411827425159,
                    6.481131109920249
                ],
                [
                    4.943300924193287,
                    6.481116951065757
                ],
                [
                    4.943362239435368,
                    6.480981189444545
                ]
            ]
        },
        "optimization_iterations": 32,
        "qaoa_cut_value": 11,
        "termination_reason": "Return from COBYLA because the trust region radius reaches its lower bound.",
        "total_shots": 1024,