{
    "exact_max_cut_value": 3,
    "graph_metadata": {
        "density_edges": 0.5,
        "filepath": "data/generated_graphs/graph_n4_d0.50_id0.gpickle",
        "id": 0,
        "n_vertices": 4,
        "seed": 102920
    },
    "metrics": {
        "all_trajectories": [
            [
                [
                    1.570260407706013,
                    0.5837563145117715,
                    3.5459923537863474,
                    3.1496355297808867
                ],
                [
                    2.570260407706013,
                    1.5837563145117715,
                    3.5459923537863474,
                    3.1496355297808867
                ],
                [
                    2.570260407706013,
                    1.5837563145117715,
                    3.5459923537863474,
                    3.1496355297808867
                ],
                [
                    2.807281580258429,
                    1.6565043166149906,
                    3.5139748348231703,
                    3.1477459712846994
                ],
                [
                    2.807281580258429,
                    1.6565043166149906,
                    3.5139748348231703,
                    3.1477459712846994
                ],
                [
                    2.843054748273261,
                    1.5809487541090386,
                    3.568848598269463,
                    3.147033574041529
                ],
                [
                    2.8426966542035834,
                    1.5801518909004784,
                    3.567336119353598,
                    3.0970640915027516
                ],
                [
                    2.8530514337098523,
                    1.558469297807994,
                    3.5502442502458265,
                    3.001510380384004
                ],
                [
                    2.8530514337098523,
                    1.558469297807994,
                    3.5502442502458265,
                    3.001510380384004
                ],
                [
                    2.788729703003737,
                    1.5312716216351516,
                    3.6202549798813655,
                    2.9866275343636124
                ],
                [
                    2.788729703003737,
                    1.5312716216351516,
                    3.6202549798813655,
                    2.9866275343636124
                ],
                [
                    2.788729703003737,
                    1.5312716216351516,
                    3.6202549798813655,
                    2.9866275343636124
                ],
                [
                    2.7876614697870052,
                    1.511692265393951,
                    3.619086052935197,
                    3.0020917283862363
                ],
                [
                    2.7876614697870052,
                    1.511692265393951,
                    3.619086052935197,
                    3.0020917283862363
                ],
                [
                    2.7876614697870052,
                    1.511692265393951,
                    3.619086052935197,
                    3.0020917283862363
                ],
                [
                    2.7876614697870052,
                    1.511692265393951,
                    3.619086052935197,
                    3.0020917283862363
                ],
                [
                    2.7876614697870052,
                    1.511692265393951,
                    3.619086052935197,
                    3.0020917283862363
                ],
                [
                    2.7876614697870052,
                    1.511692265393951,
                    3.619086052935197,
                    3.0020917283862363
                ],
                [
                    2.7876614697870052,
                    1.511692265393951,
                    3.619086052935197,
                    3.0020917283862363
                ],
                [
                    2.7876614697870052,
                    1.511692265393951,
                    3.619086052935197,
                    3.0020917283862363
                ],
                [
                    2.7876614697870052,
                    1.511692265393951,
                    3.619086052935197,
                    3.0020917283862363
                ],
                [
                    2.7876614697870052,
                    1.511692265393951,
                    3.619086052935197,
                    3.0020917283862363
                ],
                [
                    2.7876614697870052,
                    1.511692265393951,
                    3.619086052935197,
                    3.0020917283862363
                ]
            ]
        ],
        "approximation_ratio": 1.0,
        "circuit_depth": 9,
        "num_parameters": 0,
        "optimization_history": {
            "fun": [
                -0.8916015625,
                -1.4482421875,
                -2.125,
                -1.8271484375,
                -2.107421875,
                -1.53515625,
                -1.2236328125,
                -2.1552734375,
                -1.9189453125,
                -2.130859375,
                -2.1767578125,
                -2.1484375,
                -2.267578125,
                -2.271484375,
                -2.205078125,
                -2.1708984375,
                -2.3427734375,
                -2.2548828125,
                -2.265625,
                -2.314453125,
                -2.35546875,
                -2.3115234375,
                -2.2919921875,
                -2.2998046875,
                -2.298828125,
                -2.302734375,
                -2.3056640625,
                -2.30078125,
                -2.3212890625,
                -2.3056640625,
                -2.3125,
                -2.3134765625,
                -2.298828125,
                -2.2548828125,
                -2.2509765625,
                -2.310546875,
                -2.2841796875,
                -2.3544921875,
                -2.3125,
                -2.3388671875
            ],