{
    "exact_max_cut_value": 3,
    "graph_metadata": {
        "density_edges": 0.5,
        "filepath": "data/generated_graphs/graph_n4_d0.50_id5.gpickle",
        "id": 5,
        "n_vertices": 4,
        "seed": 687730
    },
    "metrics": {
        "all_trajectories": [
            [
                [
                    5.513498047439142,
                    1.354083019364602,
                    0.5915341078653328,
                    4.151851054094087
                ],
                [
                    5.513498047439142,
                    2.354083019364602,
                    1.591534107865333,
                    4.151851054094087
                ],
                [
                    5.513498047439142,
                    2.354083019364602,
                    1.591534107865333,
                    4.151851054094087
                ],
                [
                    5.500828862374585,
                    2.186312214183269,
                    1.6039876251602174,
                    4.336343218116284
                ],
                [
                    5.411584912832511,
                    1.9586048540591126,
                    1.6216793178571134,
                    4.385045164945319
                ],
                [
                    5.411584912832511,
                    1.9586048540591126,
                    1.6216793178571134,
                    4.385045164945319
                ],
                [
                    5.356068689341315,
                    1.9548679946705145,
                    1.5725723131922156,
                    4.318019148324702
                ],
                [
                    5.429189688151673,
                    1.9091246264138872,
                    1.546658770372295,
                    4.2745524703744096
                ],
                [
                    5.429189688151673,
                    1.9091246264138872,
                    1.546658770372295,
                    4.2745524703744096
                ],
                [
                    5.429189688151673,
                    1.9091246264138872,
                    1.546658770372295,
                    4.2745524703744096
                ],
                [
                    5.429189688151673,
                    1.9091246264138872,
                    1.546658770372295,
                    4.2745524703744096
                ],
                [
                    5.429189688151673,
                    1.9091246264138872,
                    1.546658770372295,
                    4.2745524703744096
                ],
                [
                    5.429189688151673,
                    1.9091246264138872,
                    1.546658770372295,
                    4.2745524703744096
                ],
                [
                    5.429189688151673,
                    1.9091246264138872,
                    1.546658770372295,
                    4.2745524703744096
                ],
                [
                    5.429189688151673,
                    1.9091246264138872,
                    1.546658770372295,
                    4.2745524703744096
                ],
                [
                    5.429189688151673,
                    1.9091246264138872,
                    1.546658770372295,
                    4.2745524703744096
                ],
                [
                    5.429189688151673,
                    1.9091246264138872,
                    1.546658770372295,
                    4.2745524703744096
                ],
                [
                    5.429189688151673,
                    1.9091246264138872,
                    1.546658770372295,
                    4.2745524703744096
                ],
                [
                    5.429189688151673,
                    1.9091246264138872,
                    1.546658770372295,
                    4.2745524703744096
                ],
                [
                    5.429189688151673,
                    1.9091246264138872,
                    1.546658770372295,
                    4.2745524703744096
                ],
                [
                    5.429189688151673,
                    1.9091246264138872,
                    1.546658770372295,
                    4.2745524703744096
                ]
            ]
        ],
        "approximation_ratio": 1.0,
        "circuit_depth": 15,
        "num_parameters": 0,
        "optimization_history": {
            "fun": [
                -1.9130859375,
                -1.36328125,
                -1.966796875,
                -2.0048828125,
                -0.9267578125,
                -1.4990234375,
                -1.8935546875,
                -1.9443359375,
                -2.109375,
                -2.19140625,
                -1.7060546875,
                -2.0927734375,
                -2.2099609375,
                -2.287109375,
                -2.1728515625,
                -2.193359375,
                -2.2265625,
                -2.279296875,
                -2.16015625,
                -2.263671875,
                -2.220703125,
                -2.2548828125,
                -2.2255859375,
                -2.2001953125,
                -2.201171875,
                -2.16796875,
                -2.2353515625,
                -2.22265625,
                -2.2626953125,
                -2.173828125,
                -2.1826171875,
                -2.2138671875,
                -2.212890625,
                -2.208984375,
                -2.224609375,
                -2.2255859375,
                -2.2578125,
                -2.2314453125
            ],