{
    "exact_max_cut_value": 3,
    "graph_metadata": {
        "density_edges": 0.1,
        "filepath": "data/generated_graphs/graph_n4_d0.10_id9.gpickle",
        "id": 9,
        "n_vertices": 4,
        "seed": 805747
    },
    "metrics": {
        "all_trajectories": [
            [
                [
                    4.876587692226405,
                    0.9680236576806177
                ],
                [
                    4.876587692226405,
                    0.9680236576806177
                ],
                [
                    4.876587692226405,
                    0.9680236576806177
                ],
                [
                    4.789317049345266,
                    0.7337506654448229
                ],
                [
                    4.563411489649762,
                    0.28769385505105616
                ],
                [
                    4.563411489649762,
                    0.28769385505105616
                ],
                [
                    4.325612705581831,
                    0.3648413650291055
                ],
                [
                    4.325612705581831,
                    0.3648413650291055
                ],
                [
                    4.325612705581831,
                    0.3648413650291055
                ],
                [
                    4.325612705581831,
                    0.3648413650291055
                ],
                [
                    4.325612705581831,
                    0.3648413650291055
                ],
                [
                    4.325612705581831,
                    0.3648413650291055
                ],
                [
                    4.325612705581831,
                    0.3648413650291055
                ],
                [
                    4.32442846483393,
                    0.3644412727259926
                ],
                [
                    4.32442846483393,
                    0.3644412727259926
                ],
                [
                    4.32442846483393,
                    0.3644412727259926
                ],
                [
                    4.32442846483393,
                    0.3644412727259926
                ],
                [
                    4.32442846483393,
                    0.3644412727259926
                ],
                [
                    4.324426027250099,
                    0.3643413024394817
                ],
                [
                    4.324426027250099,
                    0.3643413024394817
                ]
            ]
        ],
        "approximation_ratio": 1.0,
        "circuit_depth": 8,
        "num_parameters": 0,
        "optimization_history": {
            "fun": [
                -1.626953125,
                -1.552734375,
                -1.45703125,
                -1.607421875,
                -1.505859375,
                -1.517578125,
                -2.009765625,
                -2.173828125,
                -1.275390625,
                -2.2236328125,
                -2.1767578125,
                -2.1982421875,
                -2.2216796875,
                -2.2158203125,
                -2.2158203125,
                -2.201171875,
                -2.1767578125,
                -2.208984375,
                -2.1796875,
                -2.197265625,
                -2.244140625,
                -2.2021484375,
                -2.19921875,
                -2.2099609375,
                -2.2314453125,
                -2.2236328125,
                -2.2138671875,
                -2.1796875,
                -2.265625,
                -2.2412109375,
                -2.1826171875
            ],
            "params": [
                [
                    4.876587692226405,
                    0.9680236576806177
                ],
                [
                    5.876587692226405,
                    0.9680236576806177
                ],
                [
                    4.876587692226405,
                    1.9680236576806176
                ],
                [
                    4.476321498763047,
                    0.05162474106714088
                ],
                [
                    4.471579867323054,
                    1.2612277875407822
                ],
                [
                    4.949888724691446,
                    1.0692756139064556
                ],
                [
                    4.789317049345266,
                    0.7337506654448229
                ],
                [
                    4.563411489649762,
                    0.28769385505105616
                ],
                [
                    4.883405700452181,
                    -0.0964984210984477
                ],
                [
                    4.325612705581831,
                    0.3648413650291055
                ],
                [
                    4.247377780993829,
                    0.3025573656816839
                ],
                [
                    4.29447070590812,
                    0.4039588273231066
                ],
                [
                    4.424444395534356,
                    0.3496000704276651
                ],
                [
                    4.331759256703356,
                    0.41446212589903253
                ],
                [
                    4.313207515364349,
                    0.36637800280948685
                ],
                [
                    4.348936931277525,
                    0.3558424486667686
                ],
                [
                    4.315619645029518,
                    0.3644688857708825
                ],
                [
                    4.325798945210942,
                    0.35984483475294904
                ],
                [
                    4.333889390369981,
                    0.3704535383084692
                ],
                [
                    4.327213074794282,
                    0.3601044020375004
                ],
                [
                    4.32442846483393,
                    0.3644412727259926
                ],
                [
                    4.32192873896752,
                    0.3644042512079189
                ],
                [
                    4.324588501755175,
                    0.3639675764268321
                ],
                [
                    4.323943409852403,
                    0.36531575638215597
                ],
                [
                    4.324386385907017,
                    0.3639430465083867
                ],
                [
                    4.3243039082795285,
                    0.3644517924577208
                ],
                [
                    4.324677865000569,
                    0.36445858043757023
                ],
                [
                    4.324425003291614,
                    0.36449115275932054
                ],
                [
                    4.324426027250099,
                    0.3643413024394817
                ],
                [
                    4.324381138324327,
                    0.36425194369988084
                ],
                [
                    4.324523379298287,
                    0.36431844245886974
                ]
            ]
        },
        "optimization_iterations": 31,
        "qaoa_cut_value": 3,
        "termination_reason": "Return from COBYLA because the trust region radius reaches its lower bound.",
        "total_shots": 1024,