{
    "exact_max_cut_value": 10,
    "graph_metadata": {
        "density_edges": 0.5,
        "filepath": "data/generated_graphs/graph_n8_d0.50_id6.gpickle",
        "id": 6,
        "n_vertices": 8,
        "seed": 29012
    },
    "metrics": {
        "all_trajectories": [
            [
                [
                    1.9984833893825467,
                    4.1899508989413174
                ],
                [
                    1.9984833893825467,
                    4.1899508989413174
                ],
                [
                    1.9984833893825467,
                    4.1899508989413174
                ],
                [
                    1.9984833893825467,
                    4.1899508989413174
                ],
                [
                    2.0184642980411653,
                    4.235784983301932
                ],
                [
                    2.0184642980411653,
                    4.235784983301932
                ],
                [
                    2.0184642980411653,
                    4.235784983301932
                ],
                [
                    2.0184642980411653,
                    4.235784983301932
                ],
                [
                    2.0184642980411653,
                    4.235784983301932
                ],
                [
                    2.0184642980411653,
                    4.235784983301932
                ],
                [
                    2.0184642980411653,
                    4.235784983301932
                ],
                [
                    2.0184642980411653,
                    4.235784983301932
                ],
                [
                    2.0184642980411653,
                    4.235784983301932
                ],
                [
                    2.0184642980411653,
                    4.235784983301932
                ],
                [
                    2.0184642980411653,
                    4.235784983301932
                ],
                [
                    2.0183403140081926,
                    4.236002073051962
                ],
                [
                    2.018088710778897,
                    4.23643415616319
                ],
                [
                    2.018088710778897,
                    4.23643415616319
                ],
                [
                    2.018088710778897,
                    4.23643415616319
                ]
            ]
        ],
        "approximation_ratio": 1.0,
        "circuit_depth": 14,
        "num_parameters": 0,
        "optimization_history": {
            "fun": [
                -7.0419921875,
                -6.875,
                -6.9208984375,
                -6.548828125,
                -7.0166015625,
                -6.9970703125,
                -6.97265625,
                -6.9599609375,
                -7.064453125,
                -7.056640625,
                -6.9091796875,
                -7.021484375,
                -6.986328125,
                -7.009765625,
                -6.9150390625,
                -6.9970703125,
                -7.029296875,
                -7.0185546875,
                -6.85546875,
                -6.99609375,
                -6.935546875,
                -7.060546875,
                -7.09375,
                -7.09765625,
                -6.9609375,
                -7.04296875,
                -6.927734375,
                -6.974609375,
                -6.8916015625
            ],
            "params": [
                [
                    1.9984833893825467,
                    4.1899508989413174
                ],
                [
                    2.998483389382547,
                    4.1899508989413174
                ],
                [
                    1.9984833893825467,
                    5.1899508989413174
                ],
                [
                    1.1889291942018496,
                    3.602905751558824
                ],
                [
                    2.491103813633265,
                    4.104363998009912
                ],
                [
                    1.8699580232781816,
                    3.9755185546745557
                ],
                [
                    1.9555969205291943,
                    4.215655972162191
                ],
                [
                    2.0901515581037757,
                    4.1499890816240805
                ],
                [
                    2.0184642980411653,
                    4.235784983301932
                ],
                [
                    1.9572567345896623,
                    4.314864906015161
                ],
                [
                    2.0618844691882265,
                    4.260577900386452
                ],
                [
                    1.9963877346785708,
                    4.247516366429993
                ],
                [
                    2.02833493521036,
                    4.234181698587942
                ],
                [
                    2.0192659403981605,
                    4.24072030188653
                ],
                [
                    2.011422460286438,
                    4.228684805766399
                ],
                [
                    2.0176953937786744,
                    4.240725508196629
                ],
                [
                    2.017056792216539,
                    4.233718845031234
                ],
                [
                    2.018877525695305,
                    4.235503482137007
                ],
                [
                    2.017732625423586,
                    4.236466639506103
                ],
                [
                    2.018805126143251,
                    4.236150819610722
                ],
                [
                    2.018703405414036,
                    4.2348139901689805
                ],
                [
                    2.0189121929241143,
                    4.236007222303523
                ],
                [
                    2.0183403140081926,
                    4.236002073051962
                ],
                [
                    2.018088710778897,
                    4.23643415616319
                ],
                [
                    2.0178587105211006,
                    4.23633617717864
                ],
                [
                    2.018069114981987,
                    4.236480156214749
                ],
                [
                    2.0181649085029703,
                    4.236369395782972
                ],
                [
                    2.0181210909690064,
                    4.236472255025227
                ],
                [
                    2.017992124823252,
                    4.2364082495390925
                ]
            ]
        },
        "optimization_iterations": 29,
        "qaoa_cut_value": 10,
        "termination_reason": "Return from COBYLA because the trust region radius reaches its lower bound.",
        "total_shots": 1024,