{
    "exact_max_cut_value": 4,
    "graph_metadata": {
        "density_edges": 0.75,
        "filepath": "data/generated_graphs/graph_n4_d0.75_id3.gpickle",
        "id": 3,
        "n_vertices": 4,
        "seed": 273448
    },
    "metrics": {
        "all_trajectories": [
            [
                [
                    3.49429504721977,
                    4.562343458635035
                ],
                [
                    4.4942950472197705,
                    4.562343458635035
                ],
                [
                    4.4942950472197705,
                    4.562343458635035
                ],
                [
                    4.499940116193696,
                    4.312407200368493
                ],
                [
                    4.499940116193696,
                    4.312407200368493
                ],
                [
                    4.500270556148778,
                    4.262408292286055
                ],
                [
                    4.493831312394834,
                    4.162615826939831
                ],
                [
                    4.493831312394834,
                    4.162615826939831
                ],
                [
                    4.493831312394834,
                    4.162615826939831
                ],
                [
                    4.502540996803478,
                    4.186049593122454
                ],
                [
                    4.502540996803478,
                    4.186049593122454
                ],
                [
                    4.494972385569106,
                    4.179513835784322
                ],
                [
                    4.494117237122088,
                    4.169550466819279
                ],
                [
                    4.494117237122088,
                    4.169550466819279
                ],
                [
                    4.494117237122088,
                    4.169550466819279
                ],
                [
                    4.494117237122088,
                    4.169550466819279
                ],
                [
                    4.494117237122088,
                    4.169550466819279
                ],
                [
                    4.494117237122088,
                    4.169550466819279
                ],
                [
                    4.494117237122088,
                    4.169550466819279
                ],
                [
                    4.494117237122088,
                    4.169550466819279
                ],
                [
                    4.494117237122088,
                    4.169550466819279
                ],
                [
                    4.494117237122088,
                    4.169550466819279
                ]
            ]
        ],
        "approximation_ratio": 1.0,
        "circuit_depth": 11,
        "num_parameters": 0,
        "optimization_history": {
            "fun": [
                -3.0673828125,
                -3.083984375,
                -2.8935546875,
                -2.4365234375,
                -2.716796875,
                -3.7119140625,
                -2.25390625,
                -3.68359375,
                -2.9521484375,
                -3.87109375,
                -3.9736328125,
                -3.8818359375,
                -3.966796875,
                -3.9765625,
                -3.96484375,
                -3.9677734375,
                -3.98046875,
                -3.9912109375,
                -3.958984375,
                -3.98046875,
                -3.9794921875,
                -3.970703125,
                -3.9814453125,
                -3.9853515625,
                -3.98828125,
                -3.9873046875,
                -3.96875,
                -3.9833984375,
                -3.978515625,
                -3.9794921875,
                -3.962890625,
                -3.9697265625
            ],
            "params": [
                [
                    3.49429504721977,
                    4.562343458635035
                ],
                [
                    4.4942950472197705,
                    4.562343458635035
                ],
                [
                    4.4942950472197705,
                    5.562343458635035
                ],
                [
                    4.581145117441387,
                    3.5661220649165
                ],
                [
                    4.507034599953369,
                    5.062181136082572
                ],
                [
                    4.499940116193696,
                    4.312407200368493
                ],
                [
                    4.503244515744519,
                    3.8124181195441125
                ],
                [
                    4.624937386399791,
                    4.313233300256198
                ],
                [
                    4.478927689000175,
                    4.561522591108281
                ],
                [
                    4.500270556148778,
                    4.262408292286055
                ],
                [
                    4.493831312394834,
                    4.162615826939831
                ],
                [
                    4.417919070498706,
                    4.097521038129176
                ],
                [
                    4.538030367112564,
                    4.139239694623748
                ],
                [
                    4.502540996803478,
                    4.186049593122454
                ],
                [
                    4.491628675140604,
                    4.2085422860676305
                ],
                [
                    4.507039535392513,
                    4.1882320574550285
                ],
                [
                    4.494972385569106,
                    4.179513835784322
                ],
                [
                    4.494117237122088,
                    4.169550466819279
                ],
                [
                    4.501566331644314,
                    4.150989459551382
                ],
                [
                    4.4841676518544045,
                    4.168547594444002
                ],
                [
                    4.497678901324214,
                    4.166041257775734
                ],
                [
                    4.493239934861202,
                    4.168660050768748
                ],
                [
                    4.4956023592890295,
                    4.1715615392071514
                ],
                [
                    4.493159534155095,
                    4.169262708192976
                ],
                [
                    4.49426111643524,
                    4.169071615335783
                ],
                [
                    4.494590959308408,
                    4.170431141157607
                ],
                [
                    4.494464312233973,
                    4.169190551736642
                ],
                [
                    4.493888258573925,
                    4.169650810351612
                ],
                [
                    4.494097168415622,
                    4.169504671109647
                ],
                [
                    4.494168262314636,
                    4.1696364693176475
                ],
                [
                    4.494160238371272,
                    4.1695249542230055
                ],
                [
                    4.4940226802895005,
                    4.169583009182608
                ]
            ]
        },
        "optimization_iterations": 32,
        "qaoa_cut_value": 4,
        "termination_reason": "Return from COBYLA because the trust region radius reaches its lower bound.",
        "total_shots": 1024,