{
    "exact_max_cut_value": 3,
    "graph_metadata": {
        "density_edges": 0.25,
        "filepath": "data/generated_graphs/graph_n4_d0.25_id1.gpickle",
        "id": 1,
        "n_vertices": 4,
        "seed": 15772
    },
    "metrics": {
        "all_trajectories": [
            [
                [
                    2.007745840911664,
                    3.5595702148900568
                ],
                [
                    3.007745840911664,
                    3.5595702148900568
                ],
                [
                    3.007745840911664,
                    3.5595702148900568
                ],
                [
                    2.9083795306723683,
                    3.7889745225859413
                ],
                [
                    2.9083795306723683,
                    3.7889745225859413
                ],
                [
                    2.9083795306723683,
                    3.7889745225859413
                ],
                [
                    2.8165975737682762,
                    3.749274744414579
                ],
                [
                    2.805943443232133,
                    3.6498439166873657
                ],
                [
                    2.805943443232133,
                    3.6498439166873657
                ],
                [
                    2.805943443232133,
                    3.6498439166873657
                ],
                [
                    2.805943443232133,
                    3.6498439166873657
                ],
                [
                    2.805943443232133,
                    3.6498439166873657
                ],
                [
                    2.805943443232133,
                    3.6498439166873657
                ],
                [
                    2.805943443232133,
                    3.6498439166873657
                ],
                [
                    2.805943443232133,
                    3.6498439166873657
                ],
                [
                    2.805943443232133,
                    3.6498439166873657
                ],
                [
                    2.805943443232133,
                    3.6498439166873657
                ],
                [
                    2.805943443232133,
                    3.6498439166873657
                ],
                [
                    2.805943443232133,
                    3.6498439166873657
                ],
                [
                    2.805943443232133,
                    3.6498439166873657
                ],
                [
                    2.805943443232133,
                    3.6498439166873657
                ]
            ]
        ],
        "approximation_ratio": 1.0,
        "circuit_depth": 4,
        "num_parameters": 0,
        "optimization_history": {
            "fun": [
                -0.640625,
                -1.9306640625,
                -1.4033203125,
                -1.4384765625,
                -1.8603515625,
                -2.1142578125,
                -1.4423828125,
                -1.4951171875,
                -2.0029296875,
                -2.2265625,
                -2.3935546875,
                -2.2841796875,
                -2.16015625,
                -2.3515625,
                -2.34765625,
                -2.3310546875,
                -2.3349609375,
                -2.357421875,
                -2.33984375,
                -2.3408203125,
                -2.3701171875,
                -2.345703125,
                -2.3662109375,
                -2.3349609375,
                -2.361328125,
                -2.34765625,
                -2.3505859375,
                -2.3193359375,
                -2.3486328125,
                -2.322265625,
                -2.3388671875
            ],
            "params": [
                [
                    2.007745840911664,
                    3.5595702148900568
                ],
                [
                    3.007745840911664,
                    3.5595702148900568
                ],
                [
                    3.007745840911664,
                    4.559570214890057
                ],
                [
                    3.93339322133958,
                    3.1811829435569194
                ],
                [
                    2.599221849163562,
                    3.2712853762908054
                ],
                [
                    2.9083795306723683,
                    3.7889745225859413
                ],
                [
                    2.7036498448141293,
                    4.245138698873807
                ],
                [
                    3.145368059929216,
                    3.7093727826509615
                ],
                [
                    2.9242998786593644,
                    3.8363722284373107
                ],
                [
                    2.8165975737682762,
                    3.749274744414579
                ],
                [
                    2.805943443232133,
                    3.6498439166873657
                ],
                [
                    2.744801539922684,
                    3.4594189507304356
                ],
                [
                    2.902569423763854,
                    3.62408697808272
                ],
                [
                    2.7611539221547012,
                    3.6276200825974905
                ],
                [
                    2.823575930854991,
                    3.632121180436161
                ],
                [
                    2.8094879904823737,
                    3.6533704142119374
                ],
                [
                    2.7979046845620115,
                    3.6438959456851205
                ],
                [
                    2.8029694577310105,
                    3.6538632960224264
                ],
                [
                    2.8156263898550615,
                    3.6473458084636268
                ],
                [
                    2.8050899158606257,
                    3.6547705271881146
                ],
                [
                    2.804493082315473,
                    3.647807632519715
                ],
                [
                    2.806350700065663,
                    3.649553844504034
                ],
                [
                    2.8051893694420182,
                    3.650500706394245
                ],
                [
                    2.8062718380855722,
                    3.650220953582423
                ],
                [
                    2.8054751822469064,
                    3.6489603264827375
                ],
                [
                    2.8064280952256837,
                    3.649966849372797
                ],
                [
                    2.805821358691244,
                    3.6496257530678595
                ],
                [
                    2.805899810508232,
                    3.6498683335955433
                ],
                [
                    2.806035746418273,
                    3.6498054443358865
                ],
                [
                    2.8059626794078723,
                    3.649890068280436
                ],
                [
                    2.8058790114141394,
                    3.649767440934149
                ]
            ]
        },
        "optimization_iterations": 31,
        "qaoa_cut_value": 3,
        "termination_reason": "Return from COBYLA because the trust region radius reaches its lower bound.",
        "total_shots": 1024,