{
    "exact_max_cut_value": 9,
    "graph_metadata": {
        "density_edges": 0.25,
        "filepath": "data/generated_graphs/graph_n8_d0.25_id5.gpickle",
        "id": 5,
        "n_vertices": 8,
        "seed": 110981
    },
    "metrics": {
        "all_trajectories": [
            [
                [
                    1.3370724816828998,
                    3.944706865105225
                ],
                [
                    1.3370724816828998,
                    3.944706865105225
                ],
                [
                    1.2561209231016648,
                    4.438110194201482
                ],
                [
                    1.1348462038013336,
                    4.407820881587527
                ],
                [
                    1.1348462038013336,
                    4.407820881587527
                ],
                [
                    1.1256667364330275,
                    4.308243085976084
                ],
                [
                    1.1256667364330275,
                    4.308243085976084
                ],
                [
                    1.1256667364330275,
                    4.308243085976084
                ],
                [
                    1.1306402546531253,
                    4.307729163302567
                ],
                [
                    1.1306402546531253,
                    4.307729163302567
                ],
                [
                    1.1314610705123078,
                    4.308671904690921
                ],
                [
                    1.1314610705123078,
                    4.308671904690921
                ],
                [
                    1.132226970888646,
                    4.308028945428195
                ],
                [
                    1.132226970888646,
                    4.308028945428195
                ],
                [
                    1.132226970888646,
                    4.308028945428195
                ],
                [
                    1.132226970888646,
                    4.308028945428195
                ]
            ]
        ],
        "approximation_ratio": 1.0,
        "circuit_depth": 9,
        "num_parameters": 0,
        "optimization_history": {
            "fun": [
                -5.794921875,
                -5.5009765625,
                -5.021484375,
                -4.224609375,
                -6.3994140625,
                -4.9677734375,
                -6.48828125,
                -6.2578125,
                -6.38671875,
                -6.490234375,
                -6.3134765625,
                -6.486328125,
                -6.490234375,
                -6.4453125,
                -6.5087890625,
                -6.4599609375,
                -6.4951171875,
                -6.513671875,
                -6.4638671875,
                -6.4052734375,
                -6.529296875,
                -6.375,
                -6.4697265625,
                -6.5205078125,
                -6.4716796875,
                -6.47265625,
                -6.44921875
            ],
            "params": [
                [
                    1.3370724816828998,
                    3.944706865105225
                ],
                [
                    2.3370724816829,
                    3.944706865105225
                ],
                [
                    1.3370724816828998,
                    4.944706865105225
                ],
                [
                    0.9818134679098087,
                    3.0099389617554304
                ],
                [
                    1.2561209231016648,
                    4.438110194201482
                ],
                [
                    1.1349636726458467,
                    4.923209071402806
                ],
                [
                    1.1348462038013336,
                    4.407820881587527
                ],
                [
                    1.1351906355613293,
                    4.157821118854114
                ],
                [
                    1.1227304787557517,
                    4.456330769307659
                ],
                [
                    1.1256667364330275,
                    4.308243085976084
                ],
                [
                    1.0258828931039923,
                    4.314814585841909
                ],
                [
                    1.1754019186340063,
                    4.303103859240919
                ],
                [
                    1.1243819297492363,
                    4.295809290425839
                ],
                [
                    1.100799145332538,
                    4.310812699343667
                ],
                [
                    1.1306402546531253,
                    4.307729163302567
                ],
                [
                    1.140587291093321,
                    4.306701317955534
                ],
                [
                    1.126869289099712,
                    4.311012426739297
                ],
                [
                    1.1314610705123078,
                    4.308671904690921
                ],
                [
                    1.133887200991116,
                    4.309275138393393
                ],
                [
                    1.1310839739569665,
                    4.309000231034593
                ],
                [
                    1.132226970888646,
                    4.308028945428195
                ],
                [
                    1.1331183727626377,
                    4.307575731682768
                ],
                [
                    1.1321574140915114,
                    4.3085240836432135
                ],
                [
                    1.1321031863348914,
                    4.3080115562289105
                ],
                [
                    1.1323827501913462,
                    4.307833413311011
                ],
                [
                    1.1322200152089326,
                    4.308078459249696
                ],
                [
                    1.1322469902656118,
                    4.307930969795786
                ]
            ]
        },
        "optimization_iterations": 27,
        "qaoa_cut_value": 9,
        "termination_reason": "Return from COBYLA because the trust region radius reaches its lower bound.",
        "total_shots": 1024,