{
    "exact_max_cut_value": 3,
    "graph_metadata": {
        "density_edges": 0.1,
        "filepath": "data/generated_graphs/graph_n4_d0.10_id7.gpickle",
        "id": 7,
        "n_vertices": 4,
        "seed": 651392
    },
    "metrics": {
        "all_trajectories": [
            [
                [
                    0.7531795205874597,
                    2.2259189377150936
                ],
                [
                    1.7531795205874596,
                    2.2259189377150936
                ],
                [
                    1.9346388141894078,
                    2.691829363403854
                ],
                [
                    1.9346388141894078,
                    2.691829363403854
                ],
                [
                    1.9346388141894078,
                    2.691829363403854
                ],
                [
                    1.9346388141894078,
                    2.691829363403854
                ],
                [
                    1.9346388141894078,
                    2.691829363403854
                ],
                [
                    1.9346388141894078,
                    2.691829363403854
                ],
                [
                    1.9346388141894078,
                    2.691829363403854
                ],
                [
                    1.9346388141894078,
                    2.691829363403854
                ],
                [
                    1.9346388141894078,
                    2.691829363403854
                ],
                [
                    1.9346388141894078,
                    2.691829363403854
                ],
                [
                    1.9346388141894078,
                    2.691829363403854
                ],
                [
                    1.9346388141894078,
                    2.691829363403854
                ],
                [
                    1.9346388141894078,
                    2.691829363403854
                ],
                [
                    1.9346388141894078,
                    2.691829363403854
                ],
                [
                    1.9346388141894078,
                    2.691829363403854
                ],
                [
                    1.9346388141894078,
                    2.691829363403854
                ],
                [
                    1.9346388141894078,
                    2.691829363403854
                ]
            ]
        ],
        "approximation_ratio": 1.0,
        "circuit_depth": 9,
        "num_parameters": 0,
        "optimization_history": {
            "fun": [
                -1.6201171875,
                -1.703125,
                -1.2763671875,
                -1.509765625,
                -2.2900390625,
                -0.908203125,
                -1.7265625,
                -2.169921875,
                -2.2509765625,
                -2.091796875,
                -2.1728515625,
                -2.2529296875,
                -2.23828125,
                -2.2724609375,
                -2.166015625,
                -2.2724609375,
                -2.21484375,
                -2.21484375,
                -2.205078125,
                -2.2294921875,
                -2.2314453125,
                -2.205078125,
                -2.2060546875,
                -2.18359375,
                -2.2626953125,
                -2.2060546875,
                -2.24609375,
                -2.24609375,
                -2.224609375,
                -2.2255859375
            ],
            "params": [
                [
                    0.7531795205874597,
                    2.2259189377150936
                ],
                [
                    1.7531795205874596,
                    2.2259189377150936
                ],
                [
                    1.7531795205874596,
                    3.2259189377150936
                ],
                [
                    1.9441093015456654,
                    1.2443152403182003
                ],
                [
                    1.9346388141894078,
                    2.691829363403854
                ],
                [
                    2.0021144823746764,
                    3.6895502834025034
                ],
                [
                    2.2426701576973884,
                    2.2979807993380845
                ],
                [
                    2.03310095520585,
                    2.768837199280849
                ],
                [
                    1.6896724799559846,
                    2.741744241869486
                ],
                [
                    1.9256954147881786,
                    2.592230088270196
                ],
                [
                    1.854880252636172,
                    2.7521499391550743
                ],
                [
                    1.9770429336564537,
                    2.7183225823895585
                ],
                [
                    1.941262118935834,
                    2.6812283335370926
                ],
                [
                    1.9178592585731116,
                    2.7103616733872213
                ],
                [
                    1.9309323521927342,
                    2.688473452280595
                ],
                [
                    1.9422389417411727,
                    2.6983284449694986
                ],
                [
                    1.93788835497223,
                    2.6880292996279715
                ],
                [
                    1.927301356936591,
                    2.6986236051616284
                ],
                [
                    1.93697051554295,
                    2.687406336295878
                ],
                [
                    1.9328353560441152,
                    2.693560703554771
                ],
                [
                    1.9342925461592244,
                    2.6914686717747953
                ],
                [
                    1.9354630188092528,
                    2.6923956555057114
                ],
                [
                    1.9349219602403365,
                    2.6914172610939313
                ],
                [
                    1.933761475420193,
                    2.692309234932529
                ],
                [
                    1.934698495775723,
                    2.691332938073865
                ],
                [
                    1.9345147078569105,
                    2.6918144430072752
                ],
                [
                    1.934883787792386,
                    2.691879242596349
                ],
                [
                    1.93454032514801,
                    2.6918466812768345
                ],
                [
                    1.934647473125898,
                    2.691878607924553
                ],
                [
                    1.9346537512227917,
                    2.6917304852716217
                ]
            ]
        },
        "optimization_iterations": 30,
        "qaoa_cut_value": 3,
        "termination_reason": "Return from COBYLA because the trust region radius reaches its lower bound.",
        "total_shots": 1024,