{
    "exact_max_cut_value": 3,
    "graph_metadata": {
        "density_edges": 0.1,
        "filepath": "data/generated_graphs/graph_n4_d0.10_id9.gpickle",
        "id": 9,
        "n_vertices": 4,
        "seed": 805747
    },
    "metrics": {
        "all_trajectories": [
            [
                [
                    1.8170066517053978,
                    5.585892721394616
                ],
                [
                    1.8170066517053978,
                    5.585892721394616
                ],
                [
                    1.8170066517053978,
                    5.585892721394616
                ],
                [
                    1.8170066517053978,
                    5.585892721394616
                ],
                [
                    1.912154276075125,
                    5.616664942256903
                ],
                [
                    2.0091511868637038,
                    5.640987756598021
                ],
                [
                    2.0091511868637038,
                    5.640987756598021
                ],
                [
                    1.9974610016929397,
                    5.740302103852953
                ],
                [
                    1.9974610016929397,
                    5.740302103852953
                ],
                [
                    1.9925826296422606,
                    5.7287933469202885
                ],
                [
                    1.9925826296422606,
                    5.7287933469202885
                ],
                [
                    1.9925826296422606,
                    5.7287933469202885
                ],
                [
                    1.9925826296422606,
                    5.7287933469202885
                ],
                [
                    1.9925826296422606,
                    5.7287933469202885
                ],
                [
                    1.9926641376117127,
                    5.7283000352024915
                ],
                [
                    1.9926641376117127,
                    5.7283000352024915
                ],
                [
                    1.9926641376117127,
                    5.7283000352024915
                ],
                [
                    1.9926641376117127,
                    5.7283000352024915
                ],
                [
                    1.9926641376117127,
                    5.7283000352024915
                ]
            ]
        ],
        "approximation_ratio": 1.0,
        "circuit_depth": 4,
        "num_parameters": 0,
        "optimization_history": {
            "fun": [
                -2.0576171875,
                -0.8876953125,
                -0.9013671875,
                -1.64453125,
                -1.5595703125,
                -2.0048828125,
                -1.9599609375,
                -2.1787109375,
                -2.2509765625,
                -2.107421875,
                -2.3486328125,
                -2.341796875,
                -2.3291015625,
                -2.3671875,
                -2.314453125,
                -2.3134765625,
                -2.341796875,
                -2.365234375,
                -2.3310546875,
                -2.3427734375,
                -2.310546875,
                -2.3251953125,
                -2.38671875,
                -2.349609375,
                -2.3125,
                -2.357421875,
                -2.3271484375,
                -2.3173828125,
                -2.3740234375,
                -2.3603515625
            ],
            "params": [
                [
                    1.8170066517053978,
                    5.585892721394616
                ],
                [
                    2.8170066517053978,
                    5.585892721394616
                ],
                [
                    1.8170066517053978,
                    6.585892721394616
                ],
                [
                    1.1057561958774067,
                    4.8829540405095235
                ],
                [
                    2.2322258606253222,
                    5.307337505065947
                ],
                [
                    1.7149795380579689,
                    5.814126084601608
                ],
                [
                    1.7713599790639993,
                    5.565487298665131
                ],
                [
                    1.912154276075125,
                    5.616664942256903
                ],
                [
                    2.0091511868637038,
                    5.640987756598021
                ],
                [
                    2.1081690011748666,
                    5.627006610398938
                ],
                [
                    1.9974610016929397,
                    5.740302103852953
                ],
                [
                    2.0396562019124382,
                    5.830963920945026
                ],
                [
                    1.951425973962282,
                    5.759815592055669
                ],
                [
                    1.9925826296422606,
                    5.7287933469202885
                ],
                [
                    1.989004933900052,
                    5.704050669353457
                ],
                [
                    1.9879791268691949,
                    5.73074469574056
                ],
                [
                    2.001168768155444,
                    5.723667117757207
                ],
                [
                    1.9876034384955266,
                    5.728337654563226
                ],
                [
                    1.9926965527315263,
                    5.727548549133605
                ],
                [
                    1.9923884443769195,
                    5.7312857939272925
                ],
                [
                    1.9930811190436615,
                    5.728832183973357
                ],
                [
                    1.9915960062066667,
                    5.728630330981384
                ],
                [
                    1.9926641376117127,
                    5.7283000352024915
                ],
                [
                    1.9934975610054897,
                    5.727747400199343
                ],
                [
                    1.9922474687027654,
                    5.7280236531836906
                ],
                [
                    1.9929138292164432,
                    5.7282876213985965
                ],
                [
                    1.9926616548509337,
                    5.7282500968815455
                ],
                [
                    1.9926593025342303,
                    5.728399918244224
                ],
                [
                    1.9926141960908463,
                    5.72829761766375
                ],
                [
                    1.992703024223228,
                    5.72820790577481
                ]
            ]
        },
        "optimization_iterations": 30,
        "qaoa_cut_value": 3,
        "termination_reason": "Return from COBYLA because the trust region radius reaches its lower bound.",
        "total_shots": 1024,