{
    "exact_max_cut_value": 4,
    "graph_metadata": {
        "density_edges": 0.75,
        "filepath": "data/generated_graphs/graph_n4_d0.75_id0.gpickle",
        "id": 0,
        "n_vertices": 4,
        "seed": 126659
    },
    "metrics": {
        "all_trajectories": [
            [
                [
                    1.2047500526528931,
                    0.854731548613946
                ],
                [
                    1.2047500526528931,
                    0.854731548613946
                ],
                [
                    1.1268843741791599,
                    1.3486312713470379
                ],
                [
                    1.1268843741791599,
                    1.3486312713470379
                ],
                [
                    1.1268843741791599,
                    1.3486312713470379
                ],
                [
                    1.1268843741791599,
                    1.3486312713470379
                ],
                [
                    1.1268843741791599,
                    1.3486312713470379
                ],
                [
                    1.2050561510177151,
                    1.4109945081609103
                ],
                [
                    1.2050561510177151,
                    1.4109945081609103
                ],
                [
                    1.2026809718732108,
                    1.3987222417022844
                ],
                [
                    1.2026809718732108,
                    1.3987222417022844
                ],
                [
                    1.2026809718732108,
                    1.3987222417022844
                ],
                [
                    1.198532003256469,
                    1.3959318905743272
                ],
                [
                    1.198532003256469,
                    1.3959318905743272
                ],
                [
                    1.198532003256469,
                    1.3959318905743272
                ],
                [
                    1.198532003256469,
                    1.3959318905743272
                ],
                [
                    1.198532003256469,
                    1.3959318905743272
                ],
                [
                    1.198532003256469,
                    1.3959318905743272
                ],
                [
                    1.198532003256469,
                    1.3959318905743272
                ],
                [
                    1.198532003256469,
                    1.3959318905743272
                ]
            ]
        ],
        "approximation_ratio": 1.0,
        "circuit_depth": 7,
        "num_parameters": 0,
        "optimization_history": {
            "fun": [
                -2.9951171875,
                -2.833984375,
                -1.2490234375,
                -1.9921875,
                -3.525390625,
                -2.9443359375,
                -1.783203125,
                -3.5107421875,
                -3.31640625,
                -3.10546875,
                -3.6123046875,
                -3.4072265625,
                -3.5283203125,
                -3.6474609375,
                -3.62890625,
                -3.6025390625,
                -3.62890625,
                -3.6513671875,
                -3.6201171875,
                -3.61328125,
                -3.634765625,
                -3.6025390625,
                -3.6201171875,
                -3.5927734375,
                -3.583984375,
                -3.5966796875,
                -3.611328125,
                -3.623046875,
                -3.6005859375,
                -3.6015625
            ],
            "params": [
                [
                    1.2047500526528931,
                    0.854731548613946
                ],
                [
                    2.2047500526528934,
                    0.854731548613946
                ],
                [
                    1.2047500526528931,
                    1.854731548613946
                ],
                [
                    1.112858615199479,
                    -0.14103748269941296
                ],
                [
                    1.1268843741791599,
                    1.3486312713470379
                ],
                [
                    0.9749517953486726,
                    2.337022131022459
                ],
                [
                    0.7275914506379935,
                    1.047690810109357
                ],
                [
                    1.20211948948858,
                    1.2488080404617463
                ],
                [
                    1.3213602202519124,
                    1.5057272461340674
                ],
                [
                    1.0394783022310878,
                    1.3000496021022656
                ],
                [
                    1.2050561510177151,
                    1.4109945081609103
                ],
                [
                    1.276124967110399,
                    1.4813452251379555
                ],
                [
                    1.155967085183212,
                    1.4204952247389275
                ],
                [
                    1.2026809718732108,
                    1.3987222417022844
                ],
                [
                    1.2111875750124892,
                    1.375213994148908
                ],
                [
                    1.1977720652897605,
                    1.3996723133600861
                ],
                [
                    1.2114827641032186,
                    1.393975826893213
                ],
                [
                    1.198532003256469,
                    1.3959318905743272
                ],
                [
                    1.194255631335328,
                    1.398522767489983
                ],
                [
                    1.197884284027555,
                    1.394862797594042
                ],
                [
                    1.2002306742152358,
                    1.3977661525441238
                ],
                [
                    1.1986465593985847,
                    1.3949384737985964
                ],
                [
                    1.1980352948686035,
                    1.3958746125032693
                ],
                [
                    1.199244314082647,
                    1.3966337547256482
                ],
                [
                    1.1980535552459068,
                    1.3960771059357362
                ],
                [
                    1.1987625117716811,
                    1.3960286677638643
                ],
                [
                    1.1985513586943763,
                    1.3958857888712848
                ],
                [
                    1.1984703635793543,
                    1.3960106341467964
                ],
                [
                    1.1984926314702344,
                    1.39590107073577
                ],
                [
                    1.1986244095274896,
                    1.3959701146645855
                ]
            ]
        },
        "optimization_iterations": 30,
        "qaoa_cut_value": 4,
        "termination_reason": "Return from COBYLA because the trust region radius reaches its lower bound.",
        "total_shots": 1024,