{
    "exact_max_cut_value": 2,
    "graph_metadata": {
        "density_edges": 0.25,
        "filepath": "data/generated_graphs/graph_n4_d0.25_id2.gpickle",
        "id": 2,
        "n_vertices": 4,
        "seed": 125225
    },
    "metrics": {
        "all_trajectories": [
            [
                [
                    5.645846134120608,
                    5.421380028982535
                ],
                [
                    6.645846134120608,
                    5.421380028982535
                ],
                [
                    6.55734774868448,
                    5.509658201682237
                ],
                [
                    6.55734774868448,
                    5.509658201682237
                ],
                [
                    6.561116419156538,
                    5.609587162063465
                ],
                [
                    6.561116419156538,
                    5.609587162063465
                ],
                [
                    6.661116349367611,
                    5.60946901901251
                ],
                [
                    6.8601623176194515,
                    5.589957419316752
                ],
                [
                    6.8601623176194515,
                    5.589957419316752
                ],
                [
                    6.9408779661195785,
                    5.772946446548453
                ],
                [
                    6.9408779661195785,
                    5.772946446548453
                ],
                [
                    7.026808304690198,
                    5.721799824830703
                ],
                [
                    7.026808304690198,
                    5.721799824830703
                ],
                [
                    7.114110267115452,
                    5.770568332668237
                ],
                [
                    7.29220088282885,
                    5.861583345687093
                ],
                [
                    7.29220088282885,
                    5.861583345687093
                ],
                [
                    7.351725865921705,
                    5.7812292767932565
                ],
                [
                    7.441818526757987,
                    5.73783212869066
                ],
                [
                    7.6376218456102185,
                    5.69707602084838
                ],
                [
                    7.6376218456102185,
                    5.69707602084838
                ],
                [
                    7.680910816973604,
                    5.787220709867201
                ],
                [
                    7.680910816973604,
                    5.787220709867201
                ],
                [
                    7.680910816973604,
                    5.787220709867201
                ],
                [
                    7.680910816973604,
                    5.787220709867201
                ],
                [
                    7.6841813571250865,
                    5.79100271556756
                ],
                [
                    7.69306380102966,
                    5.795596427604911
                ],
                [
                    7.69306380102966,
                    5.795596427604911
                ],
                [
                    7.69306380102966,
                    5.795596427604911
                ],
                [
                    7.694103632976143,
                    5.796290149107443
                ],
                [
                    7.694103632976143,
                    5.796290149107443
                ],
                [
                    7.694103632976143,
                    5.796290149107443
                ],
                [
                    7.694103632976143,
                    5.796290149107443
                ],
                [
                    7.694103632976143,
                    5.796290149107443
                ],
                [
                    7.694103632976143,
                    5.796290149107443
                ]
            ]
        ],
        "approximation_ratio": 1.0,
        "circuit_depth": 7,
        "num_parameters": 0,
        "optimization_history": {
            "fun": [
                -0.734375,
                -1.1103515625,
                -0.8662109375,
                -1.0390625,
                -1.0,
                -1.146484375,
                -1.1318359375,
                -1.130859375,
                -1.1611328125,
                -1.1416015625,
                -1.2177734375,
                -1.310546875,
                -1.2939453125,
                -1.4130859375,
                -1.37109375,
                -1.353515625,
                -1.4345703125,
                -1.427734375,
                -1.490234375,
                -1.5302734375,
                -1.3349609375,
                -1.5595703125,
                -1.59765625,
                -1.638671875,
                -1.515625,
                -1.646484375,
                -1.6337890625,
                -1.6005859375,
                -1.6328125,
                -1.630859375,
                -1.654296875,
                -1.6591796875,
                -1.625,
                -1.6162109375,
                -1.625,
                -1.66796875,
                -1.640625,
                -1.62890625,
                -1.634765625,
                -1.666015625,
                -1.642578125,
                -1.6455078125,
                -1.6640625,
                -1.6162109375,
                -1.638671875
            ],