{
    "exact_max_cut_value": 2,
    "graph_metadata": {
        "density_edges": 0.25,
        "filepath": "data/generated_graphs/graph_n4_d0.25_id3.gpickle",
        "id": 3,
        "n_vertices": 4,
        "seed": 782073
    },
    "metrics": {
        "all_trajectories": [
            [
                [
                    6.15378489531791,
                    5.807433921008571,
                    0.996085064208175,
                    4.5130367402498095
                ],
                [
                    7.15378489531791,
                    5.807433921008571,
                    0.996085064208175,
                    4.5130367402498095
                ],
                [
                    6.729600214428401,
                    5.6283795300248185,
                    0.8050556980312418,
                    4.474118070871971
                ],
                [
                    6.729600214428401,
                    5.537178890121729,
                    0.8905392828956299,
                    4.474118070871971
                ],
                [
                    6.729600214428401,
                    5.537178890121729,
                    0.8905392828956299,
                    4.474118070871971
                ],
                [
                    6.729600214428401,
                    5.537178890121729,
                    0.8905392828956299,
                    4.474118070871971
                ],
                [
                    6.729600214428401,
                    5.537178890121729,
                    0.8905392828956299,
                    4.474118070871971
                ],
                [
                    6.729600214428401,
                    5.537178890121729,
                    0.8905392828956299,
                    4.474118070871971
                ],
                [
                    6.729600214428401,
                    5.537178890121729,
                    0.8905392828956299,
                    4.474118070871971
                ],
                [
                    6.729600214428401,
                    5.537178890121729,
                    0.8905392828956299,
                    4.474118070871971
                ],
                [
                    6.730369638759812,
                    5.535172437216701,
                    0.8838360215853945,
                    4.467015365701063
                ],
                [
                    6.730369638759812,
                    5.535172437216701,
                    0.8838360215853945,
                    4.467015365701063
                ],
                [
                    6.730369638759812,
                    5.535172437216701,
                    0.8838360215853945,
                    4.467015365701063
                ],
                [
                    6.730369638759812,
                    5.535172437216701,
                    0.8838360215853945,
                    4.467015365701063
                ],
                [
                    6.730369638759812,
                    5.535172437216701,
                    0.8838360215853945,
                    4.467015365701063
                ],
                [
                    6.729907154039141,
                    5.53529178599335,
                    0.8836951841087644,
                    4.466970326186905
                ],
                [
                    6.729907154039141,
                    5.53529178599335,
                    0.8836951841087644,
                    4.466970326186905
                ],
                [
                    6.729907154039141,
                    5.53529178599335,
                    0.8836951841087644,
                    4.466970326186905
                ],
                [
                    6.729907154039141,
                    5.53529178599335,
                    0.8836951841087644,
                    4.466970326186905
                ],
                [
                    6.729907154039141,
                    5.53529178599335,
                    0.8836951841087644,
                    4.466970326186905
                ],
                [
                    6.72993254478982,
                    5.535281086176973,
                    0.8836182595038679,
                    4.466912676998958
                ],
                [
                    6.72993254478982,
                    5.535281086176973,
                    0.8836182595038679,
                    4.466912676998958
                ]
            ]
        ],
        "approximation_ratio": 1.0,
        "circuit_depth": 5,
        "num_parameters": 0,
        "optimization_history": {
            "fun": [
                -0.009765625,
                -1.529296875,
                -0.302734375,
                -0.220703125,
                -1.2626953125,
                -1.052734375,
                -1.9296875,
                -1.04296875,
                -1.9638671875,
                -1.373046875,
                -1.9462890625,
                -1.9150390625,
                -1.9248046875,
                -1.8896484375,
                -1.92578125,
                -1.955078125,
                -1.9609375,
                -1.9521484375,
                -1.9521484375,
                -1.9580078125,
                -1.96484375,
                -1.958984375,
                -1.9541015625,
                -1.9541015625,
                -1.958984375,
                -1.9638671875,
                -1.962890625,
                -1.951171875,
                -1.9638671875,
                -1.9658203125,
                -1.958984375,
                -1.962890625,
                -1.9462890625,
                -1.958984375,
                -1.951171875,
                -1.95703125,
                -1.9677734375,
                -1.9677734375,
                -1.966796875,
                -1.9619140625
            ],