{
    "exact_max_cut_value": 2,
    "graph_metadata": {
        "density_edges": 0.25,
        "filepath": "data/generated_graphs/graph_n4_d0.25_id7.gpickle",
        "id": 7,
        "n_vertices": 4,
        "seed": 331986
    },
    "metrics": {
        "all_trajectories": [
            [
                [
                    3.786656391117821,
                    3.082423641751332
                ],
                [
                    3.786656391117821,
                    4.0824236417513315
                ],
                [
                    3.8425483977399892,
                    3.970615396993856
                ],
                [
                    4.03349554235072,
                    3.8092487710608314
                ],
                [
                    4.268226823647086,
                    3.7232183951406568
                ],
                [
                    4.76400280979442,
                    3.6583633910188533
                ],
                [
                    4.76400280979442,
                    3.6583633910188533
                ],
                [
                    4.811948835965251,
                    3.644179647703848
                ],
                [
                    4.811948835965251,
                    3.644179647703848
                ],
                [
                    4.811948835965251,
                    3.644179647703848
                ],
                [
                    4.808543232348083,
                    3.594295763893516
                ],
                [
                    4.808543232348083,
                    3.594295763893516
                ],
                [
                    4.808543232348083,
                    3.594295763893516
                ],
                [
                    4.808543232348083,
                    3.594295763893516
                ],
                [
                    4.808543232348083,
                    3.594295763893516
                ],
                [
                    4.808543232348083,
                    3.594295763893516
                ],
                [
                    4.808543232348083,
                    3.594295763893516
                ],
                [
                    4.808543232348083,
                    3.594295763893516
                ],
                [
                    4.808543232348083,
                    3.594295763893516
                ],
                [
                    4.808543232348083,
                    3.594295763893516
                ],
                [
                    4.808543232348083,
                    3.594295763893516
                ],
                [
                    4.808543232348083,
                    3.594295763893516
                ],
                [
                    4.808543232348083,
                    3.594295763893516
                ]
            ]
        ],
        "approximation_ratio": 1.0,
        "circuit_depth": 7,
        "num_parameters": 0,
        "optimization_history": {
            "fun": [
                -0.923828125,
                -0.9033203125,
                -1.1962890625,
                -0.9482421875,
                -1.0537109375,
                -1.279296875,
                -1.4013671875,
                -1.54296875,
                -1.640625,
                -1.0595703125,
                -1.509765625,
                -1.64453125,
                -1.6005859375,
                -1.611328125,
                -1.662109375,
                -1.533203125,
                -1.6259765625,
                -1.6064453125,
                -1.62109375,
                -1.630859375,
                -1.6357421875,
                -1.65234375,
                -1.619140625,
                -1.619140625,
                -1.6328125,
                -1.64453125,
                -1.6455078125,
                -1.662109375,
                -1.6298828125,
                -1.6259765625,
                -1.6494140625,
                -1.59375,
                -1.62890625
            ],
            "params": [
                [
                    3.786656391117821,
                    3.082423641751332
                ],
                [
                    4.7866563911178215,
                    3.082423641751332
                ],
                [
                    3.786656391117821,
                    4.0824236417513315
                ],
                [
                    3.711599885998807,
                    5.079602924046807
                ],
                [
                    3.3394234120879194,
                    3.858855615262659
                ],
                [
                    3.8425483977399892,
                    3.970615396993856
                ],
                [
                    4.03349554235072,
                    3.8092487710608314
                ],
                [
                    4.268226823647086,
                    3.7232183951406568
                ],
                [
                    4.76400280979442,
                    3.6583633910188533
                ],
                [
                    4.8034713172782775,
                    3.1599235883174672
                ],
                [
                    4.834921526369445,
                    3.8980935218730104
                ],
                [
                    4.811948835965251,
                    3.644179647703848
                ],
                [
                    4.798047580003389,
                    3.5451505858952923
                ],
                [
                    4.856102483978708,
                    3.73390397755425
                ],
                [
                    4.808543232348083,
                    3.594295763893516
                ],
                [
                    4.8021941461629165,
                    3.494497521901919
                ],
                [
                    4.852560402445076,
                    3.618012608891373
                ],
                [
                    4.794116363131749,
                    3.573878480905449
                ],
                [
                    4.812626688945697,
                    3.591410390050249
                ],
                [
                    4.802173148353885,
                    3.602004332496497
                ],
                [
                    4.812397516649574,
                    3.5974808058906147
                ],
                [
                    4.805159100089165,
                    3.584885787865164
                ],
                [
                    4.813508837890747,
                    3.593710305445229
                ],
                [
                    4.808689596960155,
                    3.5955371652791817
                ],
                [
                    4.8076570751647205,
                    3.5919580886709124
                ],
                [
                    4.809498484248065,
                    3.5939999703716463
                ],
                [
                    4.807875277740569,
                    3.5935515618763856
                ],
                [
                    4.808401296058984,
                    3.594775194899852
                ],
                [
                    4.808782947851252,
                    3.5943667320380652
                ],
                [
                    4.808557425976993,
                    3.5942478207928823
                ],
                [
                    4.808498447979371,
                    3.5943851750802827
                ],
                [
                    4.8084985267547,
                    3.5942733717091597
                ],
                [
                    4.808636401273358,
                    3.59433208952308
                ]
            ]
        },
        "optimization_iterations": 33,
        "qaoa_cut_value": 2,