{
    "exact_max_cut_value": 4,
    "graph_metadata": {
        "density_edges": 0.75,
        "filepath": "data/generated_graphs/graph_n4_d0.75_id0.gpickle",
        "id": 0,
        "n_vertices": 4,
        "seed": 126659
    },
    "metrics": {
        "all_trajectories": [
            [
                [
                    0.049740595850511,
                    5.836048759611613,
                    5.2021700460828635,
                    2.4520438334598595
                ],
                [
                    1.049740595850511,
                    6.836048759611613,
                    5.2021700460828635,
                    2.4520438334598595
                ],
                [
                    1.049740595850511,
                    6.836048759611613,
                    5.2021700460828635,
                    2.4520438334598595
                ],
                [
                    1.049740595850511,
                    6.836048759611613,
                    5.2021700460828635,
                    2.4520438334598595
                ],
                [
                    1.049740595850511,
                    6.836048759611613,
                    5.2021700460828635,
                    2.4520438334598595
                ],
                [
                    1.049740595850511,
                    6.836048759611613,
                    5.2021700460828635,
                    2.4520438334598595
                ],
                [
                    1.049740595850511,
                    6.836048759611613,
                    5.2021700460828635,
                    2.4520438334598595
                ],
                [
                    1.049740595850511,
                    6.836048759611613,
                    5.2021700460828635,
                    2.4520438334598595
                ],
                [
                    1.049740595850511,
                    6.836048759611613,
                    5.2021700460828635,
                    2.4520438334598595
                ],
                [
                    1.049740595850511,
                    6.836048759611613,
                    5.2021700460828635,
                    2.4520438334598595
                ],
                [
                    1.049740595850511,
                    6.836048759611613,
                    5.2021700460828635,
                    2.4520438334598595
                ],
                [
                    1.049740595850511,
                    6.836048759611613,
                    5.2021700460828635,
                    2.4520438334598595
                ],
                [
                    1.049740595850511,
                    6.836048759611613,
                    5.2021700460828635,
                    2.4520438334598595
                ],
                [
                    1.049740595850511,
                    6.836048759611613,
                    5.2021700460828635,
                    2.4520438334598595
                ],
                [
                    1.049740595850511,
                    6.836048759611613,
                    5.2021700460828635,
                    2.4520438334598595
                ],
                [
                    1.049740595850511,
                    6.836048759611613,
                    5.2021700460828635,
                    2.4520438334598595
                ],
                [
                    1.049740595850511,
                    6.836048759611613,
                    5.2021700460828635,
                    2.4520438334598595
                ]
            ]
        ],
        "approximation_ratio": 1.0,
        "circuit_depth": 21,
        "num_parameters": 0,
        "optimization_history": {
            "fun": [
                -3.0498046875,
                -3.646484375,
                -3.7529296875,
                -3.3251953125,
                -3.6708984375,
                -3.083984375,
                -2.978515625,
                -3.6943359375,
                -3.666015625,
                -3.7041015625,
                -3.6708984375,
                -3.7021484375,
                -3.5361328125,
                -3.6796875,
                -3.70703125,
                -3.73828125,
                -3.7080078125,
                -3.6962890625,
                -3.6845703125,
                -3.6796875,
                -3.7021484375,
                -3.7001953125,
                -3.72265625,
                -3.6806640625,
                -3.7216796875,
                -3.69921875,
                -3.7109375,
                -3.7275390625,
                -3.71484375,
                -3.6943359375,
                -3.734375,
                -3.6875,
                -3.677734375,
                -3.6796875
            ],