{
    "exact_max_cut_value": 3,
    "graph_metadata": {
        "density_edges": 0.5,
        "filepath": "data/generated_graphs/graph_n4_d0.50_id2.gpickle",
        "id": 2,
        "n_vertices": 4,
        "seed": 961290
    },
    "metrics": {
        "all_trajectories": [
            [
                [
                    1.7583565873333116,
                    0.9727189882439067,
                    0.5802148779405814,
                    3.0340564321227115
                ],
                [
                    1.7583565873333116,
                    0.9727189882439067,
                    0.5802148779405814,
                    3.0340564321227115
                ],
                [
                    1.7583565873333116,
                    0.9727189882439067,
                    0.5802148779405814,
                    3.0340564321227115
                ],
                [
                    1.7884631404588807,
                    1.0019017698649255,
                    0.6074538337898281,
                    3.0340564321227115
                ],
                [
                    1.750956421234112,
                    1.0289395882588623,
                    0.6199418045876032,
                    3.0484179423094844
                ],
                [
                    1.750956421234112,
                    1.0289395882588623,
                    0.6199418045876032,
                    3.0484179423094844
                ],
                [
                    1.750956421234112,
                    1.0289395882588623,
                    0.6199418045876032,
                    3.0484179423094844
                ],
                [
                    1.7524642144481892,
                    1.0364537381852719,
                    0.6102249030170421,
                    3.0466584155620176
                ],
                [
                    1.7524642144481892,
                    1.0364537381852719,
                    0.6102249030170421,
                    3.0466584155620176
                ],
                [
                    1.7524642144481892,
                    1.0364537381852719,
                    0.6102249030170421,
                    3.0466584155620176
                ],
                [
                    1.7524642144481892,
                    1.0364537381852719,
                    0.6102249030170421,
                    3.0466584155620176
                ],
                [
                    1.7524642144481892,
                    1.0364537381852719,
                    0.6102249030170421,
                    3.0466584155620176
                ],
                [
                    1.7524642144481892,
                    1.0364537381852719,
                    0.6102249030170421,
                    3.0466584155620176
                ],
                [
                    1.7524642144481892,
                    1.0364537381852719,
                    0.6102249030170421,
                    3.0466584155620176
                ],
                [
                    1.7524642144481892,
                    1.0364537381852719,
                    0.6102249030170421,
                    3.0466584155620176
                ],
                [
                    1.7524642144481892,
                    1.0364537381852719,
                    0.6102249030170421,
                    3.0466584155620176
                ],
                [
                    1.7524642144481892,
                    1.0364537381852719,
                    0.6102249030170421,
                    3.0466584155620176
                ],
                [
                    1.7524642144481892,
                    1.0364537381852719,
                    0.6102249030170421,
                    3.0466584155620176
                ],
                [
                    1.7524642144481892,
                    1.0364537381852719,
                    0.6102249030170421,
                    3.0466584155620176
                ]
            ]
        ],
        "approximation_ratio": 1.0,
        "circuit_depth": 9,
        "num_parameters": 0,
        "optimization_history": {
            "fun": [
                -2.32421875,
                -0.923828125,
                -0.966796875,
                -1.697265625,
                -1.92578125,
                -2.2080078125,
                -2.2978515625,
                -1.9931640625,
                -2.3388671875,
                -2.3212890625,
                -2.353515625,
                -2.205078125,
                -2.3134765625,
                -2.267578125,
                -2.3916015625,
                -2.3310546875,
                -2.3115234375,
                -2.3408203125,
                -2.3330078125,
                -2.2978515625,
                -2.3544921875,
                -2.3193359375,
                -2.3203125,
                -2.3427734375,
                -2.330078125,
                -2.328125,
                -2.3115234375,
                -2.2822265625,
                -2.361328125,
                -2.3466796875,
                -2.3515625,
                -2.3466796875,
                -2.337890625,
                -2.3154296875,
                -2.3701171875
            ],