{
    "exact_max_cut_value": 12,
    "graph_metadata": {
        "density_edges": 0.5,
        "filepath": "data/generated_graphs/graph_n8_d0.50_id7.gpickle",
        "id": 7,
        "n_vertices": 8,
        "seed": 876487
    },
    "metrics": {
        "all_trajectories": [
            [
                [
                    5.444918272401917,
                    0.2498498958810046
                ],
                [
                    6.811916562283761,
                    2.1800715120692127
                ],
                [
                    6.811916562283761,
                    2.1800715120692127
                ],
                [
                    6.811916562283761,
                    2.1800715120692127
                ],
                [
                    6.858191579066059,
                    1.6822174944879562
                ],
                [
                    6.858191579066059,
                    1.6822174944879562
                ],
                [
                    6.858191579066059,
                    1.6822174944879562
                ],
                [
                    6.858191579066059,
                    1.6822174944879562
                ],
                [
                    6.843381654615295,
                    1.7811147448934284
                ],
                [
                    6.843381654615295,
                    1.7811147448934284
                ],
                [
                    6.843381654615295,
                    1.7811147448934284
                ],
                [
                    6.8179002708203935,
                    1.824134497099792
                ],
                [
                    6.777176524363628,
                    1.8531444346130832
                ],
                [
                    6.791022733570806,
                    1.8739598733687535
                ],
                [
                    6.791022733570806,
                    1.8739598733687535
                ],
                [
                    6.791022733570806,
                    1.8739598733687535
                ],
                [
                    6.791022733570806,
                    1.8739598733687535
                ],
                [
                    6.791022733570806,
                    1.8739598733687535
                ],
                [
                    6.791022733570806,
                    1.8739598733687535
                ],
                [
                    6.791022733570806,
                    1.8739598733687535
                ],
                [
                    6.791427897590243,
                    1.8748741173828734
                ],
                [
                    6.792383564508079,
                    1.8751685672804022
                ],
                [
                    6.792383564508079,
                    1.8751685672804022
                ],
                [
                    6.792383564508079,
                    1.8751685672804022
                ],
                [
                    6.792383564508079,
                    1.8751685672804022
                ],
                [
                    6.792383564508079,
                    1.8751685672804022
                ],
                [
                    6.7922953289730055,
                    1.8751215089086661
                ],
                [
                    6.7922953289730055,
                    1.8751215089086661
                ]
            ]
        ],
        "approximation_ratio": 1.0,
        "circuit_depth": 11,
        "num_parameters": 0,
        "optimization_history": {
            "fun": [
                -5.7314453125,
                -6.16796875,
                -7.2744140625,
                -8.1015625,
                -7.525390625,
                -6.5908203125,
                -8.6201171875,
                -7.15234375,
                -7.9228515625,
                -8.51171875,
                -8.439453125,
                -9.1142578125,
                -8.9521484375,
                -8.80859375,
                -9.2998046875,
                -9.3134765625,
                -9.3994140625,
                -9.20703125,
                -9.3779296875,
                -9.375,
                -9.2802734375,
                -9.2587890625,
                -9.2890625,
                -9.31640625,
                -9.3447265625,
                -9.3935546875,
                -9.408203125,
                -9.447265625,
                -9.3076171875,
                -9.2763671875,
                -9.322265625,
                -9.2568359375,
                -9.3388671875,
                -9.4521484375,
                -9.1767578125,
                -9.2578125
            ],