{
    "exact_max_cut_value": 16,
    "graph_metadata": {
        "density_edges": 0.75,
        "filepath": "data/generated_graphs/graph_n8_d0.75_id3.gpickle",
        "id": 3,
        "n_vertices": 8,
        "seed": 541795
    },
    "metrics": {
        "all_trajectories": [
            [
                [
                    4.357117493587496,
                    4.929242008830362
                ],
                [
                    5.564958866373692,
                    3.9510794641792444
                ],
                [
                    5.564958866373692,
                    3.9510794641792444
                ],
                [
                    5.564958866373692,
                    3.9510794641792444
                ],
                [
                    5.564958866373692,
                    3.9510794641792444
                ],
                [
                    5.523905475436618,
                    3.859894930992043
                ],
                [
                    5.523905475436618,
                    3.859894930992043
                ],
                [
                    5.523905475436618,
                    3.859894930992043
                ],
                [
                    5.523905475436618,
                    3.859894930992043
                ],
                [
                    5.523905475436618,
                    3.859894930992043
                ],
                [
                    5.523905475436618,
                    3.859894930992043
                ],
                [
                    5.523905475436618,
                    3.859894930992043
                ],
                [
                    5.523905475436618,
                    3.859894930992043
                ],
                [
                    5.523905475436618,
                    3.859894930992043
                ],
                [
                    5.523905475436618,
                    3.859894930992043
                ],
                [
                    5.523905475436618,
                    3.859894930992043
                ],
                [
                    5.523905475436618,
                    3.859894930992043
                ],
                [
                    5.523905475436618,
                    3.859894930992043
                ],
                [
                    5.523905475436618,
                    3.859894930992043
                ]
            ]
        ],
        "approximation_ratio": 1.0,
        "circuit_depth": 18,
        "num_parameters": 0,
        "optimization_history": {
            "fun": [
                -11.4443359375,
                -11.583984375,
                -10.9267578125,
                -11.619140625,
                -11.3916015625,
                -11.5810546875,
                -11.41796875,
                -11.4453125,
                -11.6572265625,
                -11.55078125,
                -11.5537109375,
                -11.3056640625,
                -11.5048828125,
                -11.498046875,
                -11.5234375,
                -11.4833984375,
                -11.41796875,
                -11.2763671875,
                -11.375,
                -11.4345703125,
                -11.5166015625,
                -11.4912109375,
                -11.4287109375,
                -11.404296875,
                -11.521484375,
                -11.435546875,
                -11.41796875,
                -11.578125,
                -11.5009765625
            ],
            "params": [
                [
                    4.357117493587496,
                    4.929242008830362
                ],
                [
                    5.357117493587496,
                    4.929242008830362
                ],
                [
                    5.357117493587496,
                    5.929242008830362
                ],
                [
                    5.564958866373692,
                    3.9510794641792444
                ],
                [
                    6.5639529603547775,
                    3.9062375174004695
                ],
                [
                    5.095673696090422,
                    3.778535472825726
                ],
                [
                    5.810192438419928,
                    3.9024945370778945
                ],
                [
                    5.574675851793962,
                    4.000126178588491
                ],
                [
                    5.523905475436618,
                    3.859894930992043
                ],
                [
                    5.4240484859597,
                    3.854548749868416
                ],
                [
                    5.601052282820203,
                    3.7962681275950465
                ],
                [
                    5.474208272559168,
                    3.865389294117789
                ],
                [
                    5.522531884655182,
                    3.8474706302726807
                ],
                [
                    5.538702448585381,
                    3.880045603080953
                ],
                [
                    5.514925281934028,
                    3.864294490590008
                ],
                [
                    5.532821954416259,
                    3.86442222627793
                ],
                [
                    5.5236171610965155,
                    3.8549032504292176
                ],
                [
                    5.525153395577324,
                    3.8598228524070173
                ],
                [
                    5.521462223217357,
                    3.860424571051968
                ],
                [
                    5.524855750251614,
                    3.86020634354154
                ],
                [
                    5.5240611817113665,
                    3.859419793584545
                ],
                [
                    5.523071475351876,
                    3.860446695306447
                ],
                [
                    5.523804043314472,
                    3.8594053275559883
                ],
                [
                    5.524027876295632,
                    3.8598695729615065
                ],
                [
                    5.523677862693819,
                    3.859998335243964
                ],
                [
                    5.523926156287002,
                    3.8599404535406032
                ],
                [
                    5.523875487794888,
                    3.859799533186285
                ],
                [
                    5.523953174339497,
                    3.8598799371711783
                ],
                [
                    5.52387787232179,
                    3.8599910458610895
                ]
            ]
        },
        "optimization_iterations": 29,
        "qaoa_cut_value": 16,
        "termination_reason": "Return from COBYLA because the trust region radius reaches its lower bound.",
        "total_shots": 1024,