{
    "exact_max_cut_value": 3,
    "graph_metadata": {
        "density_edges": 0.25,
        "filepath": "data/generated_graphs/graph_n4_d0.25_id8.gpickle",
        "id": 8,
        "n_vertices": 4,
        "seed": 709949
    },
    "metrics": {
        "all_trajectories": [
            [
                [
                    5.387712007268013,
                    0.34753410434032495
                ],
                [
                    5.387712007268013,
                    0.34753410434032495
                ],
                [
                    5.387712007268013,
                    0.34753410434032495
                ],
                [
                    5.387712007268013,
                    0.34753410434032495
                ],
                [
                    5.387712007268013,
                    0.34753410434032495
                ],
                [
                    5.387712007268013,
                    0.34753410434032495
                ],
                [
                    5.387712007268013,
                    0.34753410434032495
                ],
                [
                    5.387712007268013,
                    0.34753410434032495
                ],
                [
                    5.387712007268013,
                    0.34753410434032495
                ],
                [
                    5.381434449435909,
                    0.33975000081682366
                ],
                [
                    5.381434449435909,
                    0.33975000081682366
                ],
                [
                    5.381434449435909,
                    0.33975000081682366
                ],
                [
                    5.381434449435909,
                    0.33975000081682366
                ],
                [
                    5.381434449435909,
                    0.33975000081682366
                ],
                [
                    5.381434449435909,
                    0.33975000081682366
                ],
                [
                    5.381434449435909,
                    0.33975000081682366
                ],
                [
                    5.381434449435909,
                    0.33975000081682366
                ],
                [
                    5.381434449435909,
                    0.33975000081682366
                ],
                [
                    5.381467644815518,
                    0.3397126100857174
                ]
            ]
        ],
        "approximation_ratio": 1.0,
        "circuit_depth": 8,
        "num_parameters": 0,
        "optimization_history": {
            "fun": [
                -2.095703125,
                -1.458984375,
                -1.529296875,
                -0.76953125,
                -1.708984375,
                -2.0107421875,
                -2.095703125,
                -2.0625,
                -2.0869140625,
                -2.0498046875,
                -2.0771484375,
                -2.0634765625,
                -2.08984375,
                -2.1201171875,
                -2.1142578125,
                -2.080078125,
                -2.0986328125,
                -2.0849609375,
                -2.10546875,
                -2.0859375,
                -2.0634765625,
                -2.0673828125,
                -2.1181640625,
                -2.056640625,
                -2.0712890625,
                -2.1015625,
                -2.0986328125,
                -2.140625,
                -2.0859375
            ],
            "params": [
                [
                    5.387712007268013,
                    0.34753410434032495
                ],
                [
                    6.387712007268013,
                    0.34753410434032495
                ],
                [
                    5.387712007268013,
                    1.3475341043403248
                ],
                [
                    4.640555641019061,
                    -0.31711419692408094
                ],
                [
                    5.872948046572778,
                    0.22692736257260787
                ],
                [
                    5.17371773357588,
                    0.2182806679180142
                ],
                [
                    5.361861319983551,
                    0.3903329590787516
                ],
                [
                    5.4733097167448665,
                    0.39923547890924926
                ],
                [
                    5.30211429779116,
                    0.2958327297714006
                ],
                [
                    5.43051086200644,
                    0.3733847916247871
                ],
                [
                    5.3663125798988,
                    0.33460876069809387
                ],
                [
                    5.396271778215699,
                    0.3527042417972174
                ],
                [
                    5.3851269385395675,
                    0.3518139898141676
                ],
                [
                    5.381434449435909,
                    0.33975000081682366
                ],
                [
                    5.371278945159065,
                    0.3225202088017413
                ],
                [
                    5.390175857212552,
                    0.3348932745446878
                ],
                [
                    5.376518194233427,
                    0.3388387188713983
                ],
                [
                    5.381662269922265,
                    0.3385209370162029
                ],
                [
                    5.381355274419748,
                    0.342248746765658
                ],
                [
                    5.381934198625676,
                    0.3397658358200559
                ],
                [
                    5.380441307229437,
                    0.3396330882096216
                ],
                [
                    5.381492905739511,
                    0.33925342971358735
                ],
                [
                    5.381801332113411,
                    0.3406802680370079
                ],
                [
                    5.381893894507833,
                    0.3395527440656463
                ],
                [
                    5.38120050045617,
                    0.33983813636514865
                ],
                [
                    5.381416822326244,
                    0.33970321102087564
                ],
                [
                    5.381509230898122,
                    0.3398163915760403
                ],
                [
                    5.381467644815518,
                    0.3397126100857174
                ],
                [
                    5.381491756722145,
                    0.3396155605315772
                ]
            ]
        },
        "optimization_iterations": 29,
        "qaoa_cut_value": 3,
        "termination_reason": "Return from COBYLA because the trust region radius reaches its lower bound.",
        "total_shots": 1024,