{
    "exact_max_cut_value": 2,
    "graph_metadata": {
        "density_edges": 0.1,
        "filepath": "data/generated_graphs/graph_n4_d0.10_id6.gpickle",
        "id": 6,
        "n_vertices": 4,
        "seed": 715592
    },
    "metrics": {
        "all_trajectories": [
            [
                [
                    2.466270602024993,
                    2.5030518850622485
                ],
                [
                    2.466270602024993,
                    2.5030518850622485
                ],
                [
                    2.466270602024993,
                    2.5030518850622485
                ],
                [
                    2.466270602024993,
                    2.5030518850622485
                ],
                [
                    2.4045272661987296,
                    2.581714204383797
                ],
                [
                    2.304537895236544,
                    2.5802562281883823
                ],
                [
                    2.112654949775399,
                    2.523856447682114
                ],
                [
                    2.0088685789387752,
                    2.6948195701049418
                ],
                [
                    1.8134018003982826,
                    2.7371603127413437
                ],
                [
                    1.8134018003982826,
                    2.7371603127413437
                ],
                [
                    1.8134018003982826,
                    2.7371603127413437
                ],
                [
                    1.7401838935709537,
                    2.6690490939897713
                ],
                [
                    1.6526843981811685,
                    2.6206358901448183
                ],
                [
                    1.4602721738658246,
                    2.5660690876544594
                ],
                [
                    1.4298350578757921,
                    2.6613244390537867
                ],
                [
                    1.4298350578757921,
                    2.6613244390537867
                ],
                [
                    1.4298350578757921,
                    2.6613244390537867
                ],
                [
                    1.4298350578757921,
                    2.6613244390537867
                ],
                [
                    1.4298350578757921,
                    2.6613244390537867
                ],
                [
                    1.4298350578757921,
                    2.6613244390537867
                ],
                [
                    1.4298350578757921,
                    2.6613244390537867
                ],
                [
                    1.4298350578757921,
                    2.6613244390537867
                ],
                [
                    1.4298350578757921,
                    2.6613244390537867
                ],
                [
                    1.4298350578757921,
                    2.6613244390537867
                ],
                [
                    1.4298350578757921,
                    2.6613244390537867
                ],
                [
                    1.4298350578757921,
                    2.6613244390537867
                ],
                [
                    1.4298350578757921,
                    2.6613244390537867
                ],
                [
                    1.4298350578757921,
                    2.6613244390537867
                ]
            ]
        ],
        "approximation_ratio": 1.0,
        "circuit_depth": 7,
        "num_parameters": 0,
        "optimization_history": {
            "fun": [
                -1.375,
                -0.828125,
                -0.6318359375,
                -0.98046875,
                -1.3125,
                -1.2587890625,
                -1.3154296875,
                -1.404296875,
                -1.48046875,
                -1.5166015625,
                -1.544921875,
                -1.58203125,
                -1.4990234375,
                -1.4150390625,
                -1.6220703125,
                -1.654296875,
                -1.658203125,
                -1.6728515625,
                -1.6044921875,
                -1.630859375,
                -1.62890625,
                -1.6591796875,
                -1.6435546875,
                -1.6533203125,
                -1.6513671875,
                -1.6435546875,
                -1.6337890625,
                -1.662109375,
                -1.6513671875,
                -1.634765625,
                -1.63671875,
                -1.6298828125,
                -1.6630859375,
                -1.638671875,
                -1.634765625,
                -1.6416015625,
                -1.619140625,
                -1.6708984375,
                -1.64453125
            ],