{
    "exact_max_cut_value": 15,
    "graph_metadata": {
        "density_edges": 0.75,
        "filepath": "data/generated_graphs/graph_n8_d0.75_id6.gpickle",
        "id": 6,
        "n_vertices": 8,
        "seed": 633179
    },
    "metrics": {
        "all_trajectories": [
            [
                [
                    1.0605714916494324,
                    1.82546104594437
                ],
                [
                    2.0708802222022724,
                    0.8255141823189128
                ],
                [
                    2.0708802222022724,
                    0.8255141823189128
                ],
                [
                    2.490263299507827,
                    1.0977600904051925
                ],
                [
                    2.478078669926115,
                    1.2221648121883968
                ],
                [
                    2.478078669926115,
                    1.2221648121883968
                ],
                [
                    2.478078669926115,
                    1.2221648121883968
                ],
                [
                    2.478078669926115,
                    1.2221648121883968
                ],
                [
                    2.478078669926115,
                    1.2221648121883968
                ],
                [
                    2.478078669926115,
                    1.2221648121883968
                ],
                [
                    2.478078669926115,
                    1.2221648121883968
                ],
                [
                    2.478078669926115,
                    1.2221648121883968
                ],
                [
                    2.478078669926115,
                    1.2221648121883968
                ],
                [
                    2.478078669926115,
                    1.2221648121883968
                ],
                [
                    2.478078669926115,
                    1.2221648121883968
                ],
                [
                    2.478078669926115,
                    1.2221648121883968
                ],
                [
                    2.478078669926115,
                    1.2221648121883968
                ]
            ]
        ],
        "approximation_ratio": 1.0,
        "circuit_depth": 18,
        "num_parameters": 0,
        "optimization_history": {
            "fun": [
                -11.4619140625,
                -11.4638671875,
                -11.2744140625,
                -11.505859375,
                -11.4326171875,
                -11.52734375,
                -11.388671875,
                -11.6796875,
                -11.57421875,
                -11.4248046875,
                -11.4228515625,
                -11.578125,
                -11.4609375,
                -11.5400390625,
                -11.466796875,
                -11.4912109375,
                -11.3974609375,
                -11.349609375,
                -11.5771484375,
                -11.404296875,
                -11.396484375,
                -11.5634765625,
                -11.60546875,
                -11.611328125,
                -11.5615234375,
                -11.5849609375,
                -11.6298828125,
                -11.4619140625,
                -11.4951171875
            ],
            "params": [
                [
                    1.0605714916494324,
                    1.82546104594437
                ],
                [
                    2.0605714916494327,
                    1.82546104594437
                ],
                [
                    2.0605714916494327,
                    2.82546104594437
                ],
                [
                    2.0708802222022724,
                    0.8255141823189128
                ],
                [
                    2.1173613965777545,
                    -0.17340498379448
                ],
                [
                    2.490263299507827,
                    1.0977600904051925
                ],
                [
                    2.987882186640644,
                    1.1464986087320412
                ],
                [
                    2.478078669926115,
                    1.2221648121883968
                ],
                [
                    2.399108262773281,
                    1.459364463946395
                ],
                [
                    2.527840558639397,
                    1.2270386640210815
                ],
                [
                    2.3790162440993585,
                    1.235826283167702
                ],
                [
                    2.5221585372131905,
                    1.2457649244752866
                ],
                [
                    2.4721786418543927,
                    1.2331847790101658
                ],
                [
                    2.4872588858020617,
                    1.1989113471461494
                ],
                [
                    2.4734279769176655,
                    1.2203287690132074
                ],
                [
                    2.486823371442985,
                    1.2270156054617547
                ],
                [
                    2.4756532732894363,
                    1.2265371629468318
                ],
                [
                    2.4799101176693608,
                    1.2123339526550823
                ],
                [
                    2.4740512629497293,
                    1.2251279174930658
                ],
                [
                    2.477986508123551,
                    1.2196665115255165
                ],
                [
                    2.478578330058691,
                    1.222146379827884
                ],
                [
                    2.4771047665097377,
                    1.2223917750390325
                ],
                [
                    2.478192151351433,
                    1.2226517638965855
                ],
                [
                    2.4785003211041445,
                    1.2212580540706683
                ],
                [
                    2.4784400778193945,
                    1.2225103325708278
                ],
                [
                    2.477992289830507,
                    1.2222551641617168
                ],
                [
                    2.4781897981002174,
                    1.2219408690507019
                ],
                [
                    2.478114810715443,
                    1.22219936422664
                ],
                [
                    2.478019303730118,
                    1.222084340735242
                ]
            ]
        },
        "optimization_iterations": 29,
        "qaoa_cut_value": 15,
        "termination_reason": "Return from COBYLA because the trust region radius reaches its lower bound.",
        "total_shots": 1024,