{
    "exact_max_cut_value": 4,
    "graph_metadata": {
        "density_edges": 0.75,
        "filepath": "data/generated_graphs/graph_n4_d0.75_id4.gpickle",
        "id": 4,
        "n_vertices": 4,
        "seed": 512915
    },
    "metrics": {
        "all_trajectories": [
            [
                [
                    1.5519070595949387,
                    4.562462039952507
                ],
                [
                    2.8991048353163587,
                    3.6246701096534144
                ],
                [
                    3.5782197855776765,
                    2.8906381727926487
                ],
                [
                    3.5782197855776765,
                    2.8906381727926487
                ],
                [
                    3.5782197855776765,
                    2.8906381727926487
                ],
                [
                    3.5782197855776765,
                    2.8906381727926487
                ],
                [
                    3.5782197855776765,
                    2.8906381727926487
                ],
                [
                    3.4844123546686925,
                    2.9252815835118056
                ],
                [
                    3.421756575836228,
                    2.847344086894983
                ],
                [
                    3.421756575836228,
                    2.847344086894983
                ],
                [
                    3.421756575836228,
                    2.847344086894983
                ],
                [
                    3.421756575836228,
                    2.847344086894983
                ],
                [
                    3.421756575836228,
                    2.847344086894983
                ],
                [
                    3.413910061694678,
                    2.8535434591072684
                ],
                [
                    3.4039140682986813,
                    2.853826506854471
                ],
                [
                    3.4039140682986813,
                    2.853826506854471
                ],
                [
                    3.4026866211586375,
                    2.854062882653566
                ],
                [
                    3.4026866211586375,
                    2.854062882653566
                ],
                [
                    3.4026866211586375,
                    2.854062882653566
                ],
                [
                    3.4026866211586375,
                    2.854062882653566
                ],
                [
                    3.4026866211586375,
                    2.854062882653566
                ],
                [
                    3.4026866211586375,
                    2.854062882653566
                ]
            ]
        ],
        "approximation_ratio": 1.0,
        "circuit_depth": 7,
        "num_parameters": 0,
        "optimization_history": {
            "fun": [
                -2.494140625,
                -2.68359375,
                -2.171875,
                -2.94140625,
                -3.14453125,
                -2.892578125,
                -2.6259765625,
                -2.6708984375,
                -2.6806640625,
                -3.025390625,
                -3.20703125,
                -3.2294921875,
                -3.072265625,
                -3.1845703125,
                -3.1923828125,
                -3.2216796875,
                -3.1943359375,
                -3.236328125,
                -3.2412109375,
                -3.2158203125,
                -3.2099609375,
                -3.2548828125,
                -3.19921875,
                -3.193359375,
                -3.2373046875,
                -3.25,
                -3.201171875,
                -3.2099609375,
                -3.1748046875,
                -3.20703125,
                -3.19140625,
                -3.2177734375
            ],
            "params": [
                [
                    1.5519070595949387,
                    4.562462039952507
                ],
                [
                    2.5519070595949387,
                    4.562462039952507
                ],
                [
                    2.5519070595949387,
                    5.562462039952507
                ],
                [
                    2.8991048353163587,
                    3.6246701096534144
                ],
                [
                    3.5782197855776765,
                    2.8906381727926487
                ],
                [
                    3.6020585625901815,
                    0.890780249661471
                ],
                [
                    4.536669168183203,
                    3.1759008254184087
                ],
                [
                    3.32411369864267,
                    2.460022222574152
                ],
                [
                    3.7906397046205638,
                    3.022462973167287
                ],
                [
                    3.604584745652604,
                    2.848154188984071
                ],
                [
                    3.4844123546686925,
                    2.9252815835118056
                ],
                [
                    3.421756575836228,
                    2.847344086894983
                ],
                [
                    3.326520201094074,
                    2.877840528096737
                ],
                [
                    3.4564739864645264,
                    2.811362127536631
                ],
                [
                    3.3991501335799783,
                    2.8580187657433074
                ],
                [
                    3.419621640066563,
                    2.842822798443733
                ],
                [
                    3.4310803002596817,
                    2.850959078302371
                ],
                [
                    3.413910061694678,
                    2.8535434591072684
                ],
                [
                    3.4039140682986813,
                    2.853826506854471
                ],
                [
                    3.4001472752207027,
                    2.863089944116508
                ],
                [
                    3.4029685651023005,
                    2.848916718294295
                ],
                [
                    3.4026866211586375,
                    2.854062882653566
                ],
                [
                    3.400789726511343,
                    2.8556913146285243
                ],
                [
                    3.4025920708389994,
                    2.8535719037975484
                ],
                [
                    3.402788036801867,
                    2.8550577267957857
                ],
                [
                    3.402356417141963,
                    2.8536874291845824
                ],
                [
                    3.4025927577913917,
                    2.8541454336577345
                ],
                [
                    3.4028780507784155,
                    2.853902088683929
                ],
                [
                    3.402718779952565,
                    2.8541011685775217
                ],
                [
                    3.4026141671730374,
                    2.8539939593630854
                ],
                [
                    3.4026521595133974,
                    2.854099109646366
                ],
                [
                    3.402776669741728,
                    2.8540193941184864
                ]
            ]
        },
        "optimization_iterations": 32,
        "qaoa_cut_value": 4,
        "termination_reason": "Return from COBYLA because the trust region radius reaches its lower bound.",
        "total_shots": 1024,