{
    "exact_max_cut_value": 6,
    "graph_metadata": {
        "density_edges": 0.1,
        "filepath": "data/generated_graphs/graph_n8_d0.10_id8.gpickle",
        "id": 8,
        "n_vertices": 8,
        "seed": 835780
    },
    "metrics": {
        "all_trajectories": [
            [
                [
                    3.3355747191486307,
                    0.8644628177208934
                ],
                [
                    4.335574719148631,
                    0.8644628177208934
                ],
                [
                    4.335574719148631,
                    0.8644628177208934
                ],
                [
                    4.335574719148631,
                    0.8644628177208934
                ],
                [
                    4.248666323822525,
                    0.8149963561348722
                ],
                [
                    4.248666323822525,
                    0.8149963561348722
                ],
                [
                    4.279651040312935,
                    0.7199177184500118
                ],
                [
                    4.299575655130404,
                    0.6219227710069142
                ],
                [
                    4.303132671056557,
                    0.42195440441434257
                ],
                [
                    4.303132671056557,
                    0.42195440441434257
                ],
                [
                    4.303132671056557,
                    0.42195440441434257
                ],
                [
                    4.25532216867868,
                    0.436588469549332
                ],
                [
                    4.25532216867868,
                    0.436588469549332
                ],
                [
                    4.25532216867868,
                    0.436588469549332
                ],
                [
                    4.278165304108969,
                    0.44674677470883145
                ],
                [
                    4.297027227878727,
                    0.46315493827773224
                ],
                [
                    4.297027227878727,
                    0.46315493827773224
                ],
                [
                    4.297027227878727,
                    0.46315493827773224
                ],
                [
                    4.297027227878727,
                    0.46315493827773224
                ],
                [
                    4.30153682224264,
                    0.46099541085883405
                ],
                [
                    4.301979154931008,
                    0.4607622975970896
                ],
                [
                    4.301828903597097,
                    0.4597736497646144
                ],
                [
                    4.301828903597097,
                    0.4597736497646144
                ],
                [
                    4.301828903597097,
                    0.4597736497646144
                ],
                [
                    4.301828903597097,
                    0.4597736497646144
                ],
                [
                    4.301828903597097,
                    0.4597736497646144
                ],
                [
                    4.301828903597097,
                    0.4597736497646144
                ]
            ]
        ],
        "approximation_ratio": 1.0,
        "circuit_depth": 5,
        "num_parameters": 0,
        "optimization_history": {
            "fun": [
                -2.2890625,
                -4.0498046875,
                -2.4599609375,
                -1.93359375,
                -2.7177734375,
                -3.7294921875,
                -3.9599609375,
                -4.1171875,
                -3.873046875,
                -4.33203125,
                -4.525390625,
                -4.62890625,
                -4.123046875,
                -4.6162109375,
                -4.607421875,
                -4.6552734375,
                -4.3837890625,
                -4.6103515625,
                -4.5966796875,
                -4.701171875,
                -4.70703125,
                -4.69921875,
                -4.6591796875,
                -4.6611328125,
                -4.6650390625,
                -4.65234375,
                -4.7080078125,
                -4.6376953125,
                -4.712890625,
                -4.7509765625,
                -4.6806640625,
                -4.7021484375,
                -4.740234375,
                -4.6796875,
                -4.6904296875,
                -4.677734375,
                -4.6591796875,
                -4.650390625,
                -4.658203125
            ],