{
    "exact_max_cut_value": 4,
    "graph_metadata": {
        "density_edges": 0.5,
        "filepath": "data/generated_graphs/graph_n4_d0.50_id8.gpickle",
        "id": 8,
        "n_vertices": 4,
        "seed": 806847
    },
    "metrics": {
        "all_trajectories": [
            [
                [
                    2.405043054366566,
                    2.6970462754210622
                ],
                [
                    1.6806131912758682,
                    2.0076977616325773
                ],
                [
                    1.6806131912758682,
                    2.0076977616325773
                ],
                [
                    1.6806131912758682,
                    2.0076977616325773
                ],
                [
                    1.6806131912758682,
                    2.0076977616325773
                ],
                [
                    1.6806131912758682,
                    2.0076977616325773
                ],
                [
                    1.6806131912758682,
                    2.0076977616325773
                ],
                [
                    1.6806131912758682,
                    2.0076977616325773
                ],
                [
                    1.6917130645442062,
                    2.0134460495017463
                ],
                [
                    1.6917130645442062,
                    2.0134460495017463
                ],
                [
                    1.6969956751567044,
                    2.0049552294520265
                ],
                [
                    1.6969956751567044,
                    2.0049552294520265
                ],
                [
                    1.6969956751567044,
                    2.0049552294520265
                ],
                [
                    1.6969956751567044,
                    2.0049552294520265
                ],
                [
                    1.6969956751567044,
                    2.0049552294520265
                ],
                [
                    1.6969956751567044,
                    2.0049552294520265
                ],
                [
                    1.6969956751567044,
                    2.0049552294520265
                ],
                [
                    1.6969956751567044,
                    2.0049552294520265
                ],
                [
                    1.6969956751567044,
                    2.0049552294520265
                ]
            ]
        ],
        "approximation_ratio": 1.0,
        "circuit_depth": 10,
        "num_parameters": 0,
        "optimization_history": {
            "fun": [
                -2.0048828125,
                -1.1982421875,
                -1.2373046875,
                -2.9658203125,
                -2.1005859375,
                -2.7021484375,
                -2.5068359375,
                -2.7998046875,
                -2.94921875,
                -2.955078125,
                -2.953125,
                -2.947265625,
                -2.9794921875,
                -2.974609375,
                -2.91015625,
                -3.0244140625,
                -2.966796875,
                -2.990234375,
                -2.95703125,
                -2.998046875,
                -2.9150390625,
                -2.9404296875,
                -2.97265625,
                -3.0,
                -2.9970703125,
                -2.966796875,
                -2.935546875,
                -2.9189453125,
                -2.92578125,
                -2.974609375
            ],
            "params": [
                [
                    2.405043054366566,
                    2.6970462754210622
                ],
                [
                    3.405043054366566,
                    2.6970462754210622
                ],
                [
                    2.405043054366566,
                    3.6970462754210622
                ],
                [
                    1.6806131912758682,
                    2.0076977616325773
                ],
                [
                    0.45393548329650546,
                    0.42805799233500186
                ],
                [
                    0.9201554432191934,
                    2.6570851756009812
                ],
                [
                    1.4643223421232536,
                    1.5569003918833286
                ],
                [
                    1.8853834322643885,
                    2.1511172456837455
                ],
                [
                    1.6519292944656345,
                    2.0486518098302815
                ],
                [
                    1.6330080199476815,
                    1.9197560328412122
                ],
                [
                    1.7775402035329764,
                    1.9830978775899561
                ],
                [
                    1.6576200397991927,
                    2.0520972547059295
                ],
                [
                    1.6917130645442062,
                    2.0134460495017463
                ],
                [
                    1.7164295594286987,
                    2.0172003644359062
                ],
                [
                    1.6894137493965387,
                    2.0178859988090814
                ],
                [
                    1.6969956751567044,
                    2.0049552294520265
                ],
                [
                    1.7035927498676968,
                    1.9974400045546876
                ],
                [
                    1.6990465157397678,
                    2.0095152791121573
                ],
                [
                    1.6958556627416717,
                    2.0054679395977923
                ],
                [
                    1.6991285833625822,
                    2.003651119569655
                ],
                [
                    1.69673485318023,
                    2.004528647810851
                ],
                [
                    1.6974756269231177,
                    2.005832524329429
                ],
                [
                    1.696557027718003,
                    2.0051952053352333
                ],
                [
                    1.6973745597871677,
                    2.0040297855386537
                ],
                [
                    1.6965056475546734,
                    2.004855866736445
                ],
                [
                    1.6971746110174863,
                    2.0051298202814714
                ],
                [
                    1.6970305933225933,
                    2.00491944227987
                ],
                [
                    1.696917214639382,
                    2.005017229026392
                ],
                [
                    1.6969646753695216,
                    2.0049159991933654
                ],
                [
                    1.6970873443554322,
                    2.004995188906535
                ]
            ]
        },
        "optimization_iterations": 30,
        "qaoa_cut_value": 4,
        "termination_reason": "Return from COBYLA because the trust region radius reaches its lower bound.",
        "total_shots": 1024,