{
    "exact_max_cut_value": 3,
    "graph_metadata": {
        "density_edges": 0.5,
        "filepath": "data/generated_graphs/graph_n4_d0.50_id7.gpickle",
        "id": 7,
        "n_vertices": 4,
        "seed": 985244
    },
    "metrics": {
        "all_trajectories": [
            [
                [
                    0.9626921820139711,
                    3.4447495883397923
                ],
                [
                    0.8574673821219938,
                    5.439198049290733
                ],
                [
                    0.8574673821219938,
                    5.439198049290733
                ],
                [
                    1.7014266282267387,
                    5.975605348751049
                ],
                [
                    1.7014266282267387,
                    5.975605348751049
                ],
                [
                    1.7014266282267387,
                    5.975605348751049
                ],
                [
                    1.6735722213644058,
                    5.8537483341054095
                ],
                [
                    1.6735722213644058,
                    5.8537483341054095
                ],
                [
                    1.6735722213644058,
                    5.8537483341054095
                ],
                [
                    1.6735722213644058,
                    5.8537483341054095
                ],
                [
                    1.6735722213644058,
                    5.8537483341054095
                ],
                [
                    1.6686194282899884,
                    5.854433783419366
                ],
                [
                    1.6686194282899884,
                    5.854433783419366
                ],
                [
                    1.6683732711579042,
                    5.8594277204099905
                ],
                [
                    1.6658907045895879,
                    5.859722446102589
                ],
                [
                    1.6658907045895879,
                    5.859722446102589
                ],
                [
                    1.6658907045895879,
                    5.859722446102589
                ],
                [
                    1.6658907045895879,
                    5.859722446102589
                ],
                [
                    1.6658907045895879,
                    5.859722446102589
                ],
                [
                    1.6658907045895879,
                    5.859722446102589
                ],
                [
                    1.6658907045895879,
                    5.859722446102589
                ],
                [
                    1.6658907045895879,
                    5.859722446102589
                ]
            ]
        ],
        "approximation_ratio": 1.0,
        "circuit_depth": 9,
        "num_parameters": 0,
        "optimization_history": {
            "fun": [
                -0.9033203125,
                -0.833984375,
                -1.55859375,
                -1.720703125,
                -1.4462890625,
                -2.23828125,
                -1.7236328125,
                -0.8154296875,
                -2.12109375,
                -2.2861328125,
                -2.2001953125,
                -2.2783203125,
                -2.2138671875,
                -2.220703125,
                -2.2421875,
                -2.2646484375,
                -2.2919921875,
                -2.2431640625,
                -2.29296875,
                -2.328125,
                -2.26171875,
                -2.244140625,
                -2.287109375,
                -2.244140625,
                -2.2783203125,
                -2.275390625,
                -2.2509765625,
                -2.3193359375,
                -2.28515625,
                -2.267578125,
                -2.2900390625,
                -2.275390625
            ],
            "params": [
                [
                    0.9626921820139711,
                    3.4447495883397923
                ],
                [
                    1.962692182013971,
                    3.4447495883397923
                ],
                [
                    0.9626921820139711,
                    4.444749588339793
                ],
                [
                    0.8574673821219938,
                    5.439198049290733
                ],
                [
                    -0.1309194944643698,
                    5.59115653767441
                ],
                [
                    1.7014266282267387,
                    5.975605348751049
                ],
                [
                    3.5271987298509773,
                    6.792034300302015
                ],
                [
                    1.0635393843632508,
                    6.745735119709323
                ],
                [
                    2.188854686809297,
                    5.864187721301717
                ],
                [
                    1.6735722213644058,
                    5.8537483341054095
                ],
                [
                    1.4988046658882834,
                    5.674985078504879
                ],
                [
                    1.7223150272226615,
                    5.842606571360476
                ],
                [
                    1.6161015518364248,
                    5.771912387578192
                ],
                [
                    1.675658110047715,
                    5.903704805842321
                ],
                [
                    1.6652554903262184,
                    5.830172244844499
                ],
                [
                    1.6749431199923188,
                    5.863653920254245
                ],
                [
                    1.6686194282899884,
                    5.854433783419366
                ],
                [
                    1.6626726114206196,
                    5.846394170921105
                ],
                [
                    1.6683732711579042,
                    5.8594277204099905
                ],
                [
                    1.6658907045895879,
                    5.859722446102589
                ],
                [
                    1.66089385945091,
                    5.859544854830082
                ],
                [
                    1.667615512393028,
                    5.8615321527200255
                ],
                [
                    1.6655287632661007,
                    5.860067407663277
                ],
                [
                    1.6662991259957523,
                    5.858809652612808
                ],
                [
                    1.6654343078446974,
                    5.859518235399507
                ],
                [
                    1.6663252882723192,
                    5.860623077560348
                ],
                [
                    1.6653943173252965,
                    5.859782443467942
                ],
                [
                    1.666076503638587,
                    5.8595551777152854
                ],
                [
                    1.6659241582670485,
                    5.859759605912389
                ],
                [
                    1.6658208153438478,
                    5.859650923425557
                ],
                [
                    1.6658549432510716,
                    5.859757390725459
                ],
                [
                    1.665990182377014,
                    5.859712239741396
                ]
            ]
        },
        "optimization_iterations": 32,
        "qaoa_cut_value": 3,
        "termination_reason": "Return from COBYLA because the trust region radius reaches its lower bound.",
        "total_shots": 1024,