{
    "exact_max_cut_value": 3,
    "graph_metadata": {
        "density_edges": 0.5,
        "filepath": "data/generated_graphs/graph_n4_d0.50_id0.gpickle",
        "id": 0,
        "n_vertices": 4,
        "seed": 102920
    },
    "metrics": {
        "all_trajectories": [
            [
                [
                    2.6224472619303825,
                    2.5682453707641546
                ],
                [
                    2.6224472619303825,
                    2.5682453707641546
                ],
                [
                    2.6224472619303825,
                    2.5682453707641546
                ],
                [
                    2.6224472619303825,
                    2.5682453707641546
                ],
                [
                    2.5525405276708883,
                    2.639750954498381
                ],
                [
                    2.4563181157340273,
                    2.612525094713004
                ],
                [
                    2.389913311020631,
                    2.6872940850163087
                ],
                [
                    2.389913311020631,
                    2.6872940850163087
                ],
                [
                    2.389913311020631,
                    2.6872940850163087
                ],
                [
                    2.389913311020631,
                    2.6872940850163087
                ],
                [
                    2.4363279143584493,
                    2.6687014897968946
                ],
                [
                    2.4363279143584493,
                    2.6687014897968946
                ],
                [
                    2.4363279143584493,
                    2.6687014897968946
                ],
                [
                    2.442883015018399,
                    2.6762533541586215
                ],
                [
                    2.442883015018399,
                    2.6762533541586215
                ],
                [
                    2.442883015018399,
                    2.6762533541586215
                ],
                [
                    2.442883015018399,
                    2.6762533541586215
                ],
                [
                    2.442883015018399,
                    2.6762533541586215
                ],
                [
                    2.442883015018399,
                    2.6762533541586215
                ],
                [
                    2.442883015018399,
                    2.6762533541586215
                ],
                [
                    2.442883015018399,
                    2.6762533541586215
                ],
                [
                    2.442883015018399,
                    2.6762533541586215
                ],
                [
                    2.442883015018399,
                    2.6762533541586215
                ]
            ]
        ],
        "approximation_ratio": 1.0,
        "circuit_depth": 9,
        "num_parameters": 0,
        "optimization_history": {
            "fun": [
                -1.8515625,
                -1.1796875,
                -1.0908203125,
                -1.4794921875,
                -1.814453125,
                -1.6533203125,
                -1.7578125,
                -1.8896484375,
                -1.90625,
                -2.03125,
                -1.97265625,
                -2.009765625,
                -1.98828125,
                -2.00390625,
                -2.04296875,
                -1.951171875,
                -2.0263671875,
                -2.0654296875,
                -2.0068359375,
                -1.9970703125,
                -2.064453125,
                -1.9033203125,
                -1.9990234375,
                -1.939453125,
                -2.009765625,
                -2.0234375,
                -2.0,
                -1.9853515625,
                -1.9423828125,
                -1.966796875,
                -2.0126953125,
                -1.9765625,
                -2.0498046875,
                -2.0595703125
            ],