{
    "exact_max_cut_value": 6,
    "graph_metadata": {
        "density_edges": 0.25,
        "filepath": "data/generated_graphs/graph_n8_d0.25_id9.gpickle",
        "id": 9,
        "n_vertices": 8,
        "seed": 389703
    },
    "metrics": {
        "all_trajectories": [
            [
                [
                    5.740460613499389,
                    5.424117741788129
                ],
                [
                    6.740460613499389,
                    5.424117741788129
                ],
                [
                    6.740460613499389,
                    5.424117741788129
                ],
                [
                    6.758908867774583,
                    5.3776455790000925
                ],
                [
                    6.758908867774583,
                    5.3776455790000925
                ],
                [
                    6.674840662854879,
                    5.323492675831576
                ],
                [
                    6.674840662854879,
                    5.323492675831576
                ],
                [
                    6.674840662854879,
                    5.323492675831576
                ],
                [
                    6.674840662854879,
                    5.323492675831576
                ],
                [
                    6.674840662854879,
                    5.323492675831576
                ],
                [
                    6.674840662854879,
                    5.323492675831576
                ],
                [
                    6.674840662854879,
                    5.323492675831576
                ],
                [
                    6.674560585363886,
                    5.321008414050072
                ],
                [
                    6.674560585363886,
                    5.321008414050072
                ],
                [
                    6.674560585363886,
                    5.321008414050072
                ],
                [
                    6.674560585363886,
                    5.321008414050072
                ],
                [
                    6.674560585363886,
                    5.321008414050072
                ],
                [
                    6.674560585363886,
                    5.321008414050072
                ]
            ]
        ],
        "approximation_ratio": 1.0,
        "circuit_depth": 6,
        "num_parameters": 0,
        "optimization_history": {
            "fun": [
                -2.8203125,
                -4.4140625,
                -2.578125,
                -3.591796875,
                -3.40234375,
                -4.1748046875,
                -4.4267578125,
                -4.30859375,
                -4.4482421875,
                -4.3642578125,
                -4.4189453125,
                -4.3779296875,
                -4.37890625,
                -4.412109375,
                -4.41015625,
                -4.447265625,
                -4.4091796875,
                -4.3720703125,
                -4.4150390625,
                -4.4501953125,
                -4.443359375,
                -4.400390625,
                -4.40234375,
                -4.408203125,
                -4.3818359375,
                -4.4189453125,
                -4.4033203125,
                -4.3916015625,
                -4.4091796875,
                -4.3779296875
            ],
            "params": [
                [
                    5.740460613499389,
                    5.424117741788129
                ],
                [
                    6.740460613499389,
                    5.424117741788129
                ],
                [
                    6.740460613499389,
                    6.424117741788129
                ],
                [
                    7.396002633030342,
                    4.668959042818649
                ],
                [
                    7.011364298841266,
                    5.844369087137777
                ],
                [
                    6.508099799559206,
                    5.3318764704121575
                ],
                [
                    6.758908867774583,
                    5.3776455790000925
                ],
                [
                    6.85820682496298,
                    5.3894741756290765
                ],
                [
                    6.674840662854879,
                    5.323492675831576
                ],
                [
                    6.654060043048246,
                    5.225675674035099
                ],
                [
                    6.641687254725095,
                    5.3609206270095395
                ],
                [
                    6.665483675060388,
                    5.31520432379913
                ],
                [
                    6.6951713748773045,
                    5.338041289121551
                ],
                [
                    6.677750385512874,
                    5.319426533427091
                ],
                [
                    6.666493777574105,
                    5.328999898916725
                ],
                [
                    6.672087051312305,
                    5.319319233191189
                ],
                [
                    6.683458645277609,
                    5.318420163735828
                ],
                [
                    6.67080936607144,
                    5.326450486887719
                ],
                [
                    6.6755801156189145,
                    5.324500500027436
                ],
                [
                    6.674560585363886,
                    5.321008414050072
                ],
                [
                    6.675548147449711,
                    5.320851184515185
                ],
                [
                    6.6744819705964415,
                    5.32051463300716
                ],
                [
                    6.6746498311154445,
                    5.322004423686486
                ],
                [
                    6.674413733137806,
                    5.320530465910945
                ],
                [
                    6.674441098329104,
                    5.321045127106593
                ],
                [
                    6.674807935805016,
                    5.320972113095916
                ],
                [
                    6.6745678455547175,
                    5.321057884138298
                ],
                [
                    6.6745331160546675,
                    5.320912260854333
                ],
                [
                    6.674512508766016,
                    5.321022148704682
                ],
                [
                    6.674654794649296,
                    5.321041949263543
                ]
            ]
        },
        "optimization_iterations": 30,
        "qaoa_cut_value": 6,
        "termination_reason": "Return from COBYLA because the trust region radius reaches its lower bound.",
        "total_shots": 1024,