{
    "exact_max_cut_value": 3,
    "graph_metadata": {
        "density_edges": 0.1,
        "filepath": "data/generated_graphs/graph_n4_d0.10_id2.gpickle",
        "id": 2,
        "n_vertices": 4,
        "seed": 751202
    },
    "metrics": {
        "all_trajectories": [
            [
                [
                    5.081824870383346,
                    4.921995144216465
                ],
                [
                    6.081824870383346,
                    4.921995144216465
                ],
                [
                    6.081824870383346,
                    4.921995144216465
                ],
                [
                    6.040762348574428,
                    4.893466749542174
                ],
                [
                    6.033006586966945,
                    4.942861568722812
                ],
                [
                    6.033006586966945,
                    4.942861568722812
                ],
                [
                    5.987257054929909,
                    4.963035321928208
                ],
                [
                    5.987257054929909,
                    4.963035321928208
                ],
                [
                    5.987257054929909,
                    4.963035321928208
                ],
                [
                    5.987257054929909,
                    4.963035321928208
                ],
                [
                    5.987257054929909,
                    4.963035321928208
                ],
                [
                    5.987257054929909,
                    4.963035321928208
                ],
                [
                    5.987257054929909,
                    4.963035321928208
                ],
                [
                    5.987257054929909,
                    4.963035321928208
                ],
                [
                    5.987257054929909,
                    4.963035321928208
                ],
                [
                    5.987257054929909,
                    4.963035321928208
                ],
                [
                    5.987257054929909,
                    4.963035321928208
                ],
                [
                    5.987257054929909,
                    4.963035321928208
                ],
                [
                    5.987257054929909,
                    4.963035321928208
                ]
            ]
        ],
        "approximation_ratio": 1.0,
        "circuit_depth": 5,
        "num_parameters": 0,
        "optimization_history": {
            "fun": [
                -1.3515625,
                -1.6142578125,
                -0.8798828125,
                -1.322265625,
                -1.52734375,
                -1.5361328125,
                -1.646484375,
                -1.576171875,
                -1.666015625,
                -1.6318359375,
                -1.72265625,
                -1.6533203125,
                -1.7041015625,
                -1.6982421875,
                -1.650390625,
                -1.6845703125,
                -1.654296875,
                -1.6484375,
                -1.662109375,
                -1.6552734375,
                -1.6884765625,
                -1.6220703125,
                -1.6923828125,
                -1.673828125,
                -1.642578125,
                -1.6787109375,
                -1.6572265625,
                -1.681640625,
                -1.67578125,
                -1.62890625
            ],
            "params": [
                [
                    5.081824870383346,
                    4.921995144216465
                ],
                [
                    6.081824870383346,
                    4.921995144216465
                ],
                [
                    6.081824870383346,
                    5.921995144216465
                ],
                [
                    6.418637132019515,
                    3.9804233198655403
                ],
                [
                    6.354350206000434,
                    5.341196696511771
                ],
                [
                    6.2244668437548025,
                    4.716682535171875
                ],
                [
                    6.040762348574428,
                    4.893466749542174
                ],
                [
                    5.941972710213153,
                    4.877955226327207
                ],
                [
                    6.033006586966945,
                    4.942861568722812
                ],
                [
                    6.111831206544707,
                    5.00439756914875
                ],
                [
                    5.987257054929909,
                    4.963035321928208
                ],
                [
                    5.888996252269107,
                    4.981604507706124
                ],
                [
                    6.0115954043105875,
                    5.006711914622969
                ],
                [
                    5.962680726854346,
                    4.967618344764973
                ],
                [
                    5.986340450362556,
                    4.958120056313096
                ],
                [
                    5.989748807730357,
                    4.972719905965815
                ],
                [
                    5.992099346948712,
                    4.961789445527985
                ],
                [
                    5.977259025953779,
                    4.962836785804401
                ],
                [
                    5.991201739515595,
                    4.959962950935073
                ],
                [
                    5.9864889621816255,
                    4.9620491507817865
                ],
                [
                    5.988323599181942,
                    4.965296402059131
                ],
                [
                    5.986296728968212,
                    4.962756441940953
                ],
                [
                    5.987396494923537,
                    4.96255515894736
                ],
                [
                    5.987935998423212,
                    4.963769512457228
                ],
                [
                    5.987559437194859,
                    4.962637119761157
                ],
                [
                    5.987034004800629,
                    4.963148231803011
                ],
                [
                    5.987234472954949,
                    4.962990711902352
                ],
                [
                    5.9873136949382975,
                    4.963117734969954
                ],
                [
                    5.987298261450782,
                    4.963007001924014
                ],
                [
                    5.987158849235101,
                    4.963054180388042
                ]
            ]
        },
        "optimization_iterations": 30,
        "qaoa_cut_value": 3,
        "termination_reason": "Return from COBYLA because the trust region radius reaches its lower bound.",
        "total_shots": 1024,