{
    "exact_max_cut_value": 8,
    "graph_metadata": {
        "density_edges": 0.25,
        "filepath": "data/generated_graphs/graph_n8_d0.25_id8.gpickle",
        "id": 8,
        "n_vertices": 8,
        "seed": 326189
    },
    "metrics": {
        "all_trajectories": [
            [
                [
                    6.036128524963665,
                    5.203592361400056
                ],
                [
                    7.036128524963665,
                    6.203592361400056
                ],
                [
                    7.4634739839484725,
                    5.9440237602845425
                ],
                [
                    7.4634739839484725,
                    5.9440237602845425
                ],
                [
                    7.611006658815242,
                    6.145850690714195
                ],
                [
                    7.611006658815242,
                    6.145850690714195
                ],
                [
                    7.616479672840597,
                    6.0460005724494765
                ],
                [
                    7.616479672840597,
                    6.0460005724494765
                ],
                [
                    7.574526043906714,
                    6.0732015470511
                ],
                [
                    7.557794151574727,
                    6.05462619297666
                ],
                [
                    7.557794151574727,
                    6.05462619297666
                ],
                [
                    7.552909627761057,
                    6.053557817053265
                ],
                [
                    7.55421329766005,
                    6.048730763625503
                ],
                [
                    7.55421329766005,
                    6.048730763625503
                ],
                [
                    7.55421329766005,
                    6.048730763625503
                ],
                [
                    7.556346240499157,
                    6.047426710388437
                ],
                [
                    7.556346240499157,
                    6.047426710388437
                ],
                [
                    7.556346240499157,
                    6.047426710388437
                ],
                [
                    7.556346240499157,
                    6.047426710388437
                ],
                [
                    7.556346240499157,
                    6.047426710388437
                ],
                [
                    7.556346240499157,
                    6.047426710388437
                ]
            ]
        ],
        "approximation_ratio": 1.0,
        "circuit_depth": 12,
        "num_parameters": 0,
        "optimization_history": {
            "fun": [
                -4.455078125,
                -4.5439453125,
                -4.92578125,
                -4.48828125,
                -5.3017578125,
                -4.462890625,
                -5.4521484375,
                -5.4384765625,
                -5.13671875,
                -5.544921875,
                -5.294921875,
                -5.55078125,
                -5.580078125,
                -5.52734375,
                -5.572265625,
                -5.6123046875,
                -5.59375,
                -5.6279296875,
                -5.4951171875,
                -5.560546875,
                -5.560546875,
                -5.64453125,
                -5.5849609375,
                -5.533203125,
                -5.576171875,
                -5.5146484375,
                -5.5009765625,
                -5.5361328125,
                -5.5390625,
                -5.4814453125,
                -5.5595703125,
                -5.5712890625
            ],
            "params": [
                [
                    6.036128524963665,
                    5.203592361400056
                ],
                [
                    7.036128524963665,
                    5.203592361400056
                ],
                [
                    7.036128524963665,
                    6.203592361400056
                ],
                [
                    7.2628068882424515,
                    7.177562032191324
                ],
                [
                    7.4634739839484725,
                    5.9440237602845425
                ],
                [
                    7.803613642754419,
                    5.577547277400068
                ],
                [
                    7.611006658815242,
                    6.145850690714195
                ],
                [
                    7.710714754763084,
                    6.153485846407169
                ],
                [
                    7.607189080968755,
                    6.195704738688116
                ],
                [
                    7.616479672840597,
                    6.0460005724494765
                ],
                [
                    7.609453728407527,
                    5.946247697278766
                ],
                [
                    7.574526043906714,
                    6.0732015470511
                ],
                [
                    7.557794151574727,
                    6.05462619297666
                ],
                [
                    7.526540759424076,
                    6.015597671622686
                ],
                [
                    7.552452271957749,
                    6.07904881204501
                ],
                [
                    7.552909627761057,
                    6.053557817053265
                ],
                [
                    7.543255520905535,
                    6.050950477255279
                ],
                [
                    7.55421329766005,
                    6.048730763625503
                ],
                [
                    7.5613840268406545,
                    6.0417607820603605
                ],
                [
                    7.555708903346212,
                    6.0535018393565645
                ],
                [
                    7.553020528727285,
                    6.049104665047044
                ],
                [
                    7.556346240499157,
                    6.047426710388437
                ],
                [
                    7.556217912353349,
                    6.044930006183491
                ],
                [
                    7.556845581340146,
                    6.047401044759275
                ],
                [
                    7.555358691143128,
                    6.04758401985861
                ],
                [
                    7.556424895234244,
                    6.047920485066451
                ],
                [
                    7.556445435209898,
                    6.046431642345858
                ],
                [
                    7.556606599832302,
                    6.047853574556111
                ],
                [
                    7.556452956541076,
                    6.047361620555151
                ],
                [
                    7.556107126531431,
                    6.047499679631534
                ],
                [
                    7.556372276432471,
                    6.047469396805204
                ],
                [
                    7.5562616330459536,
                    6.047373403926705
                ]
            ]
        },
        "optimization_iterations": 32,
        "qaoa_cut_value": 8,
        "termination_reason": "Return from COBYLA because the trust region radius reaches its lower bound.",
        "total_shots": 1024,