{
    "exact_max_cut_value": 3,
    "graph_metadata": {
        "density_edges": 0.25,
        "filepath": "data/generated_graphs/graph_n4_d0.25_id8.gpickle",
        "id": 8,
        "n_vertices": 4,
        "seed": 709949
    },
    "metrics": {
        "all_trajectories": [
            [
                [
                    5.710146430579213,
                    1.72407376577314
                ],
                [
                    5.710146430579213,
                    1.72407376577314
                ],
                [
                    5.710146430579213,
                    1.72407376577314
                ],
                [
                    5.710146430579213,
                    1.72407376577314
                ],
                [
                    5.66401328579155,
                    1.812796552879951
                ],
                [
                    5.717285551792492,
                    1.8974255412652843
                ],
                [
                    5.717285551792492,
                    1.8974255412652843
                ],
                [
                    5.717285551792492,
                    1.8974255412652843
                ],
                [
                    5.723577531906778,
                    1.8866245697237318
                ],
                [
                    5.723577531906778,
                    1.8866245697237318
                ],
                [
                    5.723577531906778,
                    1.8866245697237318
                ],
                [
                    5.723577531906778,
                    1.8866245697237318
                ],
                [
                    5.723577531906778,
                    1.8866245697237318
                ],
                [
                    5.723577531906778,
                    1.8866245697237318
                ],
                [
                    5.723577531906778,
                    1.8866245697237318
                ],
                [
                    5.723577531906778,
                    1.8866245697237318
                ],
                [
                    5.723577531906778,
                    1.8866245697237318
                ],
                [
                    5.723577531906778,
                    1.8866245697237318
                ],
                [
                    5.723577531906778,
                    1.8866245697237318
                ]
            ]
        ],
        "approximation_ratio": 1.0,
        "circuit_depth": 4,
        "num_parameters": 0,
        "optimization_history": {
            "fun": [
                -1.5849609375,
                -1.3583984375,
                -0.8740234375,
                -1.2900390625,
                -1.53515625,
                -1.5087890625,
                -1.5439453125,
                -1.6005859375,
                -1.6435546875,
                -1.541015625,
                -1.6015625,
                -1.6220703125,
                -1.6845703125,
                -1.6298828125,
                -1.6494140625,
                -1.623046875,
                -1.66796875,
                -1.65234375,
                -1.6298828125,
                -1.6357421875,
                -1.6396484375,
                -1.626953125,
                -1.634765625,
                -1.65625,
                -1.638671875,
                -1.6611328125,
                -1.67578125,
                -1.6513671875,
                -1.625,
                -1.6064453125
            ],
            "params": [
                [
                    5.710146430579213,
                    1.72407376577314
                ],
                [
                    6.710146430579213,
                    1.72407376577314
                ],
                [
                    5.710146430579213,
                    2.7240737657731398
                ],
                [
                    5.406510638640877,
                    0.7712855910700849
                ],
                [
                    5.454955135670811,
                    2.1540474893923545
                ],
                [
                    5.5423763224448415,
                    1.5387276279213324
                ],
                [
                    5.747215658149575,
                    1.6905197441462656
                ],
                [
                    5.66401328579155,
                    1.812796552879951
                ],
                [
                    5.717285551792492,
                    1.8974255412652843
                ],
                [
                    5.849802877024508,
                    2.0472225990246153
                ],
                [
                    5.62204305987303,
                    1.9279028727260785
                ],
                [
                    5.760489437958702,
                    1.9225934617224287
                ],
                [
                    5.723577531906778,
                    1.8866245697237318
                ],
                [
                    5.733250083788284,
                    1.8635715495289813
                ],
                [
                    5.718966927867828,
                    1.8846900593474307
                ],
                [
                    5.731233108268864,
                    1.8930582429019618
                ],
                [
                    5.7203606953176624,
                    1.8904523579047745
                ],
                [
                    5.719896016100891,
                    1.8773269118804359
                ],
                [
                    5.719303667659599,
                    1.889219581168155
                ],
                [
                    5.726063232524365,
                    1.88635756328237
                ],
                [
                    5.72363093319505,
                    1.8871217098472493
                ],
                [
                    5.72326195235413,
                    1.8856756706005633
                ],
                [
                    5.723103082345194,
                    1.8867823595000561
                ],
                [
                    5.72455692908639,
                    1.886826513192474
                ],
                [
                    5.723323742273908,
                    1.8870553722565095
                ],
                [
                    5.7235634978704795,
                    1.886374963942899
                ],
                [
                    5.723627453062944,
                    1.8866217629164723
                ],
                [
                    5.723492077449787,
                    1.886676507530582
                ],
                [
                    5.723603500810203,
                    1.8866672969522271
                ],
                [
                    5.723550441620995,
                    1.8865283090546285
                ]
            ]
        },
        "optimization_iterations": 30,
        "qaoa_cut_value": 3,
        "termination_reason": "Return from COBYLA because the trust region radius reaches its lower bound.",
        "total_shots": 1024,