{
    "exact_max_cut_value": 2,
    "graph_metadata": {
        "density_edges": 0.25,
        "filepath": "data/generated_graphs/graph_n4_d0.25_id7.gpickle",
        "id": 7,
        "n_vertices": 4,
        "seed": 331986
    },
    "metrics": {
        "all_trajectories": [
            [
                [
                    2.4319911146462587,
                    3.7699571184700704,
                    1.1064844754349592,
                    2.2111592843616408
                ],
                [
                    2.4319911146462587,
                    4.769957118470071,
                    1.1064844754349592,
                    2.2111592843616408
                ],
                [
                    2.4319911146462587,
                    4.769957118470071,
                    1.1064844754349592,
                    2.2111592843616408
                ],
                [
                    2.4319911146462587,
                    4.818551361201626,
                    1.118257307436934,
                    2.2111592843616408
                ],
                [
                    2.435418960418706,
                    4.8398303784060115,
                    1.2154615565797513,
                    2.2204752517701754
                ],
                [
                    2.435418960418706,
                    4.8398303784060115,
                    1.2154615565797513,
                    2.2204752517701754
                ],
                [
                    2.4866385069051975,
                    4.817042706565658,
                    1.2337084156208742,
                    2.3012485902238256
                ],
                [
                    2.4197984970816537,
                    4.798105778753396,
                    1.261325206245205,
                    2.367664843712212
                ],
                [
                    2.4197984970816537,
                    4.798105778753396,
                    1.261325206245205,
                    2.367664843712212
                ],
                [
                    2.4197984970816537,
                    4.798105778753396,
                    1.261325206245205,
                    2.367664843712212
                ],
                [
                    2.343924831914693,
                    4.808399232234492,
                    1.1971945952630323,
                    2.362715451363888
                ],
                [
                    2.343924831914693,
                    4.808399232234492,
                    1.1971945952630323,
                    2.362715451363888
                ],
                [
                    2.343924831914693,
                    4.808399232234492,
                    1.1971945952630323,
                    2.362715451363888
                ],
                [
                    2.343924831914693,
                    4.808399232234492,
                    1.1971945952630323,
                    2.362715451363888
                ],
                [
                    2.3367505652714335,
                    4.80513021242206,
                    1.2030001325323534,
                    2.3606809625799756
                ],
                [
                    2.3367505652714335,
                    4.80513021242206,
                    1.2030001325323534,
                    2.3606809625799756
                ],
                [
                    2.3367505652714335,
                    4.80513021242206,
                    1.2030001325323534,
                    2.3606809625799756
                ],
                [
                    2.3367505652714335,
                    4.80513021242206,
                    1.2030001325323534,
                    2.3606809625799756
                ],
                [
                    2.3367505652714335,
                    4.80513021242206,
                    1.2030001325323534,
                    2.3606809625799756
                ],
                [
                    2.3367505652714335,
                    4.80513021242206,
                    1.2030001325323534,
                    2.3606809625799756
                ],
                [
                    2.3367505652714335,
                    4.80513021242206,
                    1.2030001325323534,
                    2.3606809625799756
                ],
                [
                    2.3367505652714335,
                    4.80513021242206,
                    1.2030001325323534,
                    2.3606809625799756
                ],
                [
                    2.3367505652714335,
                    4.80513021242206,
                    1.2030001325323534,
                    2.3606809625799756
                ],
                [
                    2.3367505652714335,
                    4.80513021242206,
                    1.2030001325323534,
                    2.3606809625799756
                ]
            ]
        ],
        "approximation_ratio": 1.0,
        "circuit_depth": 13,
        "num_parameters": 0,
        "optimization_history": {
            "fun": [
                -1.4853515625,
                -1.279296875,
                -1.5771484375,
                -1.1982421875,
                -0.8330078125,
                -0.3017578125,
                -1.427734375,
                -1.5615234375,
                -1.1142578125,
                -1.6376953125,
                -1.6630859375,
                -1.62109375,
                -1.6318359375,
                -1.6904296875,
                -1.720703125,
                -1.6875,
                -1.70703125,
                -1.7138671875,
                -1.7431640625,
                -1.73046875,
                -1.68359375,
                -1.7294921875,
                -1.72265625,
                -1.7373046875,
                -1.7607421875,
                -1.7314453125,
                -1.7236328125,
                -1.7314453125,
                -1.740234375,
                -1.736328125,
                -1.73828125,
                -1.716796875,
                -1.7275390625,
                -1.73046875,
                -1.689453125,
                -1.7333984375,
                -1.7421875,
                -1.7431640625,
                -1.7314453125,
                -1.7119140625,
                -1.7294921875
            ],