{
    "exact_max_cut_value": 2,
    "graph_metadata": {
        "density_edges": 0.25,
        "filepath": "data/generated_graphs/graph_n4_d0.25_id0.gpickle",
        "id": 0,
        "n_vertices": 4,
        "seed": 803576
    },
    "metrics": {
        "all_trajectories": [
            [
                [
                    5.040736816500534,
                    5.894528566363912
                ],
                [
                    5.040736816500534,
                    5.894528566363912
                ],
                [
                    5.040736816500534,
                    5.894528566363912
                ],
                [
                    5.08441429562496,
                    5.870191807801291
                ],
                [
                    5.180137057957499,
                    5.841258215362255
                ],
                [
                    5.180137057957499,
                    5.841258215362255
                ],
                [
                    5.135213686114533,
                    5.819306207202209
                ],
                [
                    5.103095515455983,
                    5.724604448435287
                ],
                [
                    5.103095515455983,
                    5.724604448435287
                ],
                [
                    5.135875853157981,
                    5.686849323483263
                ],
                [
                    5.135875853157981,
                    5.686849323483263
                ],
                [
                    5.135875853157981,
                    5.686849323483263
                ],
                [
                    5.145766000721957,
                    5.685371155305152
                ],
                [
                    5.145766000721957,
                    5.685371155305152
                ],
                [
                    5.145766000721957,
                    5.685371155305152
                ],
                [
                    5.145766000721957,
                    5.685371155305152
                ],
                [
                    5.145766000721957,
                    5.685371155305152
                ],
                [
                    5.145766000721957,
                    5.685371155305152
                ],
                [
                    5.145766000721957,
                    5.685371155305152
                ],
                [
                    5.145766000721957,
                    5.685371155305152
                ],
                [
                    5.145766000721957,
                    5.685371155305152
                ]
            ]
        ],
        "approximation_ratio": 1.0,
        "circuit_depth": 3,
        "num_parameters": 0,
        "optimization_history": {
            "fun": [
                -1.69140625,
                -0.408203125,
                -0.07421875,
                -0.3486328125,
                -0.921875,
                -1.66796875,
                -1.712890625,
                -1.755859375,
                -1.4052734375,
                -1.6298828125,
                -1.818359375,
                -1.890625,
                -1.830078125,
                -1.9287109375,
                -1.890625,
                -1.919921875,
                -1.9013671875,
                -1.935546875,
                -1.90625,
                -1.916015625,
                -1.9248046875,
                -1.9033203125,
                -1.9287109375,
                -1.9228515625,
                -1.9111328125,
                -1.9111328125,
                -1.9189453125,
                -1.9140625,
                -1.9140625,
                -1.9111328125
            ],
            "params": [
                [
                    5.040736816500534,
                    5.894528566363912
                ],
                [
                    6.040736816500534,
                    5.894528566363912
                ],
                [
                    5.040736816500534,
                    6.894528566363912
                ],
                [
                    4.4191618832338495,
                    5.111173855945626
                ],
                [
                    4.828190571516935,
                    6.347103525617484
                ],
                [
                    4.919053023687424,
                    5.676141170741784
                ],
                [
                    5.08441429562496,
                    5.870191807801291
                ],
                [
                    5.180137057957499,
                    5.841258215362255
                ],
                [
                    5.372167678097107,
                    5.785363305676332
                ],
                [
                    5.136233041637407,
                    5.931104959048184
                ],
                [
                    5.135213686114533,
                    5.819306207202209
                ],
                [
                    5.103095515455983,
                    5.724604448435287
                ],
                [
                    5.006950024506122,
                    5.6971081837797
                ],
                [
                    5.135875853157981,
                    5.686849323483263
                ],
                [
                    5.180541026086373,
                    5.66437662165912
                ],
                [
                    5.1302576777019455,
                    5.675683030251165
                ],
                [
                    5.127087184947634,
                    5.710253581879726
                ],
                [
                    5.145766000721957,
                    5.685371155305152
                ],
                [
                    5.154553315094184,
                    5.690144320515331
                ],
                [
                    5.145613469681739,
                    5.680373482418521
                ],
                [
                    5.147015418943615,
                    5.685333022545097
                ],
                [
                    5.14352270268807,
                    5.686474610755616
                ],
                [
                    5.145566812061508,
                    5.684391194143907
                ],
                [
                    5.145073018932165,
                    5.686092110393224
                ],
                [
                    5.146262007622529,
                    5.6854342199908645
                ],
                [
                    5.145750234550529,
                    5.685495157030295
                ],
                [
                    5.145736441916065,
                    5.685122908901363
                ],
                [
                    5.145703836933021,
                    5.685449485780352
                ],
                [
                    5.145805165959557,
                    5.68540223719962
                ],
                [
                    5.145723740306614,
                    5.68528052386858
                ]
            ]
        },
        "optimization_iterations": 30,
        "qaoa_cut_value": 2,
        "termination_reason": "Return from COBYLA because the trust region radius reaches its lower bound.",
        "total_shots": 1024,