{
    "exact_max_cut_value": 6,
    "graph_metadata": {
        "density_edges": 0.1,
        "filepath": "data/generated_graphs/graph_n8_d0.10_id1.gpickle",
        "id": 1,
        "n_vertices": 8,
        "seed": 246446
    },
    "metrics": {
        "all_trajectories": [
            [
                [
                    4.799399539115135,
                    3.2721379740394987
                ],
                [
                    4.799399539115135,
                    3.2721379740394987
                ],
                [
                    4.799399539115135,
                    3.2721379740394987
                ],
                [
                    4.799399539115135,
                    3.2721379740394987
                ],
                [
                    4.7966417115233115,
                    3.372099938740948
                ],
                [
                    4.839608884910734,
                    3.4623984548477766
                ],
                [
                    4.839608884910734,
                    3.4623984548477766
                ],
                [
                    4.888262833174009,
                    3.4739220531744515
                ],
                [
                    4.888262833174009,
                    3.4739220531744515
                ],
                [
                    4.888262833174009,
                    3.4739220531744515
                ],
                [
                    4.888979439162162,
                    3.483896343919048
                ],
                [
                    4.888979439162162,
                    3.483896343919048
                ],
                [
                    4.879057592270813,
                    3.4851441236530714
                ],
                [
                    4.879057592270813,
                    3.4851441236530714
                ],
                [
                    4.879057592270813,
                    3.4851441236530714
                ],
                [
                    4.879057592270813,
                    3.4851441236530714
                ],
                [
                    4.879057592270813,
                    3.4851441236530714
                ],
                [
                    4.879057592270813,
                    3.4851441236530714
                ],
                [
                    4.879057592270813,
                    3.4851441236530714
                ],
                [
                    4.879057592270813,
                    3.4851441236530714
                ],
                [
                    4.879057592270813,
                    3.4851441236530714
                ]
            ]
        ],
        "approximation_ratio": 1.0,
        "circuit_depth": 10,
        "num_parameters": 0,
        "optimization_history": {
            "fun": [
                -3.765625,
                -3.3193359375,
                -2.9892578125,
                -2.9384765625,
                -3.3515625,
                -3.5205078125,
                -3.65234375,
                -4.009765625,
                -4.044921875,
                -4.00390625,
                -4.0625,
                -3.9638671875,
                -4.03515625,
                -4.068359375,
                -4.041015625,
                -4.080078125,
                -4.0498046875,
                -4.0390625,
                -4.00390625,
                -4.0087890625,
                -4.03515625,
                -3.984375,
                -3.9228515625,
                -3.97265625,
                -4.0625,
                -4.029296875,
                -4.064453125,
                -3.9951171875
            ],
            "params": [
                [
                    4.799399539115135,
                    3.2721379740394987
                ],
                [
                    5.799399539115135,
                    3.2721379740394987
                ],
                [
                    4.799399539115135,
                    4.272137974039499
                ],
                [
                    4.301030862890638,
                    2.4051727714170155
                ],
                [
                    4.626454268599315,
                    3.741275409559422
                ],
                [
                    4.682115180235154,
                    3.2289016564105437
                ],
                [
                    5.049130433929701,
                    3.2605414152776917
                ],
                [
                    4.7966417115233115,
                    3.372099938740948
                ],
                [
                    4.839608884910734,
                    3.4623984548477766
                ],
                [
                    4.752779934190139,
                    3.512004233913934
                ],
                [
                    4.888262833174009,
                    3.4739220531744515
                ],
                [
                    4.927153573723338,
                    3.505346729776204
                ],
                [
                    4.895623211966645,
                    3.4500301126080406
                ],
                [
                    4.888979439162162,
                    3.483896343919048
                ],
                [
                    4.892658435060724,
                    3.4931949991539923
                ],
                [
                    4.879057592270813,
                    3.4851441236530714
                ],
                [
                    4.870509920024658,
                    3.490334239178983
                ],
                [
                    4.877862466617951,
                    3.480289056745822
                ],
                [
                    4.8790236438250005,
                    3.4876438931430496
                ],
                [
                    4.8785576383728175,
                    3.485137333963909
                ],
                [
                    4.8800382598079075,
                    3.4849484423261905
                ],
                [
                    4.878959751607373,
                    3.4846537898845242
                ],
                [
                    4.879024028896828,
                    3.48614356024432
                ],
                [
                    4.878839047465411,
                    3.4846944146715826
                ],
                [
                    4.878945165025441,
                    3.485198759854422
                ],
                [
                    4.879272164280735,
                    3.4852724157126773
                ],
                [
                    4.879052122542862,
                    3.4850442733547435
                ],
                [
                    4.879141953482156,
                    3.4851978189603225
                ]
            ]
        },
        "optimization_iterations": 28,
        "qaoa_cut_value": 6,
        "termination_reason": "Return from COBYLA because the trust region radius reaches its lower bound.",
        "total_shots": 1024,