{
    "exact_max_cut_value": 2,
    "graph_metadata": {
        "density_edges": 0.1,
        "filepath": "data/generated_graphs/graph_n4_d0.10_id0.gpickle",
        "id": 0,
        "n_vertices": 4,
        "seed": 146019
    },
    "metrics": {
        "all_trajectories": [
            [
                [
                    4.435240640329447,
                    1.3030719763159888
                ],
                [
                    4.421780321405167,
                    0.3031625705124148
                ],
                [
                    4.421780321405167,
                    0.3031625705124148
                ],
                [
                    4.421780321405167,
                    0.3031625705124148
                ],
                [
                    4.545541313269329,
                    0.3207186775068181
                ],
                [
                    4.58102267507107,
                    0.568188014930051
                ],
                [
                    4.58102267507107,
                    0.568188014930051
                ],
                [
                    4.58102267507107,
                    0.568188014930051
                ],
                [
                    4.58102267507107,
                    0.568188014930051
                ],
                [
                    4.58102267507107,
                    0.568188014930051
                ],
                [
                    4.58102267507107,
                    0.568188014930051
                ],
                [
                    4.58102267507107,
                    0.568188014930051
                ],
                [
                    4.579821689800102,
                    0.5781156347041418
                ],
                [
                    4.579821689800102,
                    0.5781156347041418
                ],
                [
                    4.579821689800102,
                    0.5781156347041418
                ],
                [
                    4.579821689800102,
                    0.5781156347041418
                ],
                [
                    4.579821689800102,
                    0.5781156347041418
                ],
                [
                    4.579821689800102,
                    0.5781156347041418
                ],
                [
                    4.579821689800102,
                    0.5781156347041418
                ],
                [
                    4.579821689800102,
                    0.5781156347041418
                ],
                [
                    4.579821689800102,
                    0.5781156347041418
                ]
            ]
        ],
        "approximation_ratio": 1.0,
        "circuit_depth": 7,
        "num_parameters": 0,
        "optimization_history": {
            "fun": [
                -1.0537109375,
                -1.046875,
                -0.5458984375,
                -1.474609375,
                -0.9970703125,
                -1.2333984375,
                -0.6025390625,
                -1.5380859375,
                -1.654296875,
                -1.54296875,
                -1.6064453125,
                -1.640625,
                -1.62109375,
                -1.619140625,
                -1.626953125,
                -1.6259765625,
                -1.6357421875,
                -1.63671875,
                -1.6630859375,
                -1.6298828125,
                -1.64453125,
                -1.6396484375,
                -1.6474609375,
                -1.6630859375,
                -1.6474609375,
                -1.64453125,
                -1.6552734375,
                -1.6474609375,
                -1.591796875,
                -1.630859375,
                -1.634765625,
                -1.6484375,
                -1.6455078125
            ],
            "params": [
                [
                    4.435240640329447,
                    1.3030719763159888
                ],
                [
                    5.435240640329447,
                    1.3030719763159888
                ],
                [
                    4.435240640329447,
                    2.303071976315989
                ],
                [
                    4.421780321405167,
                    0.3031625705124148
                ],
                [
                    4.389297848427114,
                    -1.6965736343279205
                ],
                [
                    3.484999339313765,
                    0.6530788341982674
                ],
                [
                    4.49200474938278,
                    -0.19188139694423145
                ],
                [
                    4.545541313269329,
                    0.3207186775068181
                ],
                [
                    4.58102267507107,
                    0.568188014930051
                ],
                [
                    4.768007041688876,
                    0.7341303140600135
                ],
                [
                    4.493338440940555,
                    0.6162658173438987
                ],
                [
                    4.556983773864146,
                    0.5243458978647934
                ],
                [
                    4.681007179875461,
                    0.5699483555279589
                ],
                [
                    4.571382818405507,
                    0.5191260830126531
                ],
                [
                    4.570937077961317,
                    0.5910633451121435
                ],
                [
                    4.585597741107488,
                    0.5702051343520015
                ],
                [
                    4.572803409737989,
                    0.562492079766761
                ],
                [
                    4.583870642652715,
                    0.5640783822635103
                ],
                [
                    4.579821689800102,
                    0.5781156347041418
                ],
                [
                    4.587996099792251,
                    0.5838757580778428
                ],
                [
                    4.574839267165058,
                    0.5785345197549606
                ],
                [
                    4.582180100938877,
                    0.5789450302072068
                ],
                [
                    4.57965581069949,
                    0.5785873169318968
                ],
                [
                    4.579868382743965,
                    0.5771167254144697
                ],
                [
                    4.579322235155266,
                    0.5780922882322105
                ],
                [
                    4.580820599089774,
                    0.5781623276480046
                ],
                [
                    4.579322235155266,
                    0.5780922882322105
                ],
                [
                    4.579827526418085,
                    0.5779907710429328
                ],
                [
                    4.57984108156846,
                    0.578364881488113
                ],
                [
                    4.579871539156897,
                    0.5781117563504704
                ],
                [
                    4.579727377408659,
                    0.5780823905645047
                ],
                [
                    4.579838311869921,
                    0.5780684785084201
                ],
                [
                    4.579863336846191,
                    0.5782065496289456
                ]
            ]
        },
        "optimization_iterations": 33,
        "qaoa_cut_value": 2,
        "termination_reason": "Return from COBYLA because the trust region radius reaches its lower bound.",
        "total_shots": 1024,