{
    "exact_max_cut_value": 2,
    "graph_metadata": {
        "density_edges": 0.5,
        "filepath": "data/generated_graphs/graph_n4_d0.50_id3.gpickle",
        "id": 3,
        "n_vertices": 4,
        "seed": 117308
    },
    "metrics": {
        "all_trajectories": [
            [
                [
                    6.189080881711996,
                    4.435653299816523,
                    6.0354605569139075,
                    6.05079043587479
                ],
                [
                    7.189080881711996,
                    5.435653299816523,
                    6.0354605569139075,
                    6.05079043587479
                ],
                [
                    7.189080881711996,
                    5.435653299816523,
                    6.0354605569139075,
                    6.05079043587479
                ],
                [
                    7.429765608302959,
                    5.47084640464293,
                    5.982497818830889,
                    6.027828377315921
                ],
                [
                    7.392262437951972,
                    5.473411256934523,
                    5.863311597819107,
                    6.025263525024328
                ],
                [
                    7.393643707662098,
                    5.441237071889633,
                    5.863007649052122,
                    5.987016675143166
                ],
                [
                    7.440489062623881,
                    5.435361001041173,
                    5.847995476623464,
                    5.993770873012693
                ],
                [
                    7.4888156524091105,
                    5.464192725156336,
                    5.782767169501315,
                    5.942991543022471
                ],
                [
                    7.4888156524091105,
                    5.464192725156336,
                    5.782767169501315,
                    5.942991543022471
                ],
                [
                    7.494924638121502,
                    5.435752695230926,
                    5.744118900444538,
                    5.955646830072654
                ],
                [
                    7.481886790516773,
                    5.437490023399517,
                    5.698853517375638,
                    5.938972259124761
                ],
                [
                    7.481886790516773,
                    5.437490023399517,
                    5.698853517375638,
                    5.938972259124761
                ],
                [
                    7.495072764647979,
                    5.421490749728441,
                    5.685245140609585,
                    5.935815455361092
                ],
                [
                    7.504984234697395,
                    5.430450226835852,
                    5.673228613259963,
                    5.918434615281364
                ],
                [
                    7.504984234697395,
                    5.430450226835852,
                    5.673228613259963,
                    5.918434615281364
                ],
                [
                    7.504984234697395,
                    5.430450226835852,
                    5.673228613259963,
                    5.918434615281364
                ],
                [
                    7.504984234697395,
                    5.430450226835852,
                    5.673228613259963,
                    5.918434615281364
                ],
                [
                    7.504984234697395,
                    5.430450226835852,
                    5.673228613259963,
                    5.918434615281364
                ],
                [
                    7.504984234697395,
                    5.430450226835852,
                    5.673228613259963,
                    5.918434615281364
                ],
                [
                    7.504984234697395,
                    5.430450226835852,
                    5.673228613259963,
                    5.918434615281364
                ],
                [
                    7.504984234697395,
                    5.430450226835852,
                    5.673228613259963,
                    5.918434615281364
                ],
                [
                    7.504984234697395,
                    5.430450226835852,
                    5.673228613259963,
                    5.918434615281364
                ],
                [
                    7.504984234697395,
                    5.430450226835852,
                    5.673228613259963,
                    5.918434615281364
                ],
                [
                    7.504984234697395,
                    5.430450226835852,
                    5.673228613259963,
                    5.918434615281364
                ],
                [
                    7.505015953258294,
                    5.430419776433618,
                    5.673212480270564,
                    5.918452120496342
                ]
            ]
        ],
        "approximation_ratio": 1.0,
        "circuit_depth": 5,
        "num_parameters": 0,
        "optimization_history": {
            "fun": [
                -0.21484375,
                -0.900390625,
                -1.1982421875,
                -0.75,
                -1.00390625,
                -0.259765625,
                -0.32421875,
                -1.587890625,
                -0.650390625,
                -1.724609375,
                -1.361328125,
                -1.7490234375,
                -1.640625,
                -1.8095703125,
                -1.8828125,
                -1.7890625,
                -1.9423828125,
                -1.9697265625,
                -1.9677734375,
                -1.9609375,
                -1.9775390625,
                -1.9912109375,
                -1.9912109375,
                -1.98828125,
                -1.9853515625,
                -1.9853515625,
                -1.9853515625,
                -1.986328125,
                -1.9853515625,
                -1.98046875,
                -1.984375,
                -1.9853515625,
                -1.9833984375,
                -1.9853515625,
                -1.98046875,
                -1.9853515625,
                -1.984375,
                -1.98046875,
                -1.9912109375,
                -1.9853515625,
                -1.994140625,
                -1.982421875
            ],