{
    "exact_max_cut_value": 3,
    "graph_metadata": {
        "density_edges": 0.5,
        "filepath": "data/generated_graphs/graph_n4_d0.50_id1.gpickle",
        "id": 1,
        "n_vertices": 4,
        "seed": 558382
    },
    "metrics": {
        "all_trajectories": [
            [
                [
                    2.7204907890516083,
                    4.427745559156913,
                    3.4124862452854603,
                    2.1916205693868966
                ],
                [
                    2.7204907890516083,
                    4.427745559156913,
                    4.412486245285461,
                    2.1916205693868966
                ],
                [
                    3.16380247055357,
                    4.335110070852073,
                    4.55156921932298,
                    2.031778942507957
                ],
                [
                    3.16380247055357,
                    4.335110070852073,
                    4.55156921932298,
                    2.031778942507957
                ],
                [
                    3.16380247055357,
                    4.335110070852073,
                    4.55156921932298,
                    2.031778942507957
                ],
                [
                    3.16380247055357,
                    4.335110070852073,
                    4.55156921932298,
                    2.031778942507957
                ],
                [
                    3.16380247055357,
                    4.335110070852073,
                    4.55156921932298,
                    2.031778942507957
                ],
                [
                    3.16380247055357,
                    4.335110070852073,
                    4.55156921932298,
                    2.031778942507957
                ],
                [
                    3.165591729721508,
                    4.336696897685319,
                    4.549578683290472,
                    2.035692802308017
                ],
                [
                    3.165591729721508,
                    4.336696897685319,
                    4.549578683290472,
                    2.035692802308017
                ],
                [
                    3.165591729721508,
                    4.336696897685319,
                    4.549578683290472,
                    2.035692802308017
                ],
                [
                    3.165591729721508,
                    4.336696897685319,
                    4.549578683290472,
                    2.035692802308017
                ],
                [
                    3.165807244397044,
                    4.335518230843817,
                    4.549325887158638,
                    2.0359435851166436
                ],
                [
                    3.165807244397044,
                    4.335518230843817,
                    4.549325887158638,
                    2.0359435851166436
                ],
                [
                    3.165807244397044,
                    4.335518230843817,
                    4.549325887158638,
                    2.0359435851166436
                ],
                [
                    3.165807244397044,
                    4.335518230843817,
                    4.549325887158638,
                    2.0359435851166436
                ],
                [
                    3.165807244397044,
                    4.335518230843817,
                    4.549325887158638,
                    2.0359435851166436
                ],
                [
                    3.165807244397044,
                    4.335518230843817,
                    4.549325887158638,
                    2.0359435851166436
                ],
                [
                    3.165807244397044,
                    4.335518230843817,
                    4.549325887158638,
                    2.0359435851166436
                ]
            ]
        ],
        "approximation_ratio": 1.0,
        "circuit_depth": 11,
        "num_parameters": 0,
        "optimization_history": {
            "fun": [
                -2.123046875,
                -1.3740234375,
                -1.7744140625,
                -2.646484375,
                -2.044921875,
                -2.2177734375,
                -2.7138671875,
                -2.5595703125,
                -2.67578125,
                -2.5966796875,
                -2.6494140625,
                -2.60546875,
                -2.681640625,
                -2.703125,
                -2.703125,
                -2.71484375,
                -2.6923828125,
                -2.6923828125,
                -2.6923828125,
                -2.7080078125,
                -2.6845703125,
                -2.6748046875,
                -2.71875,
                -2.7138671875,
                -2.716796875,
                -2.6826171875,
                -2.7080078125,
                -2.693359375,
                -2.7060546875,
                -2.6845703125,
                -2.69140625,
                -2.64453125,
                -2.7041015625,
                -2.7041015625,
                -2.705078125
            ],