{
    "exact_max_cut_value": 3,
    "graph_metadata": {
        "density_edges": 0.5,
        "filepath": "data/generated_graphs/graph_n4_d0.50_id6.gpickle",
        "id": 6,
        "n_vertices": 4,
        "seed": 587759
    },
    "metrics": {
        "all_trajectories": [
            [
                [
                    1.5137264129864383,
                    1.8821096019435326
                ],
                [
                    0.5196436086223731,
                    2.990734544142255
                ],
                [
                    0.5196436086223731,
                    2.990734544142255
                ],
                [
                    0.5196436086223731,
                    2.990734544142255
                ],
                [
                    0.5196436086223731,
                    2.990734544142255
                ],
                [
                    0.5196436086223731,
                    2.990734544142255
                ],
                [
                    0.5102418029340693,
                    2.941626438397894
                ],
                [
                    0.525052543120036,
                    2.8427293101527127
                ],
                [
                    0.5383474113328844,
                    2.6431716831894643
                ],
                [
                    0.48845800459207234,
                    2.6398479661362524
                ],
                [
                    0.389961740930808,
                    2.6225712174614957
                ],
                [
                    0.389961740930808,
                    2.6225712174614957
                ],
                [
                    0.389961740930808,
                    2.6225712174614957
                ],
                [
                    0.3926613698106482,
                    2.634776216597552
                ],
                [
                    0.3975433694650707,
                    2.633696365045616
                ],
                [
                    0.3975433694650707,
                    2.633696365045616
                ],
                [
                    0.3975433694650707,
                    2.633696365045616
                ],
                [
                    0.3975433694650707,
                    2.633696365045616
                ],
                [
                    0.3975433694650707,
                    2.633696365045616
                ],
                [
                    0.3975433694650707,
                    2.633696365045616
                ],
                [
                    0.39754879816193134,
                    2.6331963945172343
                ],
                [
                    0.39754879816193134,
                    2.6331963945172343
                ],
                [
                    0.39754879816193134,
                    2.6331963945172343
                ],
                [
                    0.39754879816193134,
                    2.6331963945172343
                ],
                [
                    0.39754879816193134,
                    2.6331963945172343
                ]
            ]
        ],
        "approximation_ratio": 1.0,
        "circuit_depth": 5,
        "num_parameters": 0,
        "optimization_history": {
            "fun": [
                -1.34375,
                -1.048828125,
                -1.3759765625,
                -1.8828125,
                -1.5009765625,
                -1.62109375,
                -0.8623046875,
                -0.978515625,
                -1.7490234375,
                -1.958984375,
                -2.146484375,
                -2.185546875,
                -1.6875,
                -2.2763671875,
                -2.32421875,
                -2.2861328125,
                -2.2470703125,
                -2.2861328125,
                -2.326171875,
                -2.29296875,
                -2.353515625,
                -2.3193359375,
                -2.33203125,
                -2.314453125,
                -2.2939453125,
                -2.2802734375,
                -2.326171875,
                -2.2978515625,
                -2.34375,
                -2.373046875,
                -2.3056640625,
                -2.3515625,
                -2.2783203125,
                -2.294921875,
                -2.3037109375,
                -2.3330078125,
                -2.3505859375,
                -2.32421875
            ],