{
    "exact_max_cut_value": 8,
    "graph_metadata": {
        "density_edges": 0.25,
        "filepath": "data/generated_graphs/graph_n8_d0.25_id1.gpickle",
        "id": 1,
        "n_vertices": 8,
        "seed": 961498
    },
    "metrics": {
        "all_trajectories": [
            [
                [
                    1.4848168159645476,
                    2.3424992720656443
                ],
                [
                    2.484816815964548,
                    3.3424992720656443
                ],
                [
                    2.484816815964548,
                    3.3424992720656443
                ],
                [
                    2.5146302937854377,
                    3.590715219458682
                ],
                [
                    2.5642734832640453,
                    3.584752523894504
                ],
                [
                    2.664171070471048,
                    3.5892771310840024
                ],
                [
                    2.8628582429518534,
                    3.612155231782764
                ],
                [
                    2.8628582429518534,
                    3.612155231782764
                ],
                [
                    2.8793546465616213,
                    3.5135252735147833
                ],
                [
                    2.8793546465616213,
                    3.5135252735147833
                ],
                [
                    2.779413331432169,
                    3.510099849424908
                ],
                [
                    2.779413331432169,
                    3.510099849424908
                ],
                [
                    2.7650688330657243,
                    3.462201672355054
                ],
                [
                    2.7650688330657243,
                    3.462201672355054
                ],
                [
                    2.7650688330657243,
                    3.462201672355054
                ],
                [
                    2.756886037614303,
                    3.4564534675396184
                ],
                [
                    2.756886037614303,
                    3.4564534675396184
                ],
                [
                    2.756886037614303,
                    3.4564534675396184
                ],
                [
                    2.756886037614303,
                    3.4564534675396184
                ],
                [
                    2.756886037614303,
                    3.4564534675396184
                ],
                [
                    2.757788129939887,
                    3.456885010626833
                ],
                [
                    2.757788129939887,
                    3.456885010626833
                ],
                [
                    2.757788129939887,
                    3.456885010626833
                ],
                [
                    2.757788129939887,
                    3.456885010626833
                ],
                [
                    2.757788129939887,
                    3.456885010626833
                ],
                [
                    2.757788129939887,
                    3.456885010626833
                ]
            ]
        ],
        "approximation_ratio": 1.0,
        "circuit_depth": 8,
        "num_parameters": 0,
        "optimization_history": {
            "fun": [
                -4.306640625,
                -4.3173828125,
                -5.0107421875,
                -4.478515625,
                -4.515625,
                -4.6025390625,
                -5.2373046875,
                -4.515625,
                -5.509765625,
                -5.9765625,
                -6.01171875,
                -5.6689453125,
                -6.1083984375,
                -5.96875,
                -5.84765625,
                -6.2119140625,
                -6.05078125,
                -6.302734375,
                -6.1103515625,
                -6.2099609375,
                -6.2705078125,
                -6.310546875,
                -6.228515625,
                -6.2353515625,
                -6.2099609375,
                -6.203125,
                -6.20703125,
                -6.3349609375,
                -6.166015625,
                -6.2998046875,
                -6.1982421875,
                -6.21875,
                -6.2578125,
                -6.23046875,
                -6.23046875,
                -6.2314453125
            ],