{
    "exact_max_cut_value": 3,
    "graph_metadata": {
        "density_edges": 0.5,
        "filepath": "data/generated_graphs/graph_n4_d0.50_id9.gpickle",
        "id": 9,
        "n_vertices": 4,
        "seed": 310026
    },
    "metrics": {
        "all_trajectories": [
            [
                [
                    3.6688902279958535,
                    0.09424970985672095
                ],
                [
                    4.6688902279958535,
                    0.09424970985672095
                ],
                [
                    4.748664531232073,
                    0.5878447468487633
                ],
                [
                    4.748664531232073,
                    0.5878447468487633
                ],
                [
                    4.661464526056023,
                    0.4982838229070303
                ],
                [
                    4.422762684527662,
                    0.4239774917436021
                ],
                [
                    4.422762684527662,
                    0.4239774917436021
                ],
                [
                    4.422762684527662,
                    0.4239774917436021
                ],
                [
                    4.414430409530223,
                    0.3746766480047059
                ],
                [
                    4.414430409530223,
                    0.3746766480047059
                ],
                [
                    4.414430409530223,
                    0.3746766480047059
                ],
                [
                    4.414430409530223,
                    0.3746766480047059
                ],
                [
                    4.414430409530223,
                    0.3746766480047059
                ],
                [
                    4.4187258175833914,
                    0.372117454839512
                ],
                [
                    4.4187258175833914,
                    0.372117454839512
                ],
                [
                    4.4187258175833914,
                    0.372117454839512
                ],
                [
                    4.4187258175833914,
                    0.372117454839512
                ],
                [
                    4.418337922373397,
                    0.37243295017396777
                ],
                [
                    4.418337922373397,
                    0.37243295017396777
                ],
                [
                    4.418337922373397,
                    0.37243295017396777
                ],
                [
                    4.418337922373397,
                    0.37243295017396777
                ],
                [
                    4.418337922373397,
                    0.37243295017396777
                ]
            ]
        ],
        "approximation_ratio": 1.0,
        "circuit_depth": 9,
        "num_parameters": 0,
        "optimization_history": {
            "fun": [
                -1.6689453125,
                -1.76953125,
                -1.5146484375,
                -1.2275390625,
                -2.1748046875,
                -1.4638671875,
                -2.0498046875,
                -2.232421875,
                -2.234375,
                -2.2177734375,
                -2.205078125,
                -2.23046875,
                -2.23828125,
                -2.216796875,
                -2.2255859375,
                -2.2119140625,
                -2.2353515625,
                -2.21484375,
                -2.267578125,
                -2.2451171875,
                -2.23828125,
                -2.2197265625,
                -2.2607421875,
                -2.236328125,
                -2.26953125,
                -2.1708984375,
                -2.2294921875,
                -2.2197265625,
                -2.236328125,
                -2.220703125,
                -2.2294921875
            ],
            "params": [
                [
                    3.6688902279958535,
                    0.09424970985672095
                ],
                [
                    4.6688902279958535,
                    0.09424970985672095
                ],
                [
                    4.6688902279958535,
                    1.094249709856721
                ],
                [
                    5.035975617199923,
                    -0.8359375385147546
                ],
                [
                    4.748664531232073,
                    0.5878447468487633
                ],
                [
                    4.872680971160665,
                    1.5801249102237236
                ],
                [
                    5.106908226999005,
                    0.23904472614456407
                ],
                [
                    4.661464526056023,
                    0.4982838229070303
                ],
                [
                    4.422762684527662,
                    0.4239774917436021
                ],
                [
                    4.391469064641028,
                    0.5189549067136408
                ],
                [
                    4.375273977042642,
                    0.4083306818002855
                ],
                [
                    4.5226737151492395,
                    0.42819483215363063
                ],
                [
                    4.414430409530223,
                    0.3746766480047059
                ],
                [
                    4.392346769143453,
                    0.3298178380866109
                ],
                [
                    4.4256451120097475,
                    0.36915573790801315
                ],
                [
                    4.398075996820957,
                    0.3935851959377173
                ],
                [
                    4.408348690414286,
                    0.36673859455346003
                ],
                [
                    4.40833618867605,
                    0.38260510763949984
                ],
                [
                    4.4187258175833914,
                    0.372117454839512
                ],
                [
                    4.426957399547882,
                    0.36643933381562704
                ],
                [
                    4.419344791667007,
                    0.37707899402446377
                ],
                [
                    4.417485432787154,
                    0.372272198360416
                ],
                [
                    4.42113120345667,
                    0.3714361921877885
                ],
                [
                    4.41809482691448,
                    0.3713416644195231
                ],
                [
                    4.418337922373397,
                    0.37243295017396777
                ],
                [
                    4.418867815495731,
                    0.3732810146048358
                ],
                [
                    4.418007510545394,
                    0.3720576795730471
                ],
                [
                    4.418486059186788,
                    0.3726343340971558
                ],
                [
                    4.418273317757201,
                    0.37235662033991773
                ],
                [
                    4.4182997574563725,
                    0.372465252482066
                ],
                [
                    4.418430985782426,
                    0.37239635506637175
                ]
            ]
        },
        "optimization_iterations": 31,
        "qaoa_cut_value": 3,
        "termination_reason": "Return from COBYLA because the trust region radius reaches its lower bound.",
        "total_shots": 1024,