{
    "exact_max_cut_value": 3,
    "graph_metadata": {
        "density_edges": 0.75,
        "filepath": "data/generated_graphs/graph_n4_d0.75_id1.gpickle",
        "id": 1,
        "n_vertices": 4,
        "seed": 539004
    },
    "metrics": {
        "all_trajectories": [
            [
                [
                    1.8422681665566767,
                    6.198301367219787
                ],
                [
                    1.8422681665566767,
                    6.198301367219787
                ],
                [
                    1.8163448652422007,
                    6.076018979080861
                ],
                [
                    1.865257820497771,
                    6.0656496585550705
                ],
                [
                    1.9186301217713084,
                    5.981083722997266
                ],
                [
                    1.9186301217713084,
                    5.981083722997266
                ],
                [
                    1.8931761646841248,
                    5.938047737257379
                ],
                [
                    1.8905391882551141,
                    5.933799637056954
                ],
                [
                    1.8905391882551141,
                    5.933799637056954
                ],
                [
                    1.8905391882551141,
                    5.933799637056954
                ],
                [
                    1.8905391882551141,
                    5.933799637056954
                ],
                [
                    1.8885529796349474,
                    5.932281422540763
                ],
                [
                    1.8885529796349474,
                    5.932281422540763
                ],
                [
                    1.8885529796349474,
                    5.932281422540763
                ],
                [
                    1.8885529796349474,
                    5.932281422540763
                ],
                [
                    1.8875815009952337,
                    5.9320442954596855
                ],
                [
                    1.8875815009952337,
                    5.9320442954596855
                ],
                [
                    1.8875815009952337,
                    5.9320442954596855
                ],
                [
                    1.8875815009952337,
                    5.9320442954596855
                ],
                [
                    1.8875815009952337,
                    5.9320442954596855
                ]
            ]
        ],
        "approximation_ratio": 1.0,
        "circuit_depth": 5,
        "num_parameters": 0,
        "optimization_history": {
            "fun": [
                -2.3017578125,
                -1.69140625,
                -1.90625,
                -0.951171875,
                -1.87109375,
                -2.5400390625,
                -2.3076171875,
                -2.6328125,
                -2.71484375,
                -2.603515625,
                -2.7158203125,
                -2.7041015625,
                -2.720703125,
                -2.6875,
                -2.7109375,
                -2.7177734375,
                -2.7197265625,
                -2.7353515625,
                -2.732421875,
                -2.7236328125,
                -2.7080078125,
                -2.7041015625,
                -2.7353515625,
                -2.7412109375,
                -2.71484375,
                -2.693359375,
                -2.6787109375,
                -2.7119140625,
                -2.7041015625,
                -2.6884765625,
                -2.703125
            ],
            "params": [
                [
                    1.8422681665566767,
                    6.198301367219787
                ],
                [
                    2.8422681665566767,
                    6.198301367219787
                ],
                [
                    1.8422681665566767,
                    7.198301367219787
                ],
                [
                    1.0030584401277935,
                    5.6544934644938705
                ],
                [
                    2.33139771911238,
                    6.094608161961883
                ],
                [
                    1.8163448652422007,
                    6.076018979080861
                ],
                [
                    1.6683950563026273,
                    5.874497630249667
                ],
                [
                    1.865257820497771,
                    6.0656496585550705
                ],
                [
                    1.9186301217713084,
                    5.981083722997266
                ],
                [
                    2.017740819312687,
                    5.9943904743987675
                ],
                [
                    1.8931761646841248,
                    5.938047737257379
                ],
                [
                    1.914416665686245,
                    5.924862855112326
                ],
                [
                    1.8905391882551141,
                    5.933799637056954
                ],
                [
                    1.8821080282797342,
                    5.928422319745362
                ],
                [
                    1.887850529599318,
                    5.9380152170446445
                ],
                [
                    1.900532701615258,
                    5.934159763035782
                ],
                [
                    1.8901517190615564,
                    5.938784601211695
                ],
                [
                    1.8885529796349474,
                    5.932281422540763
                ],
                [
                    1.8835810709823255,
                    5.931752154791903
                ],
                [
                    1.8889362181049547,
                    5.929810971514107
                ],
                [
                    1.8880588894296162,
                    5.9322047748467615
                ],
                [
                    1.889524458274661,
                    5.93251854962184
                ],
                [
                    1.8884344160944089,
                    5.93276716186062
                ],
                [
                    1.8875815009952337,
                    5.9320442954596855
                ],
                [
                    1.88661002235552,
                    5.931807168378608
                ],
                [
                    1.8878751539802519,
                    5.931639612961435
                ],
                [
                    1.8876826716197963,
                    5.93211770870594
                ],
                [
                    1.8873551650062537,
                    5.931938125689541
                ],
                [
                    1.8876144224623583,
                    5.9321387209700225
                ],
                [
                    1.887628713750402,
                    5.9320278347261235
                ],
                [
                    1.8874815014018884,
                    5.932044010274136
                ]
            ]
        },
        "optimization_iterations": 31,
        "qaoa_cut_value": 3,
        "termination_reason": "Return from COBYLA because the trust region radius reaches its lower bound.",
        "total_shots": 1024,