{
    "exact_max_cut_value": 12,
    "graph_metadata": {
        "density_edges": 0.5,
        "filepath": "data/generated_graphs/graph_n8_d0.50_id7.gpickle",
        "id": 7,
        "n_vertices": 8,
        "seed": 876487
    },
    "metrics": {
        "all_trajectories": [
            [
                [
                    0.5328489688650335,
                    3.3686443770717838
                ],
                [
                    0.5328489688650335,
                    4.368644377071783
                ],
                [
                    0.5328489688650335,
                    4.368644377071783
                ],
                [
                    0.6919725741966612,
                    4.175824050792979
                ],
                [
                    0.6919725741966612,
                    4.175824050792979
                ],
                [
                    0.7633323803535753,
                    4.2458795863718874
                ],
                [
                    0.7633323803535753,
                    4.2458795863718874
                ],
                [
                    0.7633323803535753,
                    4.2458795863718874
                ],
                [
                    0.7633323803535753,
                    4.2458795863718874
                ],
                [
                    0.7521398241574525,
                    4.223525018923676
                ],
                [
                    0.7521398241574525,
                    4.223525018923676
                ],
                [
                    0.7521398241574525,
                    4.223525018923676
                ],
                [
                    0.7521398241574525,
                    4.223525018923676
                ],
                [
                    0.7521398241574525,
                    4.223525018923676
                ],
                [
                    0.7521398241574525,
                    4.223525018923676
                ],
                [
                    0.7529953613940978,
                    4.224042760207247
                ],
                [
                    0.7529953613940978,
                    4.224042760207247
                ],
                [
                    0.7533196431649746,
                    4.223662179948856
                ],
                [
                    0.7533196431649746,
                    4.223662179948856
                ],
                [
                    0.7533196431649746,
                    4.223662179948856
                ],
                [
                    0.7533196431649746,
                    4.223662179948856
                ]
            ]
        ],
        "approximation_ratio": 1.0,
        "circuit_depth": 15,
        "num_parameters": 0,
        "optimization_history": {
            "fun": [
                -7.201171875,
                -6.080078125,
                -7.990234375,
                -7.91015625,
                -7.982421875,
                -8.0029296875,
                -7.943359375,
                -7.9462890625,
                -8.0595703125,
                -7.8857421875,
                -8.052734375,
                -8.0341796875,
                -8.009765625,
                -8.064453125,
                -7.9970703125,
                -7.974609375,
                -7.9873046875,
                -7.96875,
                -8.0341796875,
                -7.8671875,
                -8.0361328125,
                -7.9169921875,
                -8.03125,
                -8.08984375,
                -8.03125,
                -8.1181640625,
                -8.076171875,
                -8.0234375,
                -8.05078125,
                -8.044921875,
                -7.9287109375,
                -7.9580078125,
                -7.9619140625
            ],
            "params": [
                [
                    0.5328489688650335,
                    3.3686443770717838
                ],
                [
                    1.5328489688650335,
                    3.3686443770717838
                ],
                [
                    0.5328489688650335,
                    4.368644377071783
                ],
                [
                    -0.28490778022827157,
                    4.944208360754179
                ],
                [
                    0.8517124612076825,
                    4.753775618664892
                ],
                [
                    0.6919725741966612,
                    4.175824050792979
                ],
                [
                    0.8266390852516255,
                    3.965194207702587
                ],
                [
                    0.6498466055785829,
                    4.148890748581986
                ],
                [
                    0.7633323803535753,
                    4.2458795863718874
                ],
                [
                    0.818009166127002,
                    4.329608011040496
                ],
                [
                    0.7214681680192712,
                    4.273217979258601
                ],
                [
                    0.7153890385237743,
                    4.158121760657078
                ],
                [
                    0.8068056774769312,
                    4.270579230847556
                ],
                [
                    0.7521398241574525,
                    4.223525018923676
                ],
                [
                    0.7538556283109988,
                    4.198583968101655
                ],
                [
                    0.7476689106678103,
                    4.225763530162901
                ],
                [
                    0.7610324625431776,
                    4.21895107286576
                ],
                [
                    0.7498528511284943,
                    4.219078699730814
                ],
                [
                    0.753057736008235,
                    4.23348280170069
                ],
                [
                    0.7472553864027084,
                    4.222456249622082
                ],
                [
                    0.752407016482851,
                    4.222303909484991
                ],
                [
                    0.7539915616939993,
                    4.225204622476824
                ],
                [
                    0.7516513803819781,
                    4.223418141993517
                ],
                [
                    0.7529953613940978,
                    4.224042760207247
                ],
                [
                    0.7534615404062034,
                    4.224927450621275
                ],
                [
                    0.7533196431649746,
                    4.223662179948856
                ],
                [
                    0.7537374181549924,
                    4.223387472727044
                ],
                [
                    0.7532509663595216,
                    4.223557736201351
                ],
                [
                    0.7534331519360247,
                    4.223884925900323
                ],
                [
                    0.7532750939746813,
                    4.223684881703066
                ],
                [
                    0.75339905421897,
                    4.223601402613415
                ],
                [
                    0.7532892544972539,
                    4.223622474421858
                ],
                [
                    0.7533315284704596,
                    4.223761471134333
                ]
            ]
        },
        "optimization_iterations": 33,
        "qaoa_cut_value": 12,
        "termination_reason": "Return from COBYLA because the trust region radius reaches its lower bound.",
        "total_shots": 1024,