{
    "exact_max_cut_value": 4,
    "graph_metadata": {
        "density_edges": 0.75,
        "filepath": "data/generated_graphs/graph_n4_d0.75_id0.gpickle",
        "id": 0,
        "n_vertices": 4,
        "seed": 126659
    },
    "metrics": {
        "all_trajectories": [
            [
                [
                    2.3506683107224293,
                    3.6758786116242077,
                    0.9451711966969447,
                    1.8265173671902257
                ],
                [
                    3.3506683107224293,
                    3.6758786116242077,
                    0.9451711966969447,
                    2.8265173671902257
                ],
                [
                    3.3506683107224293,
                    3.6758786116242077,
                    0.9451711966969447,
                    2.8265173671902257
                ],
                [
                    3.348925321308711,
                    3.637024866496012,
                    0.9673899779125837,
                    2.8487361484058646
                ],
                [
                    3.348925321308711,
                    3.637024866496012,
                    0.9673899779125837,
                    2.8487361484058646
                ],
                [
                    3.348925321308711,
                    3.637024866496012,
                    0.9673899779125837,
                    2.8487361484058646
                ],
                [
                    3.348925321308711,
                    3.637024866496012,
                    0.9673899779125837,
                    2.8487361484058646
                ],
                [
                    3.348925321308711,
                    3.637024866496012,
                    0.9673899779125837,
                    2.8487361484058646
                ],
                [
                    3.348925321308711,
                    3.637024866496012,
                    0.9673899779125837,
                    2.8487361484058646
                ],
                [
                    3.348925321308711,
                    3.637024866496012,
                    0.9673899779125837,
                    2.8487361484058646
                ],
                [
                    3.348925321308711,
                    3.637024866496012,
                    0.9673899779125837,
                    2.8487361484058646
                ],
                [
                    3.348925321308711,
                    3.637024866496012,
                    0.9673899779125837,
                    2.8487361484058646
                ],
                [
                    3.348925321308711,
                    3.637024866496012,
                    0.9673899779125837,
                    2.8487361484058646
                ],
                [
                    3.348925321308711,
                    3.637024866496012,
                    0.9673899779125837,
                    2.8487361484058646
                ],
                [
                    3.348925321308711,
                    3.637024866496012,
                    0.9673899779125837,
                    2.8487361484058646
                ],
                [
                    3.348925321308711,
                    3.637024866496012,
                    0.9673899779125837,
                    2.8487361484058646
                ],
                [
                    3.348925321308711,
                    3.637024866496012,
                    0.9673899779125837,
                    2.8487361484058646
                ],
                [
                    3.348925321308711,
                    3.637024866496012,
                    0.9673899779125837,
                    2.8487361484058646
                ],
                [
                    3.348925321308711,
                    3.637024866496012,
                    0.9673899779125837,
                    2.8487361484058646
                ]
            ]
        ],
        "approximation_ratio": 1.0,
        "circuit_depth": 12,
        "num_parameters": 0,
        "optimization_history": {
            "fun": [
                -2.73046875,
                -3.552734375,
                -2.5341796875,
                -2.388671875,
                -3.59765625,
                -1.23046875,
                -1.2626953125,
                -2.74609375,
                -1.94921875,
                -3.625,
                -3.3984375,
                -3.560546875,
                -3.4794921875,
                -3.4560546875,
                -3.5517578125,
                -3.5380859375,
                -3.58203125,
                -3.5283203125,
                -3.58984375,
                -3.56640625,
                -3.5771484375,
                -3.552734375,
                -3.5224609375,
                -3.5546875,
                -3.5322265625,
                -3.5966796875,
                -3.525390625,
                -3.568359375,
                -3.552734375,
                -3.5869140625,
                -3.5634765625,
                -3.5908203125,
                -3.5634765625,
                -3.521484375,
                -3.5078125,
                -3.60546875
            ],