{
    "exact_max_cut_value": 3,
    "graph_metadata": {
        "density_edges": 0.75,
        "filepath": "data/generated_graphs/graph_n4_d0.75_id7.gpickle",
        "id": 7,
        "n_vertices": 4,
        "seed": 259139
    },
    "metrics": {
        "all_trajectories": [
            [
                [
                    4.9581974513244385,
                    4.010437076783556
                ],
                [
                    4.9581974513244385,
                    4.010437076783556
                ],
                [
                    4.9581974513244385,
                    4.010437076783556
                ],
                [
                    5.1901771969897394,
                    3.917241596200738
                ],
                [
                    5.429276244682992,
                    3.8442234793243095
                ],
                [
                    5.429276244682992,
                    3.8442234793243095
                ],
                [
                    5.3044208564143736,
                    3.6276337011253084
                ],
                [
                    5.3044208564143736,
                    3.6276337011253084
                ],
                [
                    5.349029276292895,
                    3.6502188483672793
                ],
                [
                    5.349029276292895,
                    3.6502188483672793
                ],
                [
                    5.349029276292895,
                    3.6502188483672793
                ],
                [
                    5.372954196381619,
                    3.606314427191865
                ],
                [
                    5.400340765630662,
                    3.5644817148154555
                ],
                [
                    5.400340765630662,
                    3.5644817148154555
                ],
                [
                    5.400340765630662,
                    3.5644817148154555
                ],
                [
                    5.400340765630662,
                    3.5644817148154555
                ],
                [
                    5.400340765630662,
                    3.5644817148154555
                ],
                [
                    5.400340765630662,
                    3.5644817148154555
                ],
                [
                    5.400340765630662,
                    3.5644817148154555
                ],
                [
                    5.400340765630662,
                    3.5644817148154555
                ],
                [
                    5.400340765630662,
                    3.5644817148154555
                ],
                [
                    5.400340765630662,
                    3.5644817148154555
                ],
                [
                    5.400340765630662,
                    3.5644817148154555
                ],
                [
                    5.400340765630662,
                    3.5644817148154555
                ],
                [
                    5.400340765630662,
                    3.5644817148154555
                ]
            ]
        ],
        "approximation_ratio": 1.0,
        "circuit_depth": 9,
        "num_parameters": 0,
        "optimization_history": {
            "fun": [
                -1.7138671875,
                -1.55078125,
                -1.4609375,
                -1.6240234375,
                -1.509765625,
                -1.7958984375,
                -1.876953125,
                -1.740234375,
                -1.734375,
                -2.0986328125,
                -1.6806640625,
                -1.9091796875,
                -2.099609375,
                -2.0927734375,
                -2.0380859375,
                -2.1083984375,
                -2.1494140625,
                -2.0625,
                -2.1142578125,
                -2.1376953125,
                -2.1142578125,
                -2.1259765625,
                -2.1162109375,
                -2.109375,
                -2.0615234375,
                -2.11328125,
                -2.1044921875,
                -2.138671875,
                -2.1337890625,
                -2.09765625,
                -2.091796875,
                -2.0859375,
                -2.10546875,
                -2.0888671875,
                -2.1337890625
            ],