{
    "exact_max_cut_value": 2,
    "graph_metadata": {
        "density_edges": 0.1,
        "filepath": "data/generated_graphs/graph_n4_d0.10_id0.gpickle",
        "id": 0,
        "n_vertices": 4,
        "seed": 146019
    },
    "metrics": {
        "all_trajectories": [
            [
                [
                    2.5836176116088714,
                    1.7193636865715518
                ],
                [
                    3.5836176116088714,
                    2.719363686571552
                ],
                [
                    3.5836176116088714,
                    2.719363686571552
                ],
                [
                    3.701978927273855,
                    2.499157876125837
                ],
                [
                    3.6333363884659704,
                    2.426437852294652
                ],
                [
                    3.464703996448684,
                    2.318905920467272
                ],
                [
                    3.464703996448684,
                    2.318905920467272
                ],
                [
                    3.5512946957320084,
                    2.368926424239474
                ],
                [
                    3.5512946957320084,
                    2.368926424239474
                ],
                [
                    3.5512946957320084,
                    2.368926424239474
                ],
                [
                    3.5512946957320084,
                    2.368926424239474
                ],
                [
                    3.5284105106731927,
                    2.358860934971988
                ],
                [
                    3.523753347936502,
                    2.3606805050431805
                ],
                [
                    3.523753347936502,
                    2.3606805050431805
                ],
                [
                    3.523753347936502,
                    2.3606805050431805
                ],
                [
                    3.523753347936502,
                    2.3606805050431805
                ],
                [
                    3.523753347936502,
                    2.3606805050431805
                ],
                [
                    3.523213831935201,
                    2.359838529696546
                ],
                [
                    3.523213831935201,
                    2.359838529696546
                ],
                [
                    3.523213831935201,
                    2.359838529696546
                ],
                [
                    3.523213831935201,
                    2.359838529696546
                ]
            ]
        ],
        "approximation_ratio": 1.0,
        "circuit_depth": 3,
        "num_parameters": 0,
        "optimization_history": {
            "fun": [
                -0.796875,
                -1.322265625,
                -1.751953125,
                -1.408203125,
                -1.0009765625,
                -1.779296875,
                -1.921875,
                -1.9599609375,
                -1.8828125,
                -1.896484375,
                -1.99609375,
                -1.9541015625,
                -1.9287109375,
                -1.9912109375,
                -1.9921875,
                -1.998046875,
                -1.9970703125,
                -1.9990234375,
                -1.9990234375,
                -1.9990234375,
                -1.9990234375,
                -1.9951171875,
                -2.0,
                -2.0,
                -2.0,
                -2.0,
                -1.9990234375,
                -2.0
            ],
            "params": [
                [
                    2.5836176116088714,
                    1.7193636865715518
                ],
                [
                    3.5836176116088714,
                    1.7193636865715518
                ],
                [
                    3.5836176116088714,
                    2.719363686571552
                ],
                [
                    4.357703106686997,
                    3.352444760613142
                ],
                [
                    3.143693371560441,
                    2.956990837835483
                ],
                [
                    3.701978927273855,
                    2.499157876125837
                ],
                [
                    3.6333363884659704,
                    2.426437852294652
                ],
                [
                    3.464703996448684,
                    2.318905920467272
                ],
                [
                    3.510076291124903,
                    2.1241205132217233
                ],
                [
                    3.416007644637297,
                    2.307562846798217
                ],
                [
                    3.5512946957320084,
                    2.368926424239474
                ],
                [
                    3.5869893789515936,
                    2.46233889444476
                ],
                [
                    3.6256394394323332,
                    2.3020469873090317
                ],
                [
                    3.5457316400648042,
                    2.4186159846283886
                ],
                [
                    3.563717085829237,
                    2.370317188156275
                ],
                [
                    3.5284105106731927,
                    2.358860934971988
                ],
                [
                    3.51931266031723,
                    2.3355751212885343
                ],
                [
                    3.523753347936502,
                    2.3606805050431805
                ],
                [
                    3.5153335944701594,
                    2.366075665056193
                ],
                [
                    3.5264509279430083,
                    2.364890381776352
                ],
                [
                    3.523332360263185,
                    2.360950263043831
                ],
                [
                    3.5240231059371525,
                    2.3611014927164975
                ],
                [
                    3.523213831935201,
                    2.359838529696546
                ],
                [
                    3.5226743159339,
                    2.3589965543499116
                ],
                [
                    3.523634819608518,
                    2.3595687716958955
                ],
                [
                    3.5231463924350384,
                    2.3597332827782167
                ],
                [
                    3.5232559307025326,
                    2.359811553896481
                ],
                [
                    3.5231296344005374,
                    2.359892481296676
                ]
            ]
        },
        "optimization_iterations": 