{
    "exact_max_cut_value": 2,
    "graph_metadata": {
        "density_edges": 0.25,
        "filepath": "data/generated_graphs/graph_n4_d0.25_id0.gpickle",
        "id": 0,
        "n_vertices": 4,
        "seed": 803576
    },
    "metrics": {
        "all_trajectories": [
            [
                [
                    2.9390412866376945,
                    1.3247414521644258
                ],
                [
                    2.9390412866376945,
                    2.324741452164426
                ],
                [
                    2.534813248242493,
                    2.030463194430071
                ],
                [
                    2.534813248242493,
                    2.030463194430071
                ],
                [
                    2.715082663493263,
                    2.203676756038697
                ],
                [
                    2.7281398102875136,
                    2.453335545023971
                ],
                [
                    2.893218722533395,
                    2.641082589559209
                ],
                [
                    2.893218722533395,
                    2.641082589559209
                ],
                [
                    2.893218722533395,
                    2.641082589559209
                ],
                [
                    2.893218722533395,
                    2.641082589559209
                ],
                [
                    2.893218722533395,
                    2.641082589559209
                ],
                [
                    2.893218722533395,
                    2.641082589559209
                ],
                [
                    2.893218722533395,
                    2.641082589559209
                ],
                [
                    2.893218722533395,
                    2.641082589559209
                ],
                [
                    2.893218722533395,
                    2.641082589559209
                ],
                [
                    2.893218722533395,
                    2.641082589559209
                ],
                [
                    2.893218722533395,
                    2.641082589559209
                ],
                [
                    2.893218722533395,
                    2.641082589559209
                ],
                [
                    2.893218722533395,
                    2.641082589559209
                ],
                [
                    2.893218722533395,
                    2.641082589559209
                ],
                [
                    2.893218722533395,
                    2.641082589559209
                ]
            ]
        ],
        "approximation_ratio": 1.0,
        "circuit_depth": 7,
        "num_parameters": 0,
        "optimization_history": {
            "fun": [
                -0.994140625,
                -0.966796875,
                -1.08984375,
                -0.8974609375,
                -1.12109375,
                -1.0029296875,
                -1.0625,
                -1.1669921875,
                -1.203125,
                -1.2197265625,
                -1.1767578125,
                -1.10546875,
                -1.12109375,
                -1.203125,
                -1.1708984375,
                -1.1494140625,
                -1.1708984375,
                -1.1923828125,
                -1.14453125,
                -1.1630859375,
                -1.19140625,
                -1.1474609375,
                -1.1611328125,
                -1.16015625,
                -1.1240234375,
                -1.169921875,
                -1.103515625,
                -1.1650390625,
                -1.154296875,
                -1.177734375,
                -1.2138671875,
                -1.1298828125
            ],
            "params": [
                [
                    2.9390412866376945,
                    1.3247414521644258
                ],
                [
                    3.9390412866376945,
                    1.3247414521644258
                ],
                [
                    2.9390412866376945,
                    2.324741452164426
                ],
                [
                    2.6643201587403165,
                    3.286265399805249
                ],
                [
                    2.534813248242493,
                    2.030463194430071
                ],
                [
                    2.6818397117944643,
                    1.5525686254973399
                ],
                [
                    2.41533960600931,
                    1.993706578542078
                ],
                [
                    2.715082663493263,
                    2.203676756038697
                ],
                [
                    2.7281398102875136,
                    2.453335545023971
                ],
                [
                    2.893218722533395,
                    2.641082589559209
                ],
                [
                    2.7889046657921566,
                    2.868279811298793
                ],
                [
                    2.9843130903239596,
                    2.5998295150454545
                ],
                [
                    2.913845259790272,
                    2.686629773454491
                ],
                [
                    2.8118642972385124,
                    2.5829322887436557
                ],
                [
                    2.869076041644828,
                    2.6848676436246413
                ],
                [
                    2.904164986049753,
                    2.6471182597813505
                ],
                [
                    2.8737136810782737,
                    2.625444387685784
                ],
                [
                    2.9031884064800852,
                    2.6418606653929824
                ],
                [
                    2.8928296846165082,
                    2.646067431532554
                ],
                [
                    2.8922008166525015,
                    2.631134531074377
                ],
                [
                    2.8908653412425434,
                    2.6454941195092228
                ],
                [
                    2.8925348907913055,
                    2.6386779327960697
                ],
                [
                    2.893699653886023,
                    2.640945823210791
                ],
                [
                    2.892350358722068,
                    2.6415785172668214
                ],
                [
                    2.8934666863872014,
                    2.641516771464872
                ],
                [
                    2.893003245385508,
                    2.6401060806761265
                ],
                [
                    2.8936881117730127,
                    2.641254850238794
                ],
                [
                    2.892986338055331,
                    2.6411747711970492
                ],
                [
                    2.893200286205827,
                    2.641036112663596
                ],
                [
                    2.893270416445364,
                    2.6411681917756833
                ],
                [
                    2.893261523641632,
                    2.641056742603224
                ],
                [
                    2.8931459213611537,
                    2.6410140330910945
                ]
            ]
        },
        "optimization_iterations": 32,
        "qaoa_cut_value": 2,
        "termination_reason": "Return from COBYLA because the trust region radius reaches its lower bound.",
        "total_shots": 1024,