{
    "exact_max_cut_value": 3,
    "graph_metadata": {
        "density_edges": 0.1,
        "filepath": "data/generated_graphs/graph_n4_d0.10_id1.gpickle",
        "id": 1,
        "n_vertices": 4,
        "seed": 759496
    },
    "metrics": {
        "all_trajectories": [
            [
                [
                    1.084374767038192,
                    1.1190131447166074
                ],
                [
                    0.6867673294038916,
                    3.0365687700265314
                ],
                [
                    0.6867673294038916,
                    3.0365687700265314
                ],
                [
                    0.6867673294038916,
                    3.0365687700265314
                ],
                [
                    0.6867673294038916,
                    3.0365687700265314
                ],
                [
                    0.45116964796712505,
                    2.9529402312277466
                ],
                [
                    0.467895355726882,
                    2.9058206949403935
                ],
                [
                    0.4866436000403702,
                    2.8075938995372973
                ],
                [
                    0.4866436000403702,
                    2.8075938995372973
                ],
                [
                    0.5862534540003458,
                    2.798769105257976
                ],
                [
                    0.7853551126432871,
                    2.8177039811654043
                ],
                [
                    1.1771992367296606,
                    2.7373411637746305
                ],
                [
                    1.1771992367296606,
                    2.7373411637746305
                ],
                [
                    1.2771757545505686,
                    2.739508162714562
                ],
                [
                    1.2771757545505686,
                    2.739508162714562
                ],
                [
                    1.2771757545505686,
                    2.739508162714562
                ],
                [
                    1.2771757545505686,
                    2.739508162714562
                ],
                [
                    1.2771757545505686,
                    2.739508162714562
                ],
                [
                    1.273231116434609,
                    2.7364357320588564
                ],
                [
                    1.2760064732952603,
                    2.726828578771017
                ],
                [
                    1.2760064732952603,
                    2.726828578771017
                ],
                [
                    1.2760064732952603,
                    2.726828578771017
                ],
                [
                    1.2760064732952603,
                    2.726828578771017
                ],
                [
                    1.2760064732952603,
                    2.726828578771017
                ],
                [
                    1.2760064732952603,
                    2.726828578771017
                ],
                [
                    1.2760064732952603,
                    2.726828578771017
                ],
                [
                    1.2760064732952603,
                    2.726828578771017
                ]
            ]
        ],
        "approximation_ratio": 1.0,
        "circuit_depth": 9,
        "num_parameters": 0,
        "optimization_history": {
            "fun": [
                -1.4736328125,
                -1.435546875,
                -1.5615234375,
                -1.646484375,
                -1.466796875,
                -1.2958984375,
                -1.046875,
                -1.7177734375,
                -1.6396484375,
                -1.810546875,
                -1.818359375,
                -1.7919921875,
                -1.900390625,
                -2.025390625,
                -2.2109375,
                -1.12890625,
                -1.8193359375,
                -2.2568359375,
                -2.0263671875,
                -2.2490234375,
                -2.244140625,
                -2.2353515625,
                -2.224609375,
                -2.2373046875,
                -2.2607421875,
                -2.2734375,
                -2.2373046875,
                -2.2255859375,
                -2.22265625,
                -2.2392578125,
                -2.2734375,
                -2.2509765625,
                -2.2412109375,
                -2.2294921875,
                -2.2333984375,
                -2.2197265625,
                -2.2314453125,
                -2.23828125
            ],