{
    "exact_max_cut_value": 2,
    "graph_metadata": {
        "density_edges": 0.25,
        "filepath": "data/generated_graphs/graph_n4_d0.25_id7.gpickle",
        "id": 7,
        "n_vertices": 4,
        "seed": 331986
    },
    "metrics": {
        "all_trajectories": [
            [
                [
                    5.500878602190903,
                    3.714056052293546
                ],
                [
                    4.501382822085694,
                    3.682304114527773
                ],
                [
                    4.501382822085694,
                    3.682304114527773
                ],
                [
                    4.501382822085694,
                    3.682304114527773
                ],
                [
                    4.501382822085694,
                    3.682304114527773
                ],
                [
                    4.455841985114036,
                    3.702944661224042
                ],
                [
                    4.358366719143553,
                    3.7252733988503297
                ],
                [
                    4.358366719143553,
                    3.7252733988503297
                ],
                [
                    4.322344942410437,
                    3.8185602232200635
                ],
                [
                    4.304867496548241,
                    3.917021072729572
                ],
                [
                    4.304867496548241,
                    3.917021072729572
                ],
                [
                    4.304867496548241,
                    3.917021072729572
                ],
                [
                    4.304867496548241,
                    3.917021072729572
                ],
                [
                    4.3095429654611594,
                    3.918793074547949
                ],
                [
                    4.3095429654611594,
                    3.918793074547949
                ],
                [
                    4.3095429654611594,
                    3.918793074547949
                ],
                [
                    4.3095429654611594,
                    3.918793074547949
                ],
                [
                    4.3095429654611594,
                    3.918793074547949
                ],
                [
                    4.3095429654611594,
                    3.918793074547949
                ],
                [
                    4.3095429654611594,
                    3.918793074547949
                ],
                [
                    4.3095429654611594,
                    3.918793074547949
                ],
                [
                    4.3095429654611594,
                    3.918793074547949
                ]
            ]
        ],
        "approximation_ratio": 1.0,
        "circuit_depth": 3,
        "num_parameters": 0,
        "optimization_history": {
            "fun": [
                -1.021484375,
                -0.314453125,
                -0.9990234375,
                -1.6630859375,
                -1.4560546875,
                -0.896484375,
                -1.4638671875,
                -1.5986328125,
                -1.3759765625,
                -1.7900390625,
                -1.9013671875,
                -1.876953125,
                -1.978515625,
                -1.9990234375,
                -1.9541015625,
                -1.90625,
                -1.9931640625,
                -1.994140625,
                -1.9951171875,
                -2.0,
                -2.0,
                -2.0,
                -2.0,
                -1.9990234375,
                -1.9990234375,
                -2.0,
                -2.0,
                -2.0
            ],
            "params": [
                [
                    5.500878602190903,
                    3.714056052293546
                ],
                [
                    6.500878602190903,
                    3.714056052293546
                ],
                [
                    5.500878602190903,
                    4.714056052293547
                ],
                [
                    4.501382822085694,
                    3.682304114527773
                ],
                [
                    2.5026087175701632,
                    3.612289265258944
                ],
                [
                    4.668527799148381,
                    2.696371785895268
                ],
                [
                    4.045974452369116,
                    3.8887095814904677
                ],
                [
                    4.552984188826368,
                    3.7961562069569177
                ],
                [
                    4.5589492017953255,
                    3.439022154803821
                ],
                [
                    4.455841985114036,
                    3.702944661224042
                ],
                [
                    4.358366719143553,
                    3.7252733988503297
                ],
                [
                    4.270203710293972,
                    3.6780792904194173
                ],
                [
                    4.322344942410437,
                    3.8185602232200635
                ],
                [
                    4.304867496548241,
                    3.917021072729572
                ],
                [
                    4.397729703624346,
                    3.954123774746468
                ],
                [
                    4.207119965030979,
                    3.9381260503955593
                ],
                [
                    4.351622185677426,
                    3.9347410909133465
                ],
                [
                    4.300437492002298,
                    3.9287097450118678
                ],
                [
                    4.306636415612958,
                    3.892083732748281
                ],
                [
                    4.3095429654611594,
                    3.918793074547949
                ],
                [
                    4.3168946852052645,
                    3.912014268104029
                ],
                [
                    4.31293236868312,
                    3.9224689344200017
                ],
                [
                    4.309910551448365,
                    3.9184541342257533
                ],
                [
                    4.309881905783356,
                    3.9191606605351543
                ],
                [
                    4.308865084816768,
                    3.9180579025735387
                ],
                [
                    4.309881905783356,
                    3.9191606605351543
                ],
                [
                    4.30957972405988,
                    3.9187591805157296
                ],
                [
                    4.309576859493379,
                    3.9188298331466696
                ]
            ]
        },
        "optimization_iterations": 28,
        "qaoa_cut_value": 2,
        "termination_reason": "Return from COBYLA because the trust region radius reaches its lower bound.",
        "total_shots": 1024,