{
    "exact_max_cut_value": 6,
    "graph_metadata": {
        "density_edges": 0.1,
        "filepath": "data/generated_graphs/graph_n8_d0.10_id8.gpickle",
        "id": 8,
        "n_vertices": 8,
        "seed": 835780
    },
    "metrics": {
        "all_trajectories": [
            [
                [
                    0.22497496673362868,
                    6.118216901193188
                ],
                [
                    1.2249749667336287,
                    6.118216901193188
                ],
                [
                    1.2249749667336287,
                    6.118216901193188
                ],
                [
                    1.2598938637329724,
                    5.870667571498379
                ],
                [
                    1.2598938637329724,
                    5.870667571498379
                ],
                [
                    1.2756641802519686,
                    5.969416227777291
                ],
                [
                    1.2756641802519686,
                    5.969416227777291
                ],
                [
                    1.3748603999630313,
                    5.982069685606461
                ],
                [
                    1.3748603999630313,
                    5.982069685606461
                ],
                [
                    1.3873081663814975,
                    5.980928146649041
                ],
                [
                    1.3873081663814975,
                    5.980928146649041
                ],
                [
                    1.3873081663814975,
                    5.980928146649041
                ],
                [
                    1.3885674983424163,
                    5.985766956731304
                ],
                [
                    1.3929417316240027,
                    5.988188956565792
                ],
                [
                    1.4028521260082027,
                    5.986853260810907
                ],
                [
                    1.4028521260082027,
                    5.986853260810907
                ],
                [
                    1.4028521260082027,
                    5.986853260810907
                ],
                [
                    1.4003921208850645,
                    5.9864078679572
                ],
                [
                    1.4003921208850645,
                    5.9864078679572
                ],
                [
                    1.4003921208850645,
                    5.9864078679572
                ],
                [
                    1.4003921208850645,
                    5.9864078679572
                ],
                [
                    1.4003921208850645,
                    5.9864078679572
                ],
                [
                    1.4003921208850645,
                    5.9864078679572
                ],
                [
                    1.4003921208850645,
                    5.9864078679572
                ]
            ]
        ],
        "approximation_ratio": 1.0,
        "circuit_depth": 9,
        "num_parameters": 0,
        "optimization_history": {
            "fun": [
                -3.1748046875,
                -3.7578125,
                -2.9951171875,
                -2.990234375,
                -1.958984375,
                -3.8662109375,
                -3.517578125,
                -3.6962890625,
                -4.03125,
                -3.92578125,
                -4.064453125,
                -3.9326171875,
                -3.98046875,
                -4.0732421875,
                -4.0556640625,
                -4.0517578125,
                -4.0322265625,
                -4.076171875,
                -4.095703125,
                -4.1123046875,
                -4.0908203125,
                -4.1015625,
                -4.0595703125,
                -4.1533203125,
                -4.0810546875,
                -4.0068359375,
                -4.0380859375,
                -3.9970703125,
                -4.0322265625,
                -4.0693359375,
                -4.0439453125,
                -4.056640625,
                -4.0185546875,
                -4.0673828125,
                -4.072265625
            ],