{
    "exact_max_cut_value": 2,
    "graph_metadata": {
        "density_edges": 0.1,
        "filepath": "data/generated_graphs/graph_n4_d0.10_id0.gpickle",
        "id": 0,
        "n_vertices": 4,
        "seed": 146019
    },
    "metrics": {
        "all_trajectories": [
            [
                [
                    0.2138804927364448,
                    0.42579911602482784,
                    0.6371086052159878,
                    5.8463733761152135
                ],
                [
                    1.2138804927364448,
                    1.4257991160248278,
                    0.6371086052159878,
                    6.8463733761152135
                ],
                [
                    1.2138804927364448,
                    1.4257991160248278,
                    0.6371086052159878,
                    6.8463733761152135
                ],
                [
                    1.2148580212538749,
                    1.4317050174843013,
                    0.6334836036305178,
                    6.895881194987124
                ],
                [
                    1.2148580212538749,
                    1.4317050174843013,
                    0.6334836036305178,
                    6.895881194987124
                ],
                [
                    1.2148580212538749,
                    1.4317050174843013,
                    0.6334836036305178,
                    6.895881194987124
                ],
                [
                    1.2148580212538749,
                    1.4317050174843013,
                    0.6334836036305178,
                    6.895881194987124
                ],
                [
                    1.2148580212538749,
                    1.4317050174843013,
                    0.6334836036305178,
                    6.895881194987124
                ],
                [
                    1.2159940156816456,
                    1.4405755815101693,
                    0.6291742777755291,
                    6.894676072089418
                ],
                [
                    1.2114767433683595,
                    1.449072699432859,
                    0.6265701703437259,
                    6.893893855789951
                ],
                [
                    1.2131674260697978,
                    1.4580821408339535,
                    0.6226979904324114,
                    6.892905028010348
                ],
                [
                    1.210443906202991,
                    1.4770936041727043,
                    0.6171665266481778,
                    6.8921636713767676
                ],
                [
                    1.210443906202991,
                    1.4770936041727043,
                    0.6171665266481778,
                    6.8921636713767676
                ],
                [
                    1.210443906202991,
                    1.4770936041727043,
                    0.6171665266481778,
                    6.8921636713767676
                ],
                [
                    1.210443906202991,
                    1.4770936041727043,
                    0.6171665266481778,
                    6.8921636713767676
                ],
                [
                    1.210443906202991,
                    1.4770936041727043,
                    0.6171665266481778,
                    6.8921636713767676
                ],
                [
                    1.210443906202991,
                    1.4770936041727043,
                    0.6171665266481778,
                    6.8921636713767676
                ],
                [
                    1.210443906202991,
                    1.4770936041727043,
                    0.6171665266481778,
                    6.8921636713767676
                ],
                [
                    1.210443906202991,
                    1.4770936041727043,
                    0.6171665266481778,
                    6.8921636713767676
                ],
                [
                    1.210443906202991,
                    1.4770936041727043,
                    0.6171665266481778,
                    6.8921636713767676
                ]
            ]
        ],
        "approximation_ratio": 1.0,
        "circuit_depth": 5,
        "num_parameters": 0,
        "optimization_history": {
            "fun": [
                -0.900390625,
                -1.017578125,
                -1.7255859375,
                -1.291015625,
                -1.970703125,
                -0.375,
                -1.712890625,
                -1.90625,
                -1.3310546875,
                -1.97265625,
                -1.96875,
                -1.9658203125,
                -1.9248046875,
                -1.9677734375,
                -1.951171875,
                -1.9638671875,
                -1.982421875,
                -1.990234375,
                -1.998046875,
                -2.0,
                -1.998046875,
                -2.0,
                -2.0,
                -2.0,
                -2.0,
                -1.9990234375,
                -1.9990234375,
                -1.9990234375,
                -2.0,
                -2.0,
                -2.0,
                -2.0,
                -2.0
            ],