{
    "exact_max_cut_value": 4,
    "graph_metadata": {
        "density_edges": 0.75,
        "filepath": "data/generated_graphs/graph_n4_d0.75_id5.gpickle",
        "id": 5,
        "n_vertices": 4,
        "seed": 736123
    },
    "metrics": {
        "all_trajectories": [
            [
                [
                    4.991027275155001,
                    3.242934001272602
                ],
                [
                    5.991027275155001,
                    3.242934001272602
                ],
                [
                    5.991027275155001,
                    3.242934001272602
                ],
                [
                    5.991027275155001,
                    3.242934001272602
                ],
                [
                    5.951824461903459,
                    3.334929324160044
                ],
                [
                    5.951824461903459,
                    3.334929324160044
                ],
                [
                    6.033934691696614,
                    3.3920074299740537
                ],
                [
                    6.033934691696614,
                    3.3920074299740537
                ],
                [
                    6.033934691696614,
                    3.3920074299740537
                ],
                [
                    6.033934691696614,
                    3.3920074299740537
                ],
                [
                    6.033934691696614,
                    3.3920074299740537
                ],
                [
                    6.033934691696614,
                    3.3920074299740537
                ],
                [
                    6.033934691696614,
                    3.3920074299740537
                ],
                [
                    6.033934691696614,
                    3.3920074299740537
                ],
                [
                    6.033934691696614,
                    3.3920074299740537
                ],
                [
                    6.033934691696614,
                    3.3920074299740537
                ],
                [
                    6.033934691696614,
                    3.3920074299740537
                ],
                [
                    6.033934691696614,
                    3.3920074299740537
                ],
                [
                    6.0339000174735125,
                    3.391971406394938
                ]
            ]
        ],
        "approximation_ratio": 1.0,
        "circuit_depth": 7,
        "num_parameters": 0,
        "optimization_history": {
            "fun": [
                -2.38671875,
                -3.4150390625,
                -3.353515625,
                -2.8935546875,
                -2.943359375,
                -3.0087890625,
                -3.25390625,
                -3.6416015625,
                -3.5458984375,
                -3.7138671875,
                -3.54296875,
                -3.666015625,
                -3.6708984375,
                -3.68359375,
                -3.712890625,
                -3.70703125,
                -3.6650390625,
                -3.677734375,
                -3.673828125,
                -3.70703125,
                -3.701171875,
                -3.6455078125,
                -3.6650390625,
                -3.6650390625,
                -3.6787109375,
                -3.6826171875,
                -3.689453125,
                -3.71875,
                -3.689453125
            ],
            "params": [
                [
                    4.991027275155001,
                    3.242934001272602
                ],
                [
                    5.991027275155001,
                    3.242934001272602
                ],
                [
                    5.991027275155001,
                    4.242934001272602
                ],
                [
                    6.989242307518817,
                    3.1832117343790403
                ],
                [
                    5.49441151799383,
                    3.1848582770908305
                ],
                [
                    6.240512237112598,
                    3.2268948692195147
                ],
                [
                    5.987819448744384,
                    3.1930370088810824
                ],
                [
                    5.951824461903459,
                    3.334929324160044
                ],
                [
                    5.887909227196198,
                    3.4118373391670365
                ],
                [
                    6.033934691696614,
                    3.3920074299740537
                ],
                [
                    6.129875838009462,
                    3.3638064292085375
                ],
                [
                    6.016664460352408,
                    3.438930122877569
                ],
                [
                    6.056835042011937,
                    3.3819787732626336
                ],
                [
                    6.03192896035433,
                    3.387427359910989
                ],
                [
                    6.035292219513821,
                    3.4019148574012674
                ],
                [
                    6.028980977983007,
                    3.3926861938826574
                ],
                [
                    6.043720221524578,
                    3.38994747706536
                ],
                [
                    6.028968441771146,
                    3.392587396936722
                ],
                [
                    6.033789699955947,
                    3.3907658674926866
                ],
                [
                    6.034764047352266,
                    3.3943658551258102
                ],
                [
                    6.034720656824712,
                    3.3913891591455214
                ],
                [
                    6.033625556282348,
                    3.3916144474100047
                ],
                [
                    6.0344776442826795,
                    3.3928471933271984
                ],
                [
                    6.033538666255366,
                    3.3917022024361683
                ],
                [
                    6.03406429617369,
                    3.3922212118243635
                ],
                [
                    6.033891935326552,
                    3.3920333508694687
                ],
                [
                    6.0340067388548455,
                    3.391938081527851
                ],
                [
                    6.0339000174735125,
                    3.391971406394938
                ],
                [
                    6.033807368000111,
                    3.392009037167962
                ]
            ]
        },
        "optimization_iterations": 29,
        "qaoa_cut_value": 4,
        "termination_reason": "Return from COBYLA because the trust region radius reaches its lower bound.",
        "total_shots": 1024,