{
    "exact_max_cut_value": 8,
    "graph_metadata": {
        "density_edges": 0.5,
        "filepath": "data/generated_graphs/graph_n8_d0.50_id2.gpickle",
        "id": 2,
        "n_vertices": 8,
        "seed": 600627
    },
    "metrics": {
        "all_trajectories": [
            [
                [
                    2.146223088460952,
                    5.0053860701365265
                ],
                [
                    2.146223088460952,
                    6.0053860701365265
                ],
                [
                    2.146223088460952,
                    6.0053860701365265
                ],
                [
                    2.104140418811226,
                    5.978385164315572
                ],
                [
                    2.0065848792645387,
                    6.000360530154502
                ],
                [
                    2.0065848792645387,
                    6.000360530154502
                ],
                [
                    2.005692662986616,
                    6.05035256902184
                ],
                [
                    2.005692662986616,
                    6.05035256902184
                ],
                [
                    2.005692662986616,
                    6.05035256902184
                ],
                [
                    2.005692662986616,
                    6.05035256902184
                ],
                [
                    2.005692662986616,
                    6.05035256902184
                ],
                [
                    2.002779006181807,
                    6.054415893279611
                ],
                [
                    2.002779006181807,
                    6.054415893279611
                ],
                [
                    2.002779006181807,
                    6.054415893279611
                ],
                [
                    2.002779006181807,
                    6.054415893279611
                ],
                [
                    2.002779006181807,
                    6.054415893279611
                ],
                [
                    2.002779006181807,
                    6.054415893279611
                ],
                [
                    2.002779006181807,
                    6.054415893279611
                ],
                [
                    2.002779006181807,
                    6.054415893279611
                ]
            ]
        ],
        "approximation_ratio": 1.0,
        "circuit_depth": 12,
        "num_parameters": 0,
        "optimization_history": {
            "fun": [
                -5.01171875,
                -4.9404296875,
                -5.3583984375,
                -4.8603515625,
                -4.9619140625,
                -5.0244140625,
                -5.265625,
                -5.490234375,
                -5.7275390625,
                -5.44921875,
                -5.8759765625,
                -5.8330078125,
                -5.86328125,
                -5.6201171875,
                -5.796875,
                -5.7509765625,
                -5.8916015625,
                -5.7822265625,
                -5.7431640625,
                -5.80859375,
                -5.8037109375,
                -5.791015625,
                -5.7861328125,
                -5.7568359375,
                -5.7548828125,
                -5.8359375,
                -5.857421875,
                -5.771484375,
                -5.787109375
            ],
            "params": [
                [
                    2.146223088460952,
                    5.0053860701365265
                ],
                [
                    3.146223088460952,
                    5.0053860701365265
                ],
                [
                    2.146223088460952,
                    6.0053860701365265
                ],
                [
                    1.9448037297627956,
                    6.984891170654958
                ],
                [
                    1.7253963919636917,
                    5.735377011926986
                ],
                [
                    2.213725353013337,
                    5.900179396012211
                ],
                [
                    2.0766645333596263,
                    6.2455143846107175
                ],
                [
                    2.104140418811226,
                    5.978385164315572
                ],
                [
                    2.0065848792645387,
                    6.000360530154502
                ],
                [
                    1.911041570163106,
                    5.970839756351159
                ],
                [
                    2.005692662986616,
                    6.05035256902184
                ],
                [
                    1.97987994536956,
                    6.093174334623249
                ],
                [
                    2.0163981043869685,
                    6.056805748426104
                ],
                [
                    1.9976846510368598,
                    6.026669838085299
                ],
                [
                    2.0000298391348066,
                    6.058594681980503
                ],
                [
                    2.0097332970341193,
                    6.041205259226378
                ],
                [
                    2.002779006181807,
                    6.054415893279611
                ],
                [
                    1.9989782954678326,
                    6.057664677370418
                ],
                [
                    2.001966810159105,
                    6.053465715601117
                ],
                [
                    2.004720792711719,
                    6.055990525005524
                ],
                [
                    2.0025974660883588,
                    6.053432509735681
                ],
                [
                    2.002287314409842,
                    6.054506663326335
                ],
                [
                    2.0037528208577413,
                    6.054643236581547
                ],
                [
                    2.00239741772313,
                    6.054738988077162
                ],
                [
                    2.0030286098034935,
                    6.054429965665367
                ],
                [
                    2.0027818206589583,
                    6.054365972555273
                ],
                [
                    2.0027299334074486,
                    6.054503024576036
                ],
                [
                    2.0027354405335944,
                    6.054391356892432
                ],
                [
                    2.0028721810518606,
                    6.054452203658161
                ]
            ]
        },
        "optimization_iterations": 29,
        "qaoa_cut_value": 8,
        "termination_reason": "Return from COBYLA because the trust region radius reaches its lower bound.",
        "total_shots": 1024,