{
    "exact_max_cut_value": 5,
    "graph_metadata": {
        "density_edges": 0.1,
        "filepath": "data/generated_graphs/graph_n8_d0.10_id6.gpickle",
        "id": 6,
        "n_vertices": 8,
        "seed": 243449
    },
    "metrics": {
        "all_trajectories": [
            [
                [
                    5.569398636330541,
                    1.302836238090322
                ],
                [
                    5.569398636330541,
                    1.302836238090322
                ],
                [
                    5.482988780687092,
                    1.7953129754573556
                ],
                [
                    5.235365184235646,
                    1.7609246855834506
                ],
                [
                    5.235365184235646,
                    1.7609246855834506
                ],
                [
                    5.320963703530544,
                    1.9958137945147096
                ],
                [
                    5.320963703530544,
                    1.9958137945147096
                ],
                [
                    5.320963703530544,
                    1.9958137945147096
                ],
                [
                    5.234591227726477,
                    2.046210177554327
                ],
                [
                    5.059176029465101,
                    2.142280507099522
                ],
                [
                    4.919023038543896,
                    2.5169231890457207
                ],
                [
                    4.919023038543896,
                    2.5169231890457207
                ],
                [
                    5.0991003546908615,
                    2.6039413492728025
                ],
                [
                    5.0991003546908615,
                    2.6039413492728025
                ],
                [
                    5.0991003546908615,
                    2.6039413492728025
                ],
                [
                    5.0991003546908615,
                    2.6039413492728025
                ],
                [
                    5.0991003546908615,
                    2.6039413492728025
                ],
                [
                    5.102909559316374,
                    2.5792332542405876
                ],
                [
                    5.102909559316374,
                    2.5792332542405876
                ],
                [
                    5.102909559316374,
                    2.5792332542405876
                ],
                [
                    5.102909559316374,
                    2.5792332542405876
                ],
                [
                    5.102909559316374,
                    2.5792332542405876
                ],
                [
                    5.102909559316374,
                    2.5792332542405876
                ],
                [
                    5.102909559316374,
                    2.5792332542405876
                ],
                [
                    5.102909559316374,
                    2.5792332542405876
                ],
                [
                    5.102708538096586,
                    2.579084625612138
                ],
                [
                    5.102708538096586,
                    2.579084625612138
                ],
                [
                    5.102708538096586,
                    2.579084625612138
                ]
            ]
        ],
        "approximation_ratio": 1.0,
        "circuit_depth": 5,
        "num_parameters": 0,
        "optimization_history": {
            "fun": [
                -2.5244140625,
                -2.19921875,
                -2.1845703125,
                -1.41015625,
                -2.5302734375,
                -2.7236328125,
                -2.5703125,
                -2.9189453125,
                -2.876953125,
                -2.4365234375,
                -2.9013671875,
                -3.1494140625,
                -3.474609375,
                -3.7197265625,
                -1.2919921875,
                -4.2626953125,
                -3.7490234375,
                -4.18359375,
                -4.18359375,
                -4.125,
                -4.173828125,
                -4.2490234375,
                -4.267578125,
                -4.19921875,
                -4.23046875,
                -4.26171875,
                -4.255859375,
                -4.25,
                -4.248046875,
                -4.2529296875,
                -4.2548828125,
                -4.2197265625,
                -4.2607421875,
                -4.234375,
                -4.29296875,
                -4.2705078125,
                -4.2333984375,
                -4.29296875,
                -4.2001953125,
                -4.240234375
            ],