{
    "exact_max_cut_value": 8,
    "graph_metadata": {
        "density_edges": 0.25,
        "filepath": "data/generated_graphs/graph_n8_d0.25_id1.gpickle",
        "id": 1,
        "n_vertices": 8,
        "seed": 961498
    },
    "metrics": {
        "all_trajectories": [
            [
                [
                    0.42105392453356527,
                    4.241229262943533
                ],
                [
                    -0.09889302236218,
                    3.387030707329095
                ],
                [
                    -0.09889302236218,
                    3.387030707329095
                ],
                [
                    -0.09889302236218,
                    3.387030707329095
                ],
                [
                    -0.09889302236218,
                    3.387030707329095
                ],
                [
                    -0.34822455521608525,
                    3.3687608763303705
                ],
                [
                    -0.848214786680618,
                    3.3656354259559635
                ],
                [
                    -0.848214786680618,
                    3.3656354259559635
                ],
                [
                    -0.848214786680618,
                    3.3656354259559635
                ],
                [
                    -0.7982157635341647,
                    3.365947970993404
                ],
                [
                    -0.7982157635341647,
                    3.365947970993404
                ],
                [
                    -0.7982157635341647,
                    3.365947970993404
                ],
                [
                    -0.7982157635341647,
                    3.365947970993404
                ],
                [
                    -0.8004450261602719,
                    3.3756963240924582
                ],
                [
                    -0.8004450261602719,
                    3.3756963240924582
                ],
                [
                    -0.8004450261602719,
                    3.3756963240924582
                ],
                [
                    -0.8004450261602719,
                    3.3756963240924582
                ],
                [
                    -0.8004450261602719,
                    3.3756963240924582
                ],
                [
                    -0.8004450261602719,
                    3.3756963240924582
                ],
                [
                    -0.8004450261602719,
                    3.3756963240924582
                ],
                [
                    -0.8004450261602719,
                    3.3756963240924582
                ],
                [
                    -0.8004450261602719,
                    3.3756963240924582
                ]
            ]
        ],
        "approximation_ratio": 1.0,
        "circuit_depth": 12,
        "num_parameters": 0,
        "optimization_history": {
            "fun": [
                -4.5556640625,
                -4.5419921875,
                -4.533203125,
                -4.681640625,
                -4.423828125,
                -4.423828125,
                -4.546875,
                -4.4990234375,
                -4.9541015625,
                -5.3974609375,
                -5.0556640625,
                -3.4638671875,
                -5.1103515625,
                -4.4580078125,
                -5.400390625,
                -5.171875,
                -5.326171875,
                -5.3330078125,
                -5.38671875,
                -5.4541015625,
                -5.3994140625,
                -5.4208984375,
                -5.296875,
                -5.3740234375,
                -5.35546875,
                -5.4140625,
                -5.4052734375,
                -5.3583984375,
                -5.3759765625,
                -5.42578125,
                -5.359375,
                -5.423828125,
                -5.341796875,
                -5.35546875
            ],