{
    "exact_max_cut_value": 13,
    "graph_metadata": {
        "density_edges": 0.5,
        "filepath": "data/generated_graphs/graph_n8_d0.50_id5.gpickle",
        "id": 5,
        "n_vertices": 8,
        "seed": 989082
    },
    "metrics": {
        "all_trajectories": [
            [
                [
                    3.793955281786642,
                    5.834965548742507
                ],
                [
                    3.793955281786642,
                    6.834965548742507
                ],
                [
                    3.828258192489081,
                    6.714764424299594
                ],
                [
                    3.981860167447033,
                    6.517517286705619
                ],
                [
                    3.981860167447033,
                    6.517517286705619
                ],
                [
                    3.7884139011858395,
                    6.359155226635654
                ],
                [
                    3.7884139011858395,
                    6.359155226635654
                ],
                [
                    3.7884139011858395,
                    6.359155226635654
                ],
                [
                    3.7884139011858395,
                    6.359155226635654
                ],
                [
                    3.80296823237987,
                    6.379481845722321
                ],
                [
                    3.80296823237987,
                    6.379481845722321
                ],
                [
                    3.80296823237987,
                    6.379481845722321
                ],
                [
                    3.80296823237987,
                    6.379481845722321
                ],
                [
                    3.80296823237987,
                    6.379481845722321
                ],
                [
                    3.80296823237987,
                    6.379481845722321
                ],
                [
                    3.80296823237987,
                    6.379481845722321
                ],
                [
                    3.80296823237987,
                    6.379481845722321
                ],
                [
                    3.80296823237987,
                    6.379481845722321
                ],
                [
                    3.80296823237987,
                    6.379481845722321
                ],
                [
                    3.80296823237987,
                    6.379481845722321
                ]
            ]
        ],
        "approximation_ratio": 1.0,
        "circuit_depth": 15,
        "num_parameters": 0,
        "optimization_history": {
            "fun": [
                -8.107421875,
                -8.0234375,
                -8.5048828125,
                -8.4560546875,
                -8.353515625,
                -8.5986328125,
                -8.7626953125,
                -6.8427734375,
                -8.955078125,
                -8.26171875,
                -8.888671875,
                -8.701171875,
                -8.8515625,
                -9.08984375,
                -8.8046875,
                -8.919921875,
                -9.0126953125,
                -8.8486328125,
                -9.0068359375,
                -8.9140625,
                -8.8369140625,
                -8.9287109375,
                -9.0703125,
                -8.8955078125,
                -8.8662109375,
                -9.0693359375,
                -8.841796875,
                -8.9296875,
                -8.947265625,
                -8.96484375,
                -8.8935546875
            ],
            "params": [
                [
                    3.793955281786642,
                    5.834965548742507
                ],
                [
                    4.793955281786642,
                    5.834965548742507
                ],
                [
                    3.793955281786642,
                    6.834965548742507
                ],
                [
                    3.5872179420039236,
                    7.813362028877
                ],
                [
                    3.3131507840149927,
                    6.697753905932751
                ],
                [
                    3.828258192489081,
                    6.714764424299594
                ],
                [
                    3.981860167447033,
                    6.517517286705619
                ],
                [
                    4.350503678720647,
                    6.17972746803747
                ],
                [
                    3.7884139011858395,
                    6.359155226635654
                ],
                [
                    3.7692518873552334,
                    6.261008310097457
                ],
                [
                    3.7393404429167414,
                    6.3687362335509565
                ],
                [
                    3.8256980505685934,
                    6.451944731455997
                ],
                [
                    3.8005258130766757,
                    6.310644386709421
                ],
                [
                    3.80296823237987,
                    6.379481845722321
                ],
                [
                    3.824150547645803,
                    6.424773230333245
                ],
                [
                    3.8149051726033343,
                    6.357515747796166
                ],
                [
                    3.7985750127946387,
                    6.377094457677628
                ],
                [
                    3.809084250553567,
                    6.387393503051793
                ],
                [
                    3.7990124037151336,
                    6.38253985480917
                ],
                [
                    3.802415703832372,
                    6.369497121780007
                ],
                [
                    3.7982034361599646,
                    6.380997338045883
                ],
                [
                    3.80334710546076,
                    6.380673044777297
                ],
                [
                    3.8031331528928494,
                    6.376987291408541
                ],
                [
                    3.8024917527578794,
                    6.379633394954677
                ],
                [
                    3.8037773280578526,
                    6.37889416878397
                ],
                [
                    3.802472179768658,
                    6.379419141600368
                ],
                [
                    3.802983908410358,
                    6.379357832569518
                ],
                [
                    3.8029420124471005,
                    6.379730466950549
                ],
                [
                    3.8029870768847838,
                    6.3793836373487744
                ],
                [
                    3.803017336566643,
                    6.379491267974777
                ],
                [
                    3.8028735869320003,
                    6.379514129451931
                ]
            ]
        },
        "optimization_iterations": 31,
        "qaoa_cut_value": 13,
        "termination_reason": "Return from COBYLA because the trust region radius reaches its lower bound.",
        "total_shots": 1024,