{
    "exact_max_cut_value": 2,
    "graph_metadata": {
        "density_edges": 0.25,
        "filepath": "data/generated_graphs/graph_n4_d0.25_id0.gpickle",
        "id": 0,
        "n_vertices": 4,
        "seed": 803576
    },
    "metrics": {
        "all_trajectories": [
            [
                [
                    5.861839286206074,
                    1.9999288885185573,
                    4.568398866381941,
                    1.4304467096878328
                ],
                [
                    5.408225565564081,
                    1.3030730278221625,
                    5.765622223182807,
                    2.949801549263448
                ],
                [
                    5.408225565564081,
                    1.3030730278221625,
                    5.765622223182807,
                    2.949801549263448
                ],
                [
                    5.356517324495804,
                    1.1990923539391871,
                    5.27929488767259,
                    2.949801549263448
                ],
                [
                    5.356517324495804,
                    1.1990923539391871,
                    5.27929488767259,
                    2.949801549263448
                ],
                [
                    5.356517324495804,
                    1.1990923539391871,
                    5.27929488767259,
                    2.949801549263448
                ],
                [
                    5.356517324495804,
                    1.1990923539391871,
                    5.27929488767259,
                    2.949801549263448
                ],
                [
                    5.383143675507686,
                    1.2875452600441364,
                    5.242216380864115,
                    2.9401939914970345
                ],
                [
                    5.383143675507686,
                    1.2875452600441364,
                    5.242216380864115,
                    2.9401939914970345
                ],
                [
                    5.3527417166485085,
                    1.3045277268248128,
                    5.249110929694046,
                    2.9049834544946
                ],
                [
                    5.3527417166485085,
                    1.3045277268248128,
                    5.249110929694046,
                    2.9049834544946
                ],
                [
                    5.3527417166485085,
                    1.3045277268248128,
                    5.249110929694046,
                    2.9049834544946
                ],
                [
                    5.352761846184032,
                    1.3036384255530562,
                    5.252975423955852,
                    2.9019380608992953
                ],
                [
                    5.352761846184032,
                    1.3036384255530562,
                    5.252975423955852,
                    2.9019380608992953
                ],
                [
                    5.352761846184032,
                    1.3036384255530562,
                    5.252975423955852,
                    2.9019380608992953
                ],
                [
                    5.352761846184032,
                    1.3036384255530562,
                    5.252975423955852,
                    2.9019380608992953
                ],
                [
                    5.352761846184032,
                    1.3036384255530562,
                    5.252975423955852,
                    2.9019380608992953
                ],
                [
                    5.352761846184032,
                    1.3036384255530562,
                    5.252975423955852,
                    2.9019380608992953
                ],
                [
                    5.352761846184032,
                    1.3036384255530562,
                    5.252975423955852,
                    2.9019380608992953
                ],
                [
                    5.352761846184032,
                    1.3036384255530562,
                    5.252975423955852,
                    2.9019380608992953
                ],
                [
                    5.352761846184032,
                    1.3036384255530562,
                    5.252975423955852,
                    2.9019380608992953
                ],
                [
                    5.352761846184032,
                    1.3036384255530562,
                    5.252975423955852,
                    2.9019380608992953
                ]
            ]
        ],
        "approximation_ratio": 1.0,
        "circuit_depth": 5,
        "num_parameters": 0,
        "optimization_history": {
            "fun": [
                -1.1875,
                -1.1201171875,
                -1.083984375,
                -1.216796875,
                -1.2939453125,
                -1.6650390625,
                -0.5556640625,
                -0.7822265625,
                -1.9169921875,
                -0.669921875,
                -1.0546875,
                -1.736328125,
                -1.884765625,
                -1.78125,
                -1.994140625,
                -1.8564453125,
                -1.9599609375,
                -1.982421875,
                -1.998046875,
                -1.94140625,
                -1.986328125,
                -1.998046875,
                -1.994140625,
                -1.9990234375,
                -1.998046875,
                -1.9970703125,
                -1.99609375,
                -1.9951171875,
                -1.9951171875,
                -1.9990234375,
                -1.9970703125,
                -1.9970703125,
                -1.9970703125,
                -1.9990234375,
                -1.9970703125,
                -1.998046875,
                -1.998046875,
                -1.998046875,
                -1.998046875,
                -1.9970703125,
                -1.9970703125
            ],