{
    "exact_max_cut_value": 6,
    "graph_metadata": {
        "density_edges": 0.1,
        "filepath": "data/generated_graphs/graph_n8_d0.10_id4.gpickle",
        "id": 4,
        "n_vertices": 8,
        "seed": 490194
    },
    "metrics": {
        "all_trajectories": [
            [
                [
                    1.436512227970056,
                    1.5367009438599706
                ],
                [
                    2.4365122279700557,
                    2.5367009438599704
                ],
                [
                    1.937965040905834,
                    2.5747890295345215
                ],
                [
                    1.459082433791806,
                    2.7185647180346
                ],
                [
                    1.459082433791806,
                    2.7185647180346
                ],
                [
                    1.459082433791806,
                    2.7185647180346
                ],
                [
                    1.4174479799498694,
                    2.746251759286486
                ],
                [
                    1.4167269046746864,
                    2.8462491595049295
                ],
                [
                    1.4167269046746864,
                    2.8462491595049295
                ],
                [
                    1.4167269046746864,
                    2.8462491595049295
                ],
                [
                    1.4167269046746864,
                    2.8462491595049295
                ],
                [
                    1.4167269046746864,
                    2.8462491595049295
                ],
                [
                    1.4167269046746864,
                    2.8462491595049295
                ],
                [
                    1.4167269046746864,
                    2.8462491595049295
                ],
                [
                    1.4171272000127422,
                    2.845949553693352
                ],
                [
                    1.4171272000127422,
                    2.845949553693352
                ],
                [
                    1.4171272000127422,
                    2.845949553693352
                ],
                [
                    1.4170134691370324,
                    2.8457269210634206
                ],
                [
                    1.4170134691370324,
                    2.8457269210634206
                ]
            ]
        ],
        "approximation_ratio": 1.0,
        "circuit_depth": 10,
        "num_parameters": 0,
        "optimization_history": {
            "fun": [
                -2.9931640625,
                -3.048828125,
                -3.19140625,
                -2.6455078125,
                -3.43359375,
                -3.908203125,
                -3.296875,
                -2.513671875,
                -3.3154296875,
                -3.98828125,
                -4.09765625,
                -3.9765625,
                -4.0859375,
                -4.0927734375,
                -4.0361328125,
                -4.0634765625,
                -4.09765625,
                -4.041015625,
                -4.0166015625,
                -4.0478515625,
                -4.04296875,
                -4.1162109375,
                -4.10546875,
                -4.0517578125,
                -4.1201171875,
                -4.0703125,
                -4.05078125,
                -4.0966796875
            ],
            "params": [
                [
                    1.436512227970056,
                    1.5367009438599706
                ],
                [
                    2.4365122279700557,
                    1.5367009438599706
                ],
                [
                    2.4365122279700557,
                    2.5367009438599704
                ],
                [
                    2.80018976019545,
                    3.468225850963612
                ],
                [
                    1.937965040905834,
                    2.5747890295345215
                ],
                [
                    1.459082433791806,
                    2.7185647180346
                ],
                [
                    0.4661716995762345,
                    2.599702302278
                ],
                [
                    1.4796676751028883,
                    3.2181407861565274
                ],
                [
                    1.320647227532375,
                    2.5103924488249167
                ],
                [
                    1.4174479799498694,
                    2.746251759286486
                ],
                [
                    1.4167269046746864,
                    2.8462491595049295
                ],
                [
                    1.342505986057758,
                    2.913265987538337
                ],
                [
                    1.462791384782111,
                    2.8656930190094796
                ],
                [
                    1.411865939798549,
                    2.857765279531786
                ],
                [
                    1.4132134009159136,
                    2.821497285003448
                ],
                [
                    1.4213333526854288,
                    2.8481935454553846
                ],
                [
                    1.407750867002206,
                    2.8418411273246686
                ],
                [
                    1.4189309207648169,
                    2.8417611406686896
                ],
                [
                    1.4178489093837465,
                    2.8468001635274622
                ],
                [
                    1.4143267268246587,
                    2.845549769564885
                ],
                [
                    1.4173261162978408,
                    2.847049750181041
                ],
                [
                    1.4171272000127422,
                    2.845949553693352
                ],
                [
                    1.417080899710992,
                    2.8449506261273805
                ],
                [
                    1.4176210596432008,
                    2.846027673251743
                ],
                [
                    1.4170134691370324,
                    2.8457269210634206
                ],
                [
                    1.4170762151685896,
                    2.845649056209193
                ],
                [
                    1.4169745367099187,
                    2.845695548047642
                ],
                [
                    1.4170655417958389,
                    2.8458122934137737
                ]
            ]
        },
        "optimization_iterations": 28,
        "qaoa_cut_value": 6,
        "termination_reason": "Return from COBYLA because the trust region radius reaches its lower bound.",
        "total_shots": 1024,