{
    "exact_max_cut_value": 15,
    "graph_metadata": {
        "density_edges": 0.75,
        "filepath": "data/generated_graphs/graph_n8_d0.75_id4.gpickle",
        "id": 4,
        "n_vertices": 8,
        "seed": 646982
    },
    "metrics": {
        "all_trajectories": [
            [
                [
                    5.646951415398164,
                    4.369984580624286
                ],
                [
                    5.646951415398164,
                    4.369984580624286
                ],
                [
                    5.646951415398164,
                    4.369984580624286
                ],
                [
                    5.397030685689316,
                    4.363689434732655
                ],
                [
                    5.397030685689316,
                    4.363689434732655
                ],
                [
                    5.347039217239894,
                    4.362765810203696
                ],
                [
                    5.347039217239894,
                    4.362765810203696
                ],
                [
                    5.347039217239894,
                    4.362765810203696
                ],
                [
                    5.347039217239894,
                    4.362765810203696
                ],
                [
                    5.347039217239894,
                    4.362765810203696
                ],
                [
                    5.347039217239894,
                    4.362765810203696
                ],
                [
                    5.347039217239894,
                    4.362765810203696
                ],
                [
                    5.347039217239894,
                    4.362765810203696
                ],
                [
                    5.347039217239894,
                    4.362765810203696
                ],
                [
                    5.347039217239894,
                    4.362765810203696
                ],
                [
                    5.347039217239894,
                    4.362765810203696
                ],
                [
                    5.347039217239894,
                    4.362765810203696
                ],
                [
                    5.347039217239894,
                    4.362765810203696
                ]
            ]
        ],
        "approximation_ratio": 0.9333333333333333,
        "circuit_depth": 13,
        "num_parameters": 0,
        "optimization_history": {
            "fun": [
                -11.365234375,
                -11.162109375,
                -11.3505859375,
                -11.076171875,
                -11.0751953125,
                -11.5634765625,
                -11.08984375,
                -11.3828125,
                -11.271484375,
                -11.5810546875,
                -11.40625,
                -11.37109375,
                -11.4619140625,
                -11.328125,
                -11.5068359375,
                -11.439453125,
                -11.46484375,
                -11.4072265625,
                -11.41796875,
                -11.3818359375,
                -11.490234375,
                -11.439453125,
                -11.5009765625,
                -11.40625,
                -11.4443359375,
                -11.39453125,
                -11.51953125,
                -11.474609375
            ],
            "params": [
                [
                    5.646951415398164,
                    4.369984580624286
                ],
                [
                    6.646951415398164,
                    4.369984580624286
                ],
                [
                    5.646951415398164,
                    5.369984580624286
                ],
                [
                    4.6495416310520525,
                    4.298055990407018
                ],
                [
                    6.146318565175672,
                    4.344836027523009
                ],
                [
                    5.397030685689316,
                    4.363689434732655
                ],
                [
                    4.897116001195101,
                    4.354453189443058
                ],
                [
                    5.399339747011715,
                    4.2387107636091015
                ],
                [
                    5.530185482926916,
                    4.575278186731937
                ],
                [
                    5.347039217239894,
                    4.362765810203696
                ],
                [
                    5.321613180151496,
                    4.4594793906253685
                ],
                [
                    5.338779353586936,
                    4.313452782995517
                ],
                [
                    5.344559468988362,
                    4.387642523182082
                ],
                [
                    5.346494582873754,
                    4.352780652548094
                ],
                [
                    5.342046638412094,
                    4.363038127386766
                ],
                [
                    5.352562890593851,
                    4.371101818401796
                ],
                [
                    5.342426898052034,
                    4.364696227699809
                ],
                [
                    5.346556612865866,
                    4.361612730406731
                ],
                [
                    5.34837138728407,
                    4.364881306120354
                ],
                [
                    5.346963384538871,
                    4.361768689648569
                ],
                [
                    5.3475377775174575,
                    4.362727893853184
                ],
                [
                    5.346423440436881,
                    4.363553730839846
                ],
                [
                    5.347507317093271,
                    4.3629415444555315
                ],
                [
                    5.346960752578496,
                    4.362528442773513
                ],
                [
                    5.346991743753858,
                    4.362781503135976
                ],
                [
                    5.347138979940392,
                    4.362758925177233
                ],
                [
                    5.347042659753125,
                    4.362815691553944
                ],
                [
                    5.3469521510215285,
                    4.362716622058585
                ]
            ]
        },
        "optimization_iterations": 28,
        "qaoa_cut_value": 14,
        "termination_reason": "Return from COBYLA because the trust region radius reaches its lower bound.",
        "total_shots": 1024,