{
    "exact_max_cut_value": 3,
    "graph_metadata": {
        "density_edges": 0.75,
        "filepath": "data/generated_graphs/graph_n4_d0.75_id7.gpickle",
        "id": 7,
        "n_vertices": 4,
        "seed": 259139
    },
    "metrics": {
        "all_trajectories": [
            [
                [
                    5.3820716091474585,
                    1.8087372743905537,
                    2.5235325717572197,
                    5.246990257603429
                ],
                [
                    6.407786431992276,
                    3.017027339433576,
                    1.7353732515635611,
                    4.668406743595034
                ],
                [
                    6.4421840760670825,
                    3.295648256439503,
                    2.3029939354304485,
                    3.8944597519119037
                ],
                [
                    6.4421840760670825,
                    3.295648256439503,
                    2.3029939354304485,
                    3.8944597519119037
                ],
                [
                    6.4421840760670825,
                    3.295648256439503,
                    2.3029939354304485,
                    3.8944597519119037
                ],
                [
                    6.443926273656607,
                    3.3097600569146506,
                    2.200447768178157,
                    3.824409017320654
                ],
                [
                    6.446478583350723,
                    3.3304337654369918,
                    2.2280210267545635,
                    3.7882731777339327
                ],
                [
                    6.45076842633571,
                    3.4193488114159356,
                    2.1833521098836965,
                    3.797239766344437
                ],
                [
                    6.43735262821749,
                    3.4376893571345812,
                    2.1107454382590674,
                    3.7323405215168837
                ],
                [
                    6.43735262821749,
                    3.4376893571345812,
                    2.1107454382590674,
                    3.7323405215168837
                ],
                [
                    6.43735262821749,
                    3.4376893571345812,
                    2.1107454382590674,
                    3.7323405215168837
                ],
                [
                    6.43735262821749,
                    3.4376893571345812,
                    2.1107454382590674,
                    3.7323405215168837
                ],
                [
                    6.43735262821749,
                    3.4376893571345812,
                    2.1107454382590674,
                    3.7323405215168837
                ],
                [
                    6.43735262821749,
                    3.4376893571345812,
                    2.1107454382590674,
                    3.7323405215168837
                ],
                [
                    6.43735262821749,
                    3.4376893571345812,
                    2.1107454382590674,
                    3.7323405215168837
                ],
                [
                    6.43735262821749,
                    3.4376893571345812,
                    2.1107454382590674,
                    3.7323405215168837
                ],
                [
                    6.43735262821749,
                    3.4376893571345812,
                    2.1107454382590674,
                    3.7323405215168837
                ],
                [
                    6.43735262821749,
                    3.4376893571345812,
                    2.1107454382590674,
                    3.7323405215168837
                ],
                [
                    6.43735262821749,
                    3.4376893571345812,
                    2.1107454382590674,
                    3.7323405215168837
                ],
                [
                    6.43735262821749,
                    3.4376893571345812,
                    2.1107454382590674,
                    3.7323405215168837
                ],
                [
                    6.43735262821749,
                    3.4376893571345812,
                    2.1107454382590674,
                    3.7323405215168837
                ],
                [
                    6.43735262821749,
                    3.4376893571345812,
                    2.1107454382590674,
                    3.7323405215168837
                ]
            ]
        ],
        "approximation_ratio": 1.0,
        "circuit_depth": 9,
        "num_parameters": 0,
        "optimization_history": {
            "fun": [
                -1.4140625,
                -1.453125,
                -1.76953125,
                -0.572265625,
                -0.890625,
                -1.8369140625,
                -2.0546875,
                -1.005859375,
                -1.9111328125,
                -1.5078125,
                -1.49609375,
                -2.2802734375,
                -2.0146484375,
                -2.29296875,
                -2.37109375,
                -2.548828125,
                -2.4033203125,
                -2.4150390625,
                -2.513671875,
                -2.5126953125,
                -2.4765625,
                -2.4912109375,
                -2.4951171875,
                -2.509765625,
                -2.4931640625,
                -2.5185546875,
                -2.478515625,
                -2.4765625,
                -2.513671875,
                -2.4775390625,
                -2.509765625,
                -2.4755859375,
                -2.4765625,
                -2.4267578125,
                -2.4970703125,
                -2.5322265625,
                -2.50390625,
                -2.505859375,
                -2.4990234375,
                -2.4931640625
            ],