{
    "exact_max_cut_value": 2,
    "graph_metadata": {
        "density_edges": 0.25,
        "filepath": "data/generated_graphs/graph_n4_d0.25_id7.gpickle",
        "id": 7,
        "n_vertices": 4,
        "seed": 331986
    },
    "metrics": {
        "all_trajectories": [
            [
                [
                    1.0613055516618237,
                    6.190838481833997,
                    2.896013524781298,
                    3.5833800384050667
                ],
                [
                    2.0613055516618237,
                    6.190838481833997,
                    2.896013524781298,
                    3.5833800384050667
                ],
                [
                    2.1641758363611756,
                    6.190838481833997,
                    2.8250015220924967,
                    3.5833800384050667
                ],
                [
                    2.05355640977821,
                    6.050402461023138,
                    2.659515866005095,
                    3.527205630080723
                ],
                [
                    2.0851017751776797,
                    6.1091549896906185,
                    2.6485719199092403,
                    3.4220473667780142
                ],
                [
                    2.0851017751776797,
                    6.1091549896906185,
                    2.6485719199092403,
                    3.4220473667780142
                ],
                [
                    2.104571892463422,
                    6.0948204661149505,
                    2.604870979682534,
                    3.424427238631679
                ],
                [
                    2.104571892463422,
                    6.0948204661149505,
                    2.604870979682534,
                    3.424427238631679
                ],
                [
                    2.091566990797119,
                    6.0946017975493625,
                    2.5586504324187147,
                    3.438373052603666
                ],
                [
                    2.091566990797119,
                    6.0946017975493625,
                    2.5586504324187147,
                    3.438373052603666
                ],
                [
                    2.091566990797119,
                    6.0946017975493625,
                    2.5586504324187147,
                    3.438373052603666
                ],
                [
                    2.091566990797119,
                    6.0946017975493625,
                    2.5586504324187147,
                    3.438373052603666
                ],
                [
                    2.091566990797119,
                    6.0946017975493625,
                    2.5586504324187147,
                    3.438373052603666
                ],
                [
                    2.091566990797119,
                    6.0946017975493625,
                    2.5586504324187147,
                    3.438373052603666
                ],
                [
                    2.091566990797119,
                    6.0946017975493625,
                    2.5586504324187147,
                    3.438373052603666
                ],
                [
                    2.091566990797119,
                    6.0946017975493625,
                    2.5586504324187147,
                    3.438373052603666
                ],
                [
                    2.091566990797119,
                    6.0946017975493625,
                    2.5586504324187147,
                    3.438373052603666
                ],
                [
                    2.091566990797119,
                    6.0946017975493625,
                    2.5586504324187147,
                    3.438373052603666
                ],
                [
                    2.0914851742462774,
                    6.0946372887531295,
                    2.5585948935334133,
                    3.438146200540235
                ],
                [
                    2.0914851742462774,
                    6.0946372887531295,
                    2.5585948935334133,
                    3.438146200540235
                ],
                [
                    2.0914851742462774,
                    6.0946372887531295,
                    2.5585948935334133,
                    3.438146200540235
                ],
                [
                    2.0914851742462774,
                    6.0946372887531295,
                    2.5585948935334133,
                    3.438146200540235
                ],
                [
                    2.0914851742462774,
                    6.0946372887531295,
                    2.5585948935334133,
                    3.438146200540235
                ]
            ]
        ],
        "approximation_ratio": 1.0,
        "circuit_depth": 5,
        "num_parameters": 0,
        "optimization_history": {
            "fun": [
                -0.912109375,
                -1.6962890625,
                -0.958984375,
                -0.0732421875,
                -1.4013671875,
                -1.392578125,
                -1.44140625,
                -1.6982421875,
                -1.9443359375,
                -0.3251953125,
                -1.9736328125,
                -1.6259765625,
                -1.962890625,
                -1.849609375,
                -1.9921875,
                -1.908203125,
                -1.9951171875,
                -1.96875,
                -1.9931640625,
                -1.9951171875,
                -1.9931640625,
                -1.9921875,
                -1.990234375,
                -1.9931640625,
                -1.9912109375,
                -1.98828125,
                -1.9892578125,
                -1.990234375,
                -1.994140625,
                -1.994140625,
                -1.982421875,
                -1.9921875,
                -1.9970703125,
                -1.9892578125,
                -1.98046875,
                -1.9892578125,
                -1.9892578125,
                -1.982421875,
                -1.9892578125,
                -1.98828125,
                -1.994140625,
                -1.98828125
            ],