{
    "exact_max_cut_value": 4,
    "graph_metadata": {
        "density_edges": 0.75,
        "filepath": "data/generated_graphs/graph_n4_d0.75_id2.gpickle",
        "id": 2,
        "n_vertices": 4,
        "seed": 363457
    },
    "metrics": {
        "all_trajectories": [
            [
                [
                    1.0464717834944433,
                    2.335484148271462,
                    0.8668592456541097,
                    5.568055345079082
                ],
                [
                    2.216402774275997,
                    2.2327115131281268,
                    0.29397812104324195,
                    4.7728393612719895
                ],
                [
                    2.216402774275997,
                    2.2327115131281268,
                    0.29397812104324195,
                    4.7728393612719895
                ],
                [
                    2.216402774275997,
                    2.2327115131281268,
                    0.29397812104324195,
                    4.7728393612719895
                ],
                [
                    2.0107737476811134,
                    2.21666397535358,
                    0.158521265262,
                    4.8129718938967185
                ],
                [
                    2.0103681332415593,
                    2.1671599570966382,
                    0.16540278397859337,
                    4.814325538420204
                ],
                [
                    1.9443969972567703,
                    2.1691165268468833,
                    0.21718215225323032,
                    4.759893212796835
                ],
                [
                    1.9443969972567703,
                    2.1691165268468833,
                    0.21718215225323032,
                    4.759893212796835
                ],
                [
                    1.9443969972567703,
                    2.1691165268468833,
                    0.21718215225323032,
                    4.759893212796835
                ],
                [
                    1.9443969972567703,
                    2.1691165268468833,
                    0.21718215225323032,
                    4.759893212796835
                ],
                [
                    1.9443969972567703,
                    2.1691165268468833,
                    0.21718215225323032,
                    4.759893212796835
                ],
                [
                    1.9443969972567703,
                    2.1691165268468833,
                    0.21718215225323032,
                    4.759893212796835
                ],
                [
                    1.9443969972567703,
                    2.1691165268468833,
                    0.21718215225323032,
                    4.759893212796835
                ],
                [
                    1.9443969972567703,
                    2.1691165268468833,
                    0.21718215225323032,
                    4.759893212796835
                ],
                [
                    1.9443969972567703,
                    2.1691165268468833,
                    0.21718215225323032,
                    4.759893212796835
                ],
                [
                    1.9443969972567703,
                    2.1691165268468833,
                    0.21718215225323032,
                    4.759893212796835
                ],
                [
                    1.9443969972567703,
                    2.1691165268468833,
                    0.21718215225323032,
                    4.759893212796835
                ],
                [
                    1.9443969972567703,
                    2.1691165268468833,
                    0.21718215225323032,
                    4.759893212796835
                ],
                [
                    1.9443969972567703,
                    2.1691165268468833,
                    0.21718215225323032,
                    4.759893212796835
                ],
                [
                    1.9443969972567703,
                    2.1691165268468833,
                    0.21718215225323032,
                    4.759893212796835
                ]
            ]
        ],
        "approximation_ratio": 1.0,
        "circuit_depth": 12,
        "num_parameters": 0,
        "optimization_history": {
            "fun": [
                -2.8310546875,
                -3.1572265625,
                -2.9599609375,
                -2.0576171875,
                -1.630859375,
                -3.3095703125,
                -0.4453125,
                -2.3779296875,
                -3.0078125,
                -3.6083984375,
                -2.4814453125,
                -3.623046875,
                -3.6767578125,
                -3.6318359375,
                -3.6181640625,
                -3.2626953125,
                -3.5849609375,
                -3.642578125,
                -3.58203125,
                -3.64453125,
                -3.6318359375,
                -3.6396484375,
                -3.6298828125,
                -3.626953125,
                -3.6181640625,
                -3.5869140625,
                -3.6357421875,
                -3.6376953125,
                -3.6396484375,
                -3.6416015625,
                -3.650390625,
                -3.64453125,
                -3.6142578125,
                -3.642578125,
                -3.65625,
                -3.66015625,
                -3.5986328125
            ],