{
    "exact_max_cut_value": 3,
    "graph_metadata": {
        "density_edges": 0.5,
        "filepath": "data/generated_graphs/graph_n4_d0.50_id7.gpickle",
        "id": 7,
        "n_vertices": 4,
        "seed": 985244
    },
    "metrics": {
        "all_trajectories": [
            [
                [
                    2.468678045947502,
                    0.12058287201609022
                ],
                [
                    2.590504217822502,
                    0.22898130951609022
                ],
                [
                    2.731861639697502,
                    0.3866961532660902
                ],
                [
                    2.749683905322502,
                    0.4684832626410902
                ],
                [
                    2.741871405322502,
                    0.4648211532660902
                ]
            ]
        ],
        "approximation_ratio": 1.0,
        "circuit_depth": 5,
        "num_parameters": 0,
        "optimization_history": {
            "fun": [
                -1.673828125,
                -1.8564453125,
                -1.369140625,
                -1.8125,
                -1.37890625,
                -1.9873046875,
                -2.0927734375,
                -1.52734375,
                -2.1845703125,
                -1.5537109375,
                -2.3564453125,
                -2.12890625,
                -2.0576171875,
                -2.3271484375,
                -2.0,
                -2.3525390625,
                -2.056640625,
                -2.087890625,
                -2.177734375,
                -2.1923828125,
                -2.380859375,
                -2.10546875,
                -2.10546875,
                -2.1787109375,
                -2.1787109375,
                -2.3740234375
            ],
            "params": [
                [
                    2.468678045947502,
                    0.12058287201609022
                ],
                [
                    2.668678045947502,
                    0.12058287201609022
                ],
                [
                    2.2686780459475018,
                    0.12058287201609022
                ],
                [
                    2.468678045947502,
                    0.32058287201609026
                ],
                [
                    2.468678045947502,
                    -0.07941712798390979
                ],
                [
                    2.590504217822502,
                    0.22898130951609022
                ],
                [
                    2.790504217822502,
                    0.22898130951609022
                ],
                [
                    2.3905042178225018,
                    0.22898130951609022
                ],
                [
                    2.590504217822502,
                    0.42898130951609026
                ],
                [
                    2.590504217822502,
                    0.02898130951609021
                ],
                [
                    2.731861639697502,
                    0.3866961532660902
                ],
                [
                    2.931861639697502,
                    0.3866961532660902
                ],
                [
                    2.5318616396975018,
                    0.3866961532660902
                ],
                [
                    2.731861639697502,
                    0.5866961532660901
                ],
                [
                    2.731861639697502,
                    0.18669615326609018
                ],
                [
                    2.749683905322502,
                    0.4684832626410902
                ],
                [
                    2.949683905322502,
                    0.4684832626410902
                ],
                [
                    2.5496839053225018,
                    0.4684832626410902
                ],
                [
                    2.749683905322502,
                    0.6684832626410901
                ],
                [
                    2.749683905322502,
                    0.2684832626410902
                ],
                [
                    2.741871405322502,
                    0.4648211532660902
                ],
                [
                    2.941871405322502,
                    0.4648211532660902
                ],
                [
                    2.5418714053225018,
                    0.4648211532660902
                ],
                [
                    2.741871405322502,
                    0.6648211532660901
                ],
                [
                    2.741871405322502,
                    0.2648211532660902
                ],
                [
                    2.741871405322502,
                    0.4648211532660902
                ]
            ]
        },
        "optimization_iterations": 5,
        "qaoa_cut_value": 3,
        "termination_reason": "[Run 1] converged: gradient norm (0.000000) < tol (1e-05)",
        "total_shots": 1024,
        "trajectory_params": [
            [
                2.468678045947502,
                0.12058287201609022
            ],
            [
                2.590504217822502,
                0.22898130951609022
            ],
            [
                2.731861639697502,
                0.3866961532660902
            ],
            [
                2.749683905322502,
                0.4684832626410902
            ],
            [
                2.741871405322502,
                0.4648211532660902
            ]
        ]
    },
    "qaoa_config": {
        "encoding": "binary",
        "mixer": "standard",
        "optimizer": "GD_vanilla_1",
        "p_value": 1
    },
    "qaoa_results": {
        "best_measured_bitstring": "1001",
        "best_measured_cut_value": 3,
        "optimal_params": [
            2.741871405322502,
            0.4648211532660902
        ],
        "qaoa_expected_cut_value": 2.375,
        "quasi_distribution": {
            "0000": 0.013671875,
            "0010": 0.0634765625,
            "0011": 0.0166015625,
            "0101": 0.1201171875,
            "0110": 0.2236328125,
            "0111": 0.068359375,
            "1000": 0.0546875,
            "1001": 0.2353515625,
            "1010": 0.1181640625,
            "1100": 0.0166015625,
            "1101": 0.0576171875,
            "1111": 0.01171875
        }
    }
}