{
    "exact_max_cut_value": 10,
    "graph_metadata": {
        "density_edges": 0.5,
        "filepath": "data/generated_graphs/graph_n8_d0.50_id6.gpickle",
        "id": 6,
        "n_vertices": 8,
        "seed": 29012
    },
    "metrics": {
        "all_trajectories": [
            [
                [
                    2.2306370094520123,
                    0.7441591763447913
                ],
                [
                    4.185857986783336,
                    2.0400525430602183
                ],
                [
                    4.185857986783336,
                    2.0400525430602183
                ],
                [
                    4.086778330253836,
                    1.9638408532613685
                ],
                [
                    4.086778330253836,
                    1.9638408532613685
                ],
                [
                    4.098660145854774,
                    1.8645492501016587
                ],
                [
                    4.021014084068102,
                    1.8015326722112317
                ],
                [
                    4.021014084068102,
                    1.8015326722112317
                ],
                [
                    4.021014084068102,
                    1.8015326722112317
                ],
                [
                    4.021014084068102,
                    1.8015326722112317
                ],
                [
                    4.021014084068102,
                    1.8015326722112317
                ],
                [
                    4.021014084068102,
                    1.8015326722112317
                ],
                [
                    4.021014084068102,
                    1.8015326722112317
                ],
                [
                    4.021014084068102,
                    1.8015326722112317
                ],
                [
                    4.021014084068102,
                    1.8015326722112317
                ],
                [
                    4.021014084068102,
                    1.8015326722112317
                ],
                [
                    4.021014084068102,
                    1.8015326722112317
                ],
                [
                    4.021014084068102,
                    1.8015326722112317
                ],
                [
                    4.021014084068102,
                    1.8015326722112317
                ]
            ]
        ],
        "approximation_ratio": 1.0,
        "circuit_depth": 10,
        "num_parameters": 0,
        "optimization_history": {
            "fun": [
                -6.21484375,
                -6.794921875,
                -6.974609375,
                -7.361328125,
                -7.1328125,
                -6.4677734375,
                -7.5283203125,
                -7.2548828125,
                -7.416015625,
                -7.599609375,
                -7.609375,
                -7.2294921875,
                -7.5224609375,
                -7.474609375,
                -7.552734375,
                -7.5185546875,
                -7.513671875,
                -7.5966796875,
                -7.6064453125,
                -7.4921875,
                -7.51171875,
                -7.5302734375,
                -7.49609375,
                -7.568359375,
                -7.5615234375,
                -7.5869140625,
                -7.5810546875,
                -7.599609375,
                -7.5849609375,
                -7.5361328125,
                -7.5234375
            ],
            "params": [
                [
                    2.2306370094520123,
                    0.7441591763447913
                ],
                [
                    3.2306370094520123,
                    0.7441591763447913
                ],
                [
                    3.2306370094520123,
                    1.7441591763447915
                ],
                [
                    4.185857986783336,
                    2.0400525430602183
                ],
                [
                    5.075036194538931,
                    2.497613593470488
                ],
                [
                    3.881011227587937,
                    2.4363711691782224
                ],
                [
                    4.086778330253836,
                    1.9638408532613685
                ],
                [
                    4.090215320209769,
                    1.7138644801777452
                ],
                [
                    4.056293654334295,
                    2.0034727158731687
                ],
                [
                    4.098660145854774,
                    1.8645492501016587
                ],
                [
                    4.021014084068102,
                    1.8015326722112317
                ],
                [
                    4.073913035884661,
                    1.716669836430724
                ],
                [
                    3.9885291284577287,
                    1.8395422454657695
                ],
                [
                    4.035656592658255,
                    1.781269480404725
                ],
                [
                    4.016961445706801,
                    1.798604170493201
                ],
                [
                    4.02581624459063,
                    1.8103041746091033
                ],
                [
                    4.016628332869166,
                    1.8039337524724959
                ],
                [
                    4.02688015768054,
                    1.7934339574753335
                ],
                [
                    4.01664615189496,
                    1.7990993270793536
                ],
                [
                    4.020405747785133,
                    1.802624655254517
                ],
                [
                    4.022244382393053,
                    1.7993563528340208
                ],
                [
                    4.021449347943544,
                    1.8017787318762217
                ],
                [
                    4.020050969803838,
                    1.8012635794503296
                ],
                [
                    4.020879537687651,
                    1.802014229343364
                ],
                [
                    4.021951976423237,
                    1.801185745806674
                ],
                [
                    4.021099538684229,
                    1.8020253156000867
                ],
                [
                    4.020890923220888,
                    1.8015540358652635
                ],
                [
                    4.021247392120398,
                    1.8014428537680598
                ],
                [
                    4.020930056619366,
                    1.80147845608947
                ],
                [
                    4.020986976007221,
                    1.8015746859355999
                ],
                [
                    4.0210813765486595,
                    1.8014587011218763
                ]
            ]
        },
        "optimization_iterations": 31,
        "qaoa_cut_value": 10,
        "termination_reason": "Return from COBYLA because the trust region radius reaches its lower bound.",
        "total_shots": 1024,