{
    "exact_max_cut_value": 10,
    "graph_metadata": {
        "density_edges": 0.5,
        "filepath": "data/generated_graphs/graph_n8_d0.50_id9.gpickle",
        "id": 9,
        "n_vertices": 8,
        "seed": 450518
    },
    "metrics": {
        "all_trajectories": [
            [
                [
                    2.175214324452729,
                    5.627629024549643
                ],
                [
                    3.453105791269751,
                    4.667016546663642
                ],
                [
                    3.453105791269751,
                    4.667016546663642
                ],
                [
                    3.453105791269751,
                    4.667016546663642
                ],
                [
                    3.453105791269751,
                    4.667016546663642
                ],
                [
                    3.453105791269751,
                    4.667016546663642
                ],
                [
                    3.453105791269751,
                    4.667016546663642
                ],
                [
                    3.453105791269751,
                    4.667016546663642
                ],
                [
                    3.453105791269751,
                    4.667016546663642
                ],
                [
                    3.4506034392531855,
                    4.662687778434089
                ],
                [
                    3.4506034392531855,
                    4.662687778434089
                ],
                [
                    3.4506034392531855,
                    4.662687778434089
                ],
                [
                    3.4506034392531855,
                    4.662687778434089
                ],
                [
                    3.4506034392531855,
                    4.662687778434089
                ],
                [
                    3.4506034392531855,
                    4.662687778434089
                ],
                [
                    3.4506034392531855,
                    4.662687778434089
                ],
                [
                    3.4504194174188316,
                    4.662857000077152
                ],
                [
                    3.4504194174188316,
                    4.662857000077152
                ],
                [
                    3.4504194174188316,
                    4.662857000077152
                ]
            ]
        ],
        "approximation_ratio": 1.0,
        "circuit_depth": 13,
        "num_parameters": 0,
        "optimization_history": {
            "fun": [
                -6.36328125,
                -6.521484375,
                -5.974609375,
                -6.5615234375,
                -6.5283203125,
                -6.5009765625,
                -6.5283203125,
                -6.4716796875,
                -6.4765625,
                -6.5009765625,
                -6.4580078125,
                -6.5234375,
                -6.3837890625,
                -6.3974609375,
                -6.4990234375,
                -6.572265625,
                -6.546875,
                -6.4931640625,
                -6.490234375,
                -6.3671875,
                -6.55078125,
                -6.5,
                -6.4599609375,
                -6.595703125,
                -6.4453125,
                -6.4091796875,
                -6.4384765625,
                -6.53125,
                -6.46484375
            ],
            "params": [
                [
                    2.175214324452729,
                    5.627629024549643
                ],
                [
                    3.175214324452729,
                    5.627629024549643
                ],
                [
                    3.175214324452729,
                    6.627629024549643
                ],
                [
                    3.453105791269751,
                    4.667016546663642
                ],
                [
                    4.452772567057834,
                    4.69283005834761
                ],
                [
                    3.187618285980551,
                    4.243322807583965
                ],
                [
                    3.398130672948284,
                    4.910897124745499
                ],
                [
                    3.501881906886122,
                    4.678011570327935
                ],
                [
                    3.3574398734839375,
                    4.637895554678512
                ],
                [
                    3.4676662872623156,
                    4.619183587770735
                ],
                [
                    3.4842125648934124,
                    4.762055321038769
                ],
                [
                    3.4862191928224435,
                    4.629553196071227
                ],
                [
                    3.4607506681160607,
                    4.69081898053089
                ],
                [
                    3.4483453044963013,
                    4.668545522032904
                ],
                [
                    3.4617633277288578,
                    4.662011842630511
                ],
                [
                    3.4506034392531855,
                    4.662687778434089
                ],
                [
                    3.4407891950122584,
                    4.664606270023706
                ],
                [
                    3.452939821711458,
                    4.658267222246382
                ],
                [
                    3.448317940611555,
                    4.663700939802828
                ],
                [
                    3.4514351006949946,
                    4.662132495401566
                ],
                [
                    3.450325797736924,
                    4.662271947713184
                ],
                [
                    3.4499033253507467,
                    4.663401809612408
                ],
                [
                    3.4511004062942954,
                    4.662632789707512
                ],
                [
                    3.4504194174188316,
                    4.662857000077152
                ],
                [
                    3.450293322383629,
                    4.663072870506108
                ],
                [
                    3.4503762433330407,
                    4.662831781070111
                ],
                [
                    3.4505126940657886,
                    4.6628930481996065
                ],
                [
                    3.4504374414800587,
                    4.662810361753674
                ],
                [
                    3.4503244298909226,
                    4.6628882629871535
                ]
            ]
        },
        "optimization_iterations": 29,
        "qaoa_cut_value": 10,
        "termination_reason": "Return from COBYLA because the trust region radius reaches its lower bound.",
        "total_shots": 1024,