{
    "exact_max_cut_value": 15,
    "graph_metadata": {
        "density_edges": 0.75,
        "filepath": "data/generated_graphs/graph_n8_d0.75_id8.gpickle",
        "id": 8,
        "n_vertices": 8,
        "seed": 822658
    },
    "metrics": {
        "all_trajectories": [
            [
                [
                    5.1743079251060475,
                    2.889645637233216
                ],
                [
                    5.1743079251060475,
                    2.889645637233216
                ],
                [
                    5.1743079251060475,
                    2.889645637233216
                ],
                [
                    4.92575688463464,
                    2.862768504190781
                ],
                [
                    4.92575688463464,
                    2.862768504190781
                ],
                [
                    4.992968533763054,
                    2.9368130463356215
                ],
                [
                    4.992968533763054,
                    2.9368130463356215
                ],
                [
                    4.992968533763054,
                    2.9368130463356215
                ],
                [
                    4.982170246949417,
                    2.9593607070100783
                ],
                [
                    4.986679779084309,
                    2.9615203643728054
                ],
                [
                    4.986679779084309,
                    2.9615203643728054
                ],
                [
                    4.988900606417361,
                    2.9517700861225826
                ],
                [
                    4.988900606417361,
                    2.9517700861225826
                ],
                [
                    4.988900606417361,
                    2.9517700861225826
                ],
                [
                    4.988667736958047,
                    2.9542592168573814
                ],
                [
                    4.988667736958047,
                    2.9542592168573814
                ],
                [
                    4.988667736958047,
                    2.9542592168573814
                ],
                [
                    4.988667736958047,
                    2.9542592168573814
                ],
                [
                    4.98846895908046,
                    2.9538004278477246
                ],
                [
                    4.98846895908046,
                    2.9538004278477246
                ],
                [
                    4.98846895908046,
                    2.9538004278477246
                ],
                [
                    4.98846895908046,
                    2.9538004278477246
                ]
            ]
        ],
        "approximation_ratio": 1.0,
        "circuit_depth": 13,
        "num_parameters": 0,
        "optimization_history": {
            "fun": [
                -11.5390625,
                -9.5205078125,
                -10.8232421875,
                -10.2490234375,
                -8.6552734375,
                -12.46484375,
                -10.70703125,
                -12.203125,
                -12.7001953125,
                -12.423828125,
                -12.5048828125,
                -12.7177734375,
                -12.7109375,
                -12.73046875,
                -12.7021484375,
                -12.7041015625,
                -12.7509765625,
                -12.6982421875,
                -12.7392578125,
                -12.716796875,
                -12.7880859375,
                -12.78125,
                -12.78125,
                -12.75,
                -12.740234375,
                -12.712890625,
                -12.806640625,
                -12.7021484375,
                -12.7392578125,
                -12.720703125,
                -12.748046875,
                -12.650390625
            ],
            "params": [
                [
                    5.1743079251060475,
                    2.889645637233216
                ],
                [
                    6.1743079251060475,
                    2.889645637233216
                ],
                [
                    5.1743079251060475,
                    3.889645637233216
                ],
                [
                    4.231815299426787,
                    2.55541869256805
                ],
                [
                    5.631770075066509,
                    2.6878328988999973
                ],
                [
                    4.92575688463464,
                    2.862768504190781
                ],
                [
                    4.680436858364856,
                    2.8146220119925704
                ],
                [
                    4.935386183074282,
                    2.8137044989368243
                ],
                [
                    4.992968533763054,
                    2.9368130463356215
                ],
                [
                    4.95627889045288,
                    3.0298392258431783
                ],
                [
                    5.041646123063484,
                    2.9253897237060786
                ],
                [
                    4.982170246949417,
                    2.9593607070100783
                ],
                [
                    4.958212805631861,
                    2.9522164081980278
                ],
                [
                    4.986679779084309,
                    2.9615203643728054
                ],
                [
                    4.9942189873373,
                    2.9680900172493305
                ],
                [
                    4.983394952646046,
                    2.965289968499301
                ],
                [
                    4.988900606417361,
                    2.9517700861225826
                ],
                [
                    4.983450125645085,
                    2.9433860382129478
                ],
                [
                    4.993900455185868,
                    2.9518089743220606
                ],
                [
                    4.98891032846723,
                    2.9505201239304557
                ],
                [
                    4.988667736958047,
                    2.9542592168573814
                ],
                [
                    4.9882548512639335,
                    2.956724886219562
                ],
                [
                    4.988174603085611,
                    2.954176639718559
                ],
                [
                    4.989667241468359,
                    2.954227740932212
                ],
                [
                    4.988651998995462,
                    2.9537594646022254
                ],
                [
                    4.988327409905084,
                    2.9551995239864737
                ],
                [
                    4.98846895908046,
                    2.9538004278477246
                ],
                [
                    4.988041685126933,
                    2.9535407415588337
                ],
                [
                    4.988533880652683,
                    2.953693609359343
                ],
                [
                    4.988425118253192,
                    2.954046553794883
                ],
                [
                    4.98837403034248,
                    2.9537689868759576
                ],
                [
                    4.988506568213232,
                    2.9538930861076484
                ]
            ]
        },
        "optimization_iterations": 32,
        "qaoa_cut_value": 15,
        "termination_reason": "Return from COBYLA because the trust region radius reaches its lower bound.",
        "total_shots": 1024,