{
    "exact_max_cut_value": 14,
    "graph_metadata": {
        "density_edges": 0.75,
        "filepath": "data/generated_graphs/graph_n8_d0.75_id5.gpickle",
        "id": 5,
        "n_vertices": 8,
        "seed": 347175
    },
    "metrics": {
        "all_trajectories": [
            [
                [
                    0.5166864499916369,
                    0.629834487816806
                ],
                [
                    0.4247695257745935,
                    2.6256011668347763
                ],
                [
                    0.4247695257745935,
                    2.6256011668347763
                ],
                [
                    0.4247695257745935,
                    2.6256011668347763
                ],
                [
                    0.8912425091126797,
                    2.8056093772465953
                ],
                [
                    0.8912425091126797,
                    2.8056093772465953
                ],
                [
                    0.43375843548885257,
                    3.007372412465014
                ],
                [
                    0.43375843548885257,
                    3.007372412465014
                ],
                [
                    0.43375843548885257,
                    3.007372412465014
                ],
                [
                    0.43375843548885257,
                    3.007372412465014
                ],
                [
                    0.43022871854281175,
                    3.0193637050675997
                ],
                [
                    0.43022871854281175,
                    3.0193637050675997
                ],
                [
                    0.43022871854281175,
                    3.0193637050675997
                ],
                [
                    0.43022871854281175,
                    3.0193637050675997
                ],
                [
                    0.43022871854281175,
                    3.0193637050675997
                ],
                [
                    0.43022871854281175,
                    3.0193637050675997
                ],
                [
                    0.43022871854281175,
                    3.0193637050675997
                ],
                [
                    0.4303016618280481,
                    3.0194652150530144
                ],
                [
                    0.4303016618280481,
                    3.0194652150530144
                ],
                [
                    0.4303016618280481,
                    3.0194652150530144
                ]
            ]
        ],
        "approximation_ratio": 1.0,
        "circuit_depth": 17,
        "num_parameters": 0,
        "optimization_history": {
            "fun": [
                -9.3935546875,
                -9.3876953125,
                -9.45703125,
                -9.666015625,
                -9.5791015625,
                -9.1650390625,
                -9.9560546875,
                -7.5263671875,
                -10.115234375,
                -8.9267578125,
                -10.0830078125,
                -9.970703125,
                -9.72265625,
                -9.9638671875,
                -10.1845703125,
                -10.0263671875,
                -10.1015625,
                -10.1044921875,
                -10.0888671875,
                -10.1240234375,
                -10.1455078125,
                -9.9755859375,
                -10.0869140625,
                -10.1611328125,
                -10.2255859375,
                -10.03125,
                -10.0869140625,
                -10.1513671875,
                -10.1103515625,
                -10.1552734375
            ],
            "params": [
                [
                    0.5166864499916369,
                    0.629834487816806
                ],
                [
                    1.5166864499916368,
                    0.629834487816806
                ],
                [
                    0.5166864499916369,
                    1.6298344878168058
                ],
                [
                    0.4247695257745935,
                    2.6256011668347763
                ],
                [
                    1.5613914569280114,
                    4.271228884643721
                ],
                [
                    -0.4576085289391778,
                    3.0961423112201967
                ],
                [
                    0.8912425091126797,
                    2.8056093772465953
                ],
                [
                    1.7877316598537614,
                    3.248675063802815
                ],
                [
                    0.43375843548885257,
                    3.007372412465014
                ],
                [
                    0.3618452508801982,
                    3.2468061065839526
                ],
                [
                    0.38587169666506477,
                    2.992989775543283
                ],
                [
                    0.47513009956637564,
                    2.916331842324792
                ],
                [
                    0.44406362365107915,
                    3.106840010691477
                ],
                [
                    0.38579326507850875,
                    2.993253544680851
                ],
                [
                    0.43022871854281175,
                    3.0193637050675997
                ],
                [
                    0.4355214119345576,
                    3.043797030601816
                ],
                [
                    0.42543220150177735,
                    3.017951818289183
                ],
                [
                    0.4384324807381267,
                    3.02508194656676
                ],
                [
                    0.4253363604786153,
                    3.0203956123171585
                ],
                [
                    0.4299707417304221,
                    3.0181406155515504
                ],
                [
                    0.43160755637056003,
                    3.0214490842285127
                ],
                [
                    0.4293479257486776,
                    3.019837206972349
                ],
                [
                    0.43122871643358085,
                    3.0193616511792523
                ],
                [
                    0.4298226786011522,
                    3.019655478208545
                ],
                [
                    0.4303016618280481,
                    3.0194652150530144
                ],
                [
                    0.43047479352423745,
                    3.0196455630936874
                ],
                [
                    0.4303377314361827,
                    3.0194305887137767
                ],
                [
                    0.43021350942892167,
                    3.019512428976048
                ],
                [
                    0.4302780548665311,
                    3.0194211388534513
                ],
                [
                    0.4303736243744941,
                    3.0195346512964973
                ]
            ]
        },
        "optimization_iterations": 30,
        "qaoa_cut_value": 14,
        "termination_reason": "Return from COBYLA because the trust region radius reaches its lower bound.",
        "total_shots": 1024,