{
    "exact_max_cut_value": 3,
    "graph_metadata": {
        "density_edges": 0.75,
        "filepath": "data/generated_graphs/graph_n4_d0.75_id6.gpickle",
        "id": 6,
        "n_vertices": 4,
        "seed": 948904
    },
    "metrics": {
        "all_trajectories": [
            [
                [
                    2.7460722379548845,
                    5.556664020912466
                ],
                [
                    4.3458398571533845,
                    4.756489788035049
                ],
                [
                    5.345837587928204,
                    4.758620150729863
                ],
                [
                    5.345837587928204,
                    4.758620150729863
                ],
                [
                    5.345837587928204,
                    4.758620150729863
                ],
                [
                    5.354239447097806,
                    4.8079091836123835
                ],
                [
                    5.354239447097806,
                    4.8079091836123835
                ],
                [
                    5.354239447097806,
                    4.8079091836123835
                ],
                [
                    5.354239447097806,
                    4.8079091836123835
                ],
                [
                    5.354239447097806,
                    4.8079091836123835
                ],
                [
                    5.354239447097806,
                    4.8079091836123835
                ],
                [
                    5.354239447097806,
                    4.8079091836123835
                ],
                [
                    5.354239447097806,
                    4.8079091836123835
                ],
                [
                    5.354239447097806,
                    4.8079091836123835
                ],
                [
                    5.354239447097806,
                    4.8079091836123835
                ],
                [
                    5.354239447097806,
                    4.8079091836123835
                ],
                [
                    5.354239447097806,
                    4.8079091836123835
                ],
                [
                    5.354239447097806,
                    4.8079091836123835
                ]
            ]
        ],
        "approximation_ratio": 1.0,
        "circuit_depth": 5,
        "num_parameters": 0,
        "optimization_history": {
            "fun": [
                -1.3076171875,
                -1.7109375,
                -1.1728515625,
                -1.9521484375,
                -2.025390625,
                -1.6396484375,
                -1.9599609375,
                -1.9853515625,
                -2.013671875,
                -2.08203125,
                -2.0390625,
                -2.0146484375,
                -1.9755859375,
                -2.01171875,
                -2.0390625,
                -1.9638671875,
                -2.0478515625,
                -2.03515625,
                -1.9912109375,
                -1.97265625,
                -1.9755859375,
                -1.970703125,
                -2.0556640625,
                -1.9931640625,
                -1.9755859375,
                -2.072265625,
                -2.0087890625,
                -2.0771484375,
                -2.0078125
            ],
            "params": [
                [
                    2.7460722379548845,
                    5.556664020912466
                ],
                [
                    3.7460722379548845,
                    5.556664020912466
                ],
                [
                    3.7460722379548845,
                    6.556664020912466
                ],
                [
                    4.3458398571533845,
                    4.756489788035049
                ],
                [
                    5.345837587928204,
                    4.758620150729863
                ],
                [
                    5.632899244840222,
                    3.800708043524339
                ],
                [
                    5.429856179624215,
                    5.251510479555068
                ],
                [
                    5.469060170134505,
                    4.73761550280586
                ],
                [
                    5.101809092769893,
                    4.704305387076045
                ],
                [
                    5.354239447097806,
                    4.8079091836123835
                ],
                [
                    5.343587023502961,
                    4.907340194225552
                ],
                [
                    5.30902398618163,
                    4.786565282981575
                ],
                [
                    5.359575422255508,
                    4.79660531838334
                ],
                [
                    5.34723252804638,
                    4.831907164473422
                ],
                [
                    5.3590390432700135,
                    4.809310567422669
                ],
                [
                    5.345988172459788,
                    4.802259717544868
                ],
                [
                    5.357064180131563,
                    4.803783546293375
                ],
                [
                    5.358552669591119,
                    4.8169311629807465
                ],
                [
                    5.358386442508198,
                    4.805115900764876
                ],
                [
                    5.351791665203326,
                    4.8084174786025775
                ],
                [
                    5.3541377880997665,
                    4.807419627233488
                ],
                [
                    5.354635696550595,
                    4.808827326504947
                ],
                [
                    5.354698518544088,
                    4.807711058885989
                ],
                [
                    5.3534882970388535,
                    4.807249052118713
                ],
                [
                    5.354241105251783,
                    4.808409180862902
                ],
                [
                    5.354114447785176,
                    4.807909598150878
                ],
                [
                    5.354324795226166,
                    4.807674203406865
                ],
                [
                    5.354262118210877,
                    4.808006579816786
                ],
                [
                    5.354314654718792,
                    4.8078432759971514
                ]
            ]
        },
        "optimization_iterations": 29,
        "qaoa_cut_value": 3,
        "termination_reason": "Return from COBYLA because the trust region radius reaches its lower bound.",
        "total_shots": 1024,