{
    "exact_max_cut_value": 6,
    "graph_metadata": {
        "density_edges": 0.1,
        "filepath": "data/generated_graphs/graph_n8_d0.10_id0.gpickle",
        "id": 0,
        "n_vertices": 8,
        "seed": 133288
    },
    "metrics": {
        "all_trajectories": [
            [
                [
                    1.5902754013856866,
                    3.7047010582992645
                ],
                [
                    3.2695746234182077,
                    5.4385624668404215
                ],
                [
                    2.539172290910319,
                    6.121579620846846
                ],
                [
                    2.539172290910319,
                    6.121579620846846
                ],
                [
                    2.539172290910319,
                    6.121579620846846
                ],
                [
                    2.4664559414750338,
                    6.019906947405033
                ],
                [
                    2.4257868720983087,
                    6.048993487179147
                ],
                [
                    2.4257868720983087,
                    6.048993487179147
                ],
                [
                    2.4257868720983087,
                    6.048993487179147
                ],
                [
                    2.410297284833269,
                    6.029370218176284
                ],
                [
                    2.3942335589925463,
                    6.010214103953559
                ],
                [
                    2.3942335589925463,
                    6.010214103953559
                ],
                [
                    2.3942335589925463,
                    6.010214103953559
                ],
                [
                    2.3942335589925463,
                    6.010214103953559
                ],
                [
                    2.3942335589925463,
                    6.010214103953559
                ],
                [
                    2.3942335589925463,
                    6.010214103953559
                ],
                [
                    2.3942335589925463,
                    6.010214103953559
                ],
                [
                    2.3942335589925463,
                    6.010214103953559
                ],
                [
                    2.3942335589925463,
                    6.010214103953559
                ],
                [
                    2.3942335589925463,
                    6.010214103953559
                ],
                [
                    2.3942335589925463,
                    6.010214103953559
                ]
            ]
        ],
        "approximation_ratio": 1.0,
        "circuit_depth": 9,
        "num_parameters": 0,
        "optimization_history": {
            "fun": [
                -2.486328125,
                -2.7294921875,
                -2.9921875,
                -2.994140625,
                -3.4716796875,
                -2.970703125,
                -3.2255859375,
                -2.345703125,
                -3.658203125,
                -3.4306640625,
                -3.66015625,
                -3.640625,
                -3.6201171875,
                -3.6728515625,
                -3.857421875,
                -3.8369140625,
                -3.6513671875,
                -3.8369140625,
                -3.822265625,
                -3.693359375,
                -3.7578125,
                -3.716796875,
                -3.6337890625,
                -3.7216796875,
                -3.8271484375,
                -3.728515625,
                -3.7119140625,
                -3.7861328125,
                -3.7470703125,
                -3.7314453125,
                -3.69921875
            ],
            "params": [
                [
                    1.5902754013856866,
                    3.7047010582992645
                ],
                [
                    2.5902754013856866,
                    3.7047010582992645
                ],
                [
                    2.5902754013856866,
                    4.704701058299264
                ],
                [
                    3.2695746234182077,
                    5.4385624668404215
                ],
                [
                    2.539172290910319,
                    6.121579620846846
                ],
                [
                    1.0770183869913608,
                    7.486169654979642
                ],
                [
                    3.421752102867644,
                    6.591742226256265
                ],
                [
                    2.132481597143068,
                    6.412445018587986
                ],
                [
                    2.4664559414750338,
                    6.019906947405033
                ],
                [
                    2.5556339541880657,
                    5.7863533517389545
                ],
                [
                    2.4257868720983087,
                    6.048993487179147
                ],
                [
                    2.3655051735339327,
                    5.969205538100394
                ],
                [
                    2.446381336484933,
                    6.094555182018431
                ],
                [
                    2.410297284833269,
                    6.029370218176284
                ],
                [
                    2.3942335589925463,
                    6.010214103953559
                ],
                [
                    2.3844218721836357,
                    5.961186246546124
                ],
                [
                    2.369852162724037,
                    6.015741084684295
                ],
                [
                    2.397743014387858,
                    6.000850145237913
                ],
                [
                    2.3895515796347233,
                    6.008459376255903
                ],
                [
                    2.4022403118488787,
                    6.01620508957344
                ],
                [
                    2.38938064185965,
                    6.0090102786750235
                ],
                [
                    2.3939326026729124,
                    6.011427333236783
                ],
                [
                    2.395249353051149,
                    6.007929774198356
                ],
                [
                    2.3941984556635156,
                    6.011213487641784
                ],
                [
                    2.394733250836659,
                    6.010231655618075
                ],
                [
                    2.3938585114971387,
                    6.009287098356926
                ],
                [
                    2.3940477621800023,
                    6.010678301696389
                ],
                [
                    2.394117509556839,
                    6.010167654750423
                ],
                [
                    2.394482522126702,
                    6.010191358452216
                ],
                [
                    2.394214979311292,
                    6.010260523727842
                ],
                [
                    2.3942902977842238,
                    6.010131758889839
                ]
            ]
        },
        "optimization_iterations": 31,
        "qaoa_cut_value": 6,
        "termination_reason": "Return from COBYLA because the trust region radius reaches its lower bound.",
        "total_shots": 1024,